Merging true_to_tag using ['../histos/rdx-26_04_26_04_05-true_to_tag_glacier-2016-no_DLLmu_cut-corrected', '../histos/rdx-26_02_06_13_37-true_to_tag_lxplus-2016-no_DLLmu_cut', '../histos/rdx-26_02_09_06_17-true_to_tag_local-2016-no_DLLmu_cut']...
Copy piTrueToGTag_16 and shift means...
  Working on index: (1, 1, 1)
    Raw mean ± std: 0.0784855 ± 0.0002651. Shifted mean: 0.0784855
  Working on index: (1, 1, 2)
    Raw mean ± std: 0.1634354 ± 0.0005251. Shifted mean: 0.1634354
  Working on index: (1, 2, 1)
    Raw mean ± std: 0.1441282 ± 0.0031208. Shifted mean: 0.1441282
  Working on index: (1, 2, 2)
    Raw mean ± std: 0.2849083 ± 0.0060389. Shifted mean: 0.2849083
  Working on index: (2, 1, 1)
    Raw mean ± std: 0.0688050 ± 0.0001591. Shifted mean: 0.0688050
  Working on index: (2, 1, 2)
    Raw mean ± std: 0.1395048 ± 0.0003040. Shifted mean: 0.1395048
  Working on index: (2, 2, 1)
    Raw mean ± std: 0.1367274 ± 0.0008471. Shifted mean: 0.1367274
  Working on index: (2, 2, 2)
    Raw mean ± std: 0.2539154 ± 0.0016043. Shifted mean: 0.2539154
  Working on index: (3, 1, 1)
    Raw mean ± std: 0.0494132 ± 0.0001126. Shifted mean: 0.0494132
  Working on index: (3, 1, 2)
    Raw mean ± std: 0.1017207 ± 0.0002145. Shifted mean: 0.1017207
  Working on index: (3, 2, 1)
    Raw mean ± std: 0.0832321 ± 0.0004333. Shifted mean: 0.0832321
  Working on index: (3, 2, 2)
    Raw mean ± std: 0.1532709 ± 0.0008049. Shifted mean: 0.1532709
  Working on index: (4, 1, 1)
    Raw mean ± std: 0.0386848 ± 0.0000874. Shifted mean: 0.0386848
  Working on index: (4, 1, 2)
    Raw mean ± std: 0.0825335 ± 0.0001655. Shifted mean: 0.0825335
  Working on index: (4, 2, 1)
    Raw mean ± std: 0.0582556 ± 0.0002405. Shifted mean: 0.0582556
  Working on index: (4, 2, 2)
    Raw mean ± std: 0.1080571 ± 0.0004373. Shifted mean: 0.1080571
  Working on index: (5, 1, 1)
    Raw mean ± std: 0.0229724 ± 0.0000783. Shifted mean: 0.0229724
  Working on index: (5, 1, 2)
    Raw mean ± std: 0.0541817 ± 0.0001475. Shifted mean: 0.0541817
  Working on index: (5, 2, 1)
    Raw mean ± std: 0.0357622 ± 0.0001441. Shifted mean: 0.0357622
  Working on index: (5, 2, 2)
    Raw mean ± std: 0.0706241 ± 0.0002650. Shifted mean: 0.0706241
  Working on index: (6, 1, 1)
    Raw mean ± std: 0.0352907 ± 0.0002155. Shifted mean: 0.0352907
  Working on index: (6, 1, 2)
    Raw mean ± std: 0.0637318 ± 0.0003665. Shifted mean: 0.0637318
  Working on index: (6, 2, 1)
    Raw mean ± std: 0.0502865 ± 0.0002456. Shifted mean: 0.0502865
  Working on index: (6, 2, 2)
    Raw mean ± std: 0.0816121 ± 0.0004105. Shifted mean: 0.0816121
Combining kTrueToMuTag_16...
  Working on index: (1, 1, 1)
    Raw mean ± std: 0.0078885 ± 0.0006831. Shifted mean: 0.0078885
    Raw mean ± std: 0.9211050 ± 0.0007427. Shifted mean: 0.9211050
  Working on index: (1, 1, 2)
    Raw mean ± std: 0.0090445 ± 0.0010038. Shifted mean: 0.0090445
    Raw mean ± std: 0.9002365 ± 0.0011617. Shifted mean: 0.9002365
  Working on index: (1, 2, 1)
    Raw mean ± std: 0.0235309 ± 0.0094618. Shifted mean: 0.0236073
    Raw mean ± std: 0.8892352 ± 0.0112059. Shifted mean: 0.8892352
  Working on index: (1, 2, 2)
    Raw mean ± std: 0.0204300 ± 0.0101163. Shifted mean: 0.0207054
    Raw mean ± std: 0.8473071 ± 0.0341816. Shifted mean: 0.8473069
  Working on index: (2, 1, 1)
    Raw mean ± std: 0.0048525 ± 0.0001645. Shifted mean: 0.0048525
    Raw mean ± std: 0.9450245 ± 0.0002432. Shifted mean: 0.9450245
  Working on index: (2, 1, 2)
    Raw mean ± std: 0.0061029 ± 0.0002453. Shifted mean: 0.0061029
    Raw mean ± std: 0.9273953 ± 0.0003777. Shifted mean: 0.9273953
  Working on index: (2, 2, 1)
    Raw mean ± std: 0.0111109 ± 0.0011521. Shifted mean: 0.0111109
    Raw mean ± std: 0.9345939 ± 0.0012860. Shifted mean: 0.9345939
  Working on index: (2, 2, 2)
    Raw mean ± std: 0.0127439 ± 0.0029196. Shifted mean: 0.0127439
    Raw mean ± std: 0.9030510 ± 0.0037145. Shifted mean: 0.9030510
  Working on index: (3, 1, 1)
    Raw mean ± std: 0.0020599 ± 0.0001221. Shifted mean: 0.0020599
    Raw mean ± std: 0.9738335 ± 0.0001230. Shifted mean: 0.9738335
  Working on index: (3, 1, 2)
    Raw mean ± std: 0.0020887 ± 0.0001640. Shifted mean: 0.0020887
    Raw mean ± std: 0.9670226 ± 0.0002053. Shifted mean: 0.9670226
  Working on index: (3, 2, 1)
    Raw mean ± std: 0.0046594 ± 0.0005737. Shifted mean: 0.0046594
    Raw mean ± std: 0.9681911 ± 0.0006487. Shifted mean: 0.9681911
  Working on index: (3, 2, 2)
    Raw mean ± std: 0.0049457 ± 0.0005187. Shifted mean: 0.0049457
    Raw mean ± std: 0.9524934 ± 0.0007708. Shifted mean: 0.9524934
  Working on index: (4, 1, 1)
    Raw mean ± std: 0.0011964 ± 0.0000815. Shifted mean: 0.0011964
    Raw mean ± std: 0.9826186 ± 0.0000978. Shifted mean: 0.9826186
  Working on index: (4, 1, 2)
    Raw mean ± std: 0.0010392 ± 0.0002342. Shifted mean: 0.0010392
    Raw mean ± std: 0.9808368 ± 0.0001380. Shifted mean: 0.9808368
  Working on index: (4, 2, 1)
    Raw mean ± std: 0.0026155 ± 0.0002453. Shifted mean: 0.0026155
    Raw mean ± std: 0.9793299 ± 0.0003660. Shifted mean: 0.9793299
  Working on index: (4, 2, 2)
    Raw mean ± std: 0.0028526 ± 0.0003252. Shifted mean: 0.0028526
    Raw mean ± std: 0.9697438 ± 0.0003837. Shifted mean: 0.9697438
  Working on index: (5, 1, 1)
    Raw mean ± std: 0.0024169 ± 0.0000664. Shifted mean: 0.0024169
    Raw mean ± std: 0.9882013 ± 0.0001053. Shifted mean: 0.9882013
  Working on index: (5, 1, 2)
    Raw mean ± std: 0.0021571 ± 0.0000646. Shifted mean: 0.0021571
    Raw mean ± std: 0.9877750 ± 0.0001332. Shifted mean: 0.9877750
  Working on index: (5, 2, 1)
    Raw mean ± std: 0.0024302 ± 0.0000942. Shifted mean: 0.0024302
    Raw mean ± std: 0.9893878 ± 0.0001793. Shifted mean: 0.9893878
  Working on index: (5, 2, 2)
    Raw mean ± std: 0.0021424 ± 0.0001304. Shifted mean: 0.0021424
    Raw mean ± std: 0.9858401 ± 0.0002573. Shifted mean: 0.9858401
  Working on index: (6, 1, 1)
    Raw mean ± std: 0.0039264 ± 0.0001491. Shifted mean: 0.0039264
    Raw mean ± std: 0.9910018 ± 0.0002413. Shifted mean: 0.9910018
  Working on index: (6, 1, 2)
    Raw mean ± std: 0.0032234 ± 0.0001689. Shifted mean: 0.0032234
    Raw mean ± std: 0.9910941 ± 0.0003181. Shifted mean: 0.9910941
  Working on index: (6, 2, 1)
    Raw mean ± std: 0.0023760 ± 0.0001077. Shifted mean: 0.0023760
    Raw mean ± std: 0.9918168 ± 0.0001970. Shifted mean: 0.9918168
  Working on index: (6, 2, 2)
    Raw mean ± std: 0.0021546 ± 0.0001586. Shifted mean: 0.0021546
    Raw mean ± std: 0.9894342 ± 0.0002985. Shifted mean: 0.9894342
Combining kTrueToMuTag_16_vmu...
  Working on index: (1, 1, 1)
    Raw mean ± std: 0.0696667 ± 0.0004727. Shifted mean: 0.0696667
    Raw mean ± std: 0.9211050 ± 0.0007427. Shifted mean: 0.9211050
  Working on index: (1, 1, 2)
    Raw mean ± std: 0.0886622 ± 0.0007259. Shifted mean: 0.0886622
    Raw mean ± std: 0.9002365 ± 0.0011617. Shifted mean: 0.9002365
  Working on index: (1, 2, 1)
    Raw mean ± std: 0.0698675 ± 0.0036296. Shifted mean: 0.0698675
    Raw mean ± std: 0.8892352 ± 0.0112059. Shifted mean: 0.8892352
  Working on index: (1, 2, 2)
    Raw mean ± std: 0.1128021 ± 0.0075437. Shifted mean: 0.1128021
    Raw mean ± std: 0.8473071 ± 0.0341816. Shifted mean: 0.8473069
  Working on index: (2, 1, 1)
    Raw mean ± std: 0.0493268 ± 0.0001675. Shifted mean: 0.0493268
    Raw mean ± std: 0.9450245 ± 0.0002432. Shifted mean: 0.9450245
  Working on index: (2, 1, 2)
    Raw mean ± std: 0.0646466 ± 0.0002777. Shifted mean: 0.0646466
    Raw mean ± std: 0.9273953 ± 0.0003777. Shifted mean: 0.9273953
  Working on index: (2, 2, 1)
    Raw mean ± std: 0.0535338 ± 0.0007190. Shifted mean: 0.0535338
    Raw mean ± std: 0.9345939 ± 0.0012860. Shifted mean: 0.9345939
  Working on index: (2, 2, 2)
    Raw mean ± std: 0.0804552 ± 0.0017797. Shifted mean: 0.0804552
    Raw mean ± std: 0.9030510 ± 0.0037145. Shifted mean: 0.9030510
  Working on index: (3, 1, 1)
    Raw mean ± std: 0.0240432 ± 0.0000960. Shifted mean: 0.0240432
    Raw mean ± std: 0.9738335 ± 0.0001230. Shifted mean: 0.9738335
  Working on index: (3, 1, 2)
    Raw mean ± std: 0.0302683 ± 0.0001436. Shifted mean: 0.0302683
    Raw mean ± std: 0.9670226 ± 0.0002053. Shifted mean: 0.9670226
  Working on index: (3, 2, 1)
    Raw mean ± std: 0.0269421 ± 0.0003736. Shifted mean: 0.0269421
    Raw mean ± std: 0.9681911 ± 0.0006487. Shifted mean: 0.9681911
  Working on index: (3, 2, 2)
    Raw mean ± std: 0.0406407 ± 0.0005322. Shifted mean: 0.0406407
    Raw mean ± std: 0.9524934 ± 0.0007708. Shifted mean: 0.9524934
  Working on index: (4, 1, 1)
    Raw mean ± std: 0.0163727 ± 0.0000619. Shifted mean: 0.0163727
    Raw mean ± std: 0.9826186 ± 0.0000978. Shifted mean: 0.9826186
  Working on index: (4, 1, 2)
    Raw mean ± std: 0.0181411 ± 0.0000929. Shifted mean: 0.0181411
    Raw mean ± std: 0.9808368 ± 0.0001380. Shifted mean: 0.9808368
  Working on index: (4, 2, 1)
    Raw mean ± std: 0.0177842 ± 0.0001881. Shifted mean: 0.0177842
    Raw mean ± std: 0.9793299 ± 0.0003660. Shifted mean: 0.9793299
  Working on index: (4, 2, 2)
    Raw mean ± std: 0.0270527 ± 0.0002652. Shifted mean: 0.0270527
    Raw mean ± std: 0.9697438 ± 0.0003837. Shifted mean: 0.9697438
  Working on index: (5, 1, 1)
    Raw mean ± std: 0.0096920 ± 0.0000621. Shifted mean: 0.0096920
    Raw mean ± std: 0.9882013 ± 0.0001053. Shifted mean: 0.9882013
  Working on index: (5, 1, 2)
    Raw mean ± std: 0.0102952 ± 0.0000892. Shifted mean: 0.0102952
    Raw mean ± std: 0.9877750 ± 0.0001332. Shifted mean: 0.9877750
  Working on index: (5, 2, 1)
    Raw mean ± std: 0.0085531 ± 0.0001072. Shifted mean: 0.0085531
    Raw mean ± std: 0.9893878 ± 0.0001793. Shifted mean: 0.9893878
  Working on index: (5, 2, 2)
    Raw mean ± std: 0.0122554 ± 0.0001711. Shifted mean: 0.0122554
    Raw mean ± std: 0.9858401 ± 0.0002573. Shifted mean: 0.9858401
  Working on index: (6, 1, 1)
    Raw mean ± std: 0.0053258 ± 0.0001515. Shifted mean: 0.0053258
    Raw mean ± std: 0.9910018 ± 0.0002413. Shifted mean: 0.9910018
  Working on index: (6, 1, 2)
    Raw mean ± std: 0.0060499 ± 0.0002222. Shifted mean: 0.0060499
    Raw mean ± std: 0.9910941 ± 0.0003181. Shifted mean: 0.9910941
  Working on index: (6, 2, 1)
    Raw mean ± std: 0.0059551 ± 0.0001663. Shifted mean: 0.0059551
    Raw mean ± std: 0.9918168 ± 0.0001970. Shifted mean: 0.9918168
  Working on index: (6, 2, 2)
    Raw mean ± std: 0.0086051 ± 0.0002792. Shifted mean: 0.0086051
    Raw mean ± std: 0.9894342 ± 0.0002985. Shifted mean: 0.9894342
Combining pTrueToMuTag_16...
  Working on index: (1, 1, 1)
    Raw mean ± std: 0.0005158 ± 0.0000933. Shifted mean: 0.0005158
    Raw mean ± std: 0.9894758 ± 0.0002925. Shifted mean: 0.9894758
  Working on index: (1, 1, 2)
    Raw mean ± std: 0.0008620 ± 0.0001282. Shifted mean: 0.0008620
    Raw mean ± std: 0.9819783 ± 0.0004157. Shifted mean: 0.9819783
  Working on index: (1, 2, 1)
    Raw mean ± std: 0.0013634 ± 0.0014262. Shifted mean: 0.0016688
    Raw mean ± std: 0.9681863 ± 0.0029330. Shifted mean: 0.9681863
  Working on index: (1, 2, 2)
    INFO: Raw mean not in [0, 1]!
    Raw mean ± std: -0.0068806 ± 0.0055974. Shifted mean: 0.0020780
    INFO: Raw mean not in [0, 1]!
    Raw mean ± std: 1.0596567 ± 0.0157410. Shifted mean: 0.9973427
  Working on index: (2, 1, 1)
    Raw mean ± std: 0.0004031 ± 0.0000219. Shifted mean: 0.0004031
    Raw mean ± std: 0.9825336 ± 0.0000952. Shifted mean: 0.9825336
  Working on index: (2, 1, 2)
    Raw mean ± std: 0.0007334 ± 0.0000276. Shifted mean: 0.0007334
    Raw mean ± std: 0.9725852 ± 0.0001231. Shifted mean: 0.9725852
  Working on index: (2, 2, 1)
    Raw mean ± std: 0.0023004 ± 0.0000763. Shifted mean: 0.0023004
    Raw mean ± std: 0.9685108 ± 0.0002130. Shifted mean: 0.9685108
  Working on index: (2, 2, 2)
    Raw mean ± std: 0.0040505 ± 0.0001141. Shifted mean: 0.0040505
    Raw mean ± std: 0.9402306 ± 0.0003518. Shifted mean: 0.9402306
  Working on index: (3, 1, 1)
    Raw mean ± std: 0.0001096 ± 0.0000149. Shifted mean: 0.0001096
    Raw mean ± std: 0.9901994 ± 0.0000619. Shifted mean: 0.9901994
  Working on index: (3, 1, 2)
    Raw mean ± std: 0.0002490 ± 0.0000169. Shifted mean: 0.0002490
    Raw mean ± std: 0.9796482 ± 0.0000892. Shifted mean: 0.9796482
  Working on index: (3, 2, 1)
    Raw mean ± std: 0.0009145 ± 0.0000321. Shifted mean: 0.0009145
    Raw mean ± std: 0.9866421 ± 0.0000869. Shifted mean: 0.9866421
  Working on index: (3, 2, 2)
    Raw mean ± std: 0.0016249 ± 0.0000432. Shifted mean: 0.0016249
    Raw mean ± std: 0.9712023 ± 0.0001395. Shifted mean: 0.9712023
  Working on index: (4, 1, 1)
    Raw mean ± std: 0.0000725 ± 0.0000123. Shifted mean: 0.0000725
    Raw mean ± std: 0.9977267 ± 0.0000280. Shifted mean: 0.9977267
  Working on index: (4, 1, 2)
    Raw mean ± std: 0.0000819 ± 0.0000117. Shifted mean: 0.0000819
    Raw mean ± std: 0.9950008 ± 0.0000388. Shifted mean: 0.9950008
  Working on index: (4, 2, 1)
    Raw mean ± std: 0.0003705 ± 0.0000159. Shifted mean: 0.0003705
    Raw mean ± std: 0.9923039 ± 0.0000506. Shifted mean: 0.9923039
  Working on index: (4, 2, 2)
    Raw mean ± std: 0.0007253 ± 0.0000218. Shifted mean: 0.0007253
    Raw mean ± std: 0.9815871 ± 0.0000823. Shifted mean: 0.9815871
  Working on index: (5, 1, 1)
    Raw mean ± std: 0.0000372 ± 0.0000127. Shifted mean: 0.0000373
    Raw mean ± std: 0.9992432 ± 0.0000199. Shifted mean: 0.9992432
  Working on index: (5, 1, 2)
    Raw mean ± std: 0.0000410 ± 0.0000124. Shifted mean: 0.0000410
    Raw mean ± std: 0.9988965 ± 0.0000223. Shifted mean: 0.9988965
  Working on index: (5, 2, 1)
    Raw mean ± std: 0.0001321 ± 0.0000121. Shifted mean: 0.0001321
    Raw mean ± std: 0.9967916 ± 0.0000368. Shifted mean: 0.9967916
  Working on index: (5, 2, 2)
    Raw mean ± std: 0.0002975 ± 0.0000160. Shifted mean: 0.0002975
    Raw mean ± std: 0.9916261 ± 0.0000607. Shifted mean: 0.9916261
  Working on index: (6, 1, 1)
    Raw mean ± std: 0.0000421 ± 0.0000336. Shifted mean: 0.0000465
    Raw mean ± std: 0.9989651 ± 0.0000540. Shifted mean: 0.9989651
  Working on index: (6, 1, 2)
    Raw mean ± std: 0.0000527 ± 0.0000363. Shifted mean: 0.0000560
    Raw mean ± std: 0.9985908 ± 0.0000647. Shifted mean: 0.9985908
  Working on index: (6, 2, 1)
    Raw mean ± std: 0.0000355 ± 0.0000175. Shifted mean: 0.0000360
    Raw mean ± std: 0.9985383 ± 0.0000399. Shifted mean: 0.9985383
  Working on index: (6, 2, 2)
    Raw mean ± std: 0.0000746 ± 0.0000189. Shifted mean: 0.0000746
    Raw mean ± std: 0.9968212 ± 0.0000564. Shifted mean: 0.9968212
Copy piTrueToPiTag_16 and shift means...
  Working on index: (1, 1, 1)
    Raw mean ± std: 0.9204452 ± 0.0002674. Shifted mean: 0.9204452
  Working on index: (1, 1, 2)
    Raw mean ± std: 0.8339490 ± 0.0005288. Shifted mean: 0.8339490
  Working on index: (1, 2, 1)
    Raw mean ± std: 0.8525725 ± 0.0031503. Shifted mean: 0.8525725
  Working on index: (1, 2, 2)
    Raw mean ± std: 0.7103991 ± 0.0060777. Shifted mean: 0.7103991
  Working on index: (2, 1, 1)
    Raw mean ± std: 0.9232830 ± 0.0001673. Shifted mean: 0.9232830
  Working on index: (2, 1, 2)
    Raw mean ± std: 0.8476419 ± 0.0003149. Shifted mean: 0.8476419
  Working on index: (2, 2, 1)
    Raw mean ± std: 0.8538429 ± 0.0008729. Shifted mean: 0.8538429
  Working on index: (2, 2, 2)
    Raw mean ± std: 0.7298952 ± 0.0016313. Shifted mean: 0.7298952
  Working on index: (3, 1, 1)
    Raw mean ± std: 0.9097825 ± 0.0001486. Shifted mean: 0.9097825
  Working on index: (3, 1, 2)
    Raw mean ± std: 0.8380855 ± 0.0002610. Shifted mean: 0.8380855
  Working on index: (3, 2, 1)
    Raw mean ± std: 0.8780432 ± 0.0005134. Shifted mean: 0.8780432
  Working on index: (3, 2, 2)
    Raw mean ± std: 0.7828950 ± 0.0009119. Shifted mean: 0.7828950
  Working on index: (4, 1, 1)
    Raw mean ± std: 0.9177085 ± 0.0001248. Shifted mean: 0.9177085
  Working on index: (4, 1, 2)
    Raw mean ± std: 0.8556339 ± 0.0002135. Shifted mean: 0.8556339
  Working on index: (4, 2, 1)
    Raw mean ± std: 0.8875210 ± 0.0003226. Shifted mean: 0.8875210
  Working on index: (4, 2, 2)
    Raw mean ± std: 0.8113445 ± 0.0005473. Shifted mean: 0.8113445
  Working on index: (5, 1, 1)
    Raw mean ± std: 0.9003431 ± 0.0001433. Shifted mean: 0.9003431
  Working on index: (5, 1, 2)
    Raw mean ± std: 0.8559066 ± 0.0002243. Shifted mean: 0.8559066
  Working on index: (5, 2, 1)
    Raw mean ± std: 0.8753712 ± 0.0002429. Shifted mean: 0.8753712
  Working on index: (5, 2, 2)
    Raw mean ± std: 0.8118516 ± 0.0003916. Shifted mean: 0.8118516
  Working on index: (6, 1, 1)
    Raw mean ± std: 0.7755935 ± 0.0004211. Shifted mean: 0.7755935
  Working on index: (6, 1, 2)
    Raw mean ± std: 0.7281659 ± 0.0006055. Shifted mean: 0.7281659
  Working on index: (6, 2, 1)
    Raw mean ± std: 0.7444820 ± 0.0004394. Shifted mean: 0.7444820
  Working on index: (6, 2, 2)
    Raw mean ± std: 0.6814872 ± 0.0006329. Shifted mean: 0.6814872
Copy kTrueToPiTag_16 and shift means...
  Working on index: (1, 1, 1)
    Raw mean ± std: 0.0544535 ± 0.0011105. Shifted mean: 0.0544535
  Working on index: (1, 1, 2)
    Raw mean ± std: 0.0804869 ± 0.0015699. Shifted mean: 0.0804869
  Working on index: (1, 2, 1)
    Raw mean ± std: 0.1535493 ± 0.0108108. Shifted mean: 0.1535493
  Working on index: (1, 2, 2)
    Raw mean ± std: 0.1832188 ± 0.0145762. Shifted mean: 0.1832188
  Working on index: (2, 1, 1)
    Raw mean ± std: 0.0176216 ± 0.0002731. Shifted mean: 0.0176216
  Working on index: (2, 1, 2)
    Raw mean ± std: 0.0274719 ± 0.0003988. Shifted mean: 0.0274719
  Working on index: (2, 2, 1)
    Raw mean ± std: 0.1147015 ± 0.0018772. Shifted mean: 0.1147015
  Working on index: (2, 2, 2)
    Raw mean ± std: 0.1531348 ± 0.0027721. Shifted mean: 0.1531348
  Working on index: (3, 1, 1)
    Raw mean ± std: 0.0061819 ± 0.0001268. Shifted mean: 0.0061819
  Working on index: (3, 1, 2)
    Raw mean ± std: 0.0089721 ± 0.0001812. Shifted mean: 0.0089721
  Working on index: (3, 2, 1)
    Raw mean ± std: 0.0520049 ± 0.0007233. Shifted mean: 0.0520049
  Working on index: (3, 2, 2)
    Raw mean ± std: 0.0858070 ± 0.0010950. Shifted mean: 0.0858070
  Working on index: (4, 1, 1)
    Raw mean ± std: 0.0031222 ± 0.0000682. Shifted mean: 0.0031222
  Working on index: (4, 1, 2)
    Raw mean ± std: 0.0039975 ± 0.0000949. Shifted mean: 0.0039975
  Working on index: (4, 2, 1)
    Raw mean ± std: 0.0212622 ± 0.0002943. Shifted mean: 0.0212622
  Working on index: (4, 2, 2)
    Raw mean ± std: 0.0386080 ± 0.0004550. Shifted mean: 0.0386080
  Working on index: (5, 1, 1)
    Raw mean ± std: 0.0207214 ± 0.0000727. Shifted mean: 0.0207214
  Working on index: (5, 1, 2)
    Raw mean ± std: 0.0242260 ± 0.0001027. Shifted mean: 0.0242260
  Working on index: (5, 2, 1)
    Raw mean ± std: 0.0267061 ± 0.0001486. Shifted mean: 0.0267061
  Working on index: (5, 2, 2)
    Raw mean ± std: 0.0379855 ± 0.0002248. Shifted mean: 0.0379855
  Working on index: (6, 1, 1)
    Raw mean ± std: 0.1037376 ± 0.0002805. Shifted mean: 0.1037376
  Working on index: (6, 1, 2)
    Raw mean ± std: 0.1121335 ± 0.0003871. Shifted mean: 0.1121335
  Working on index: (6, 2, 1)
    Raw mean ± std: 0.1283695 ± 0.0003142. Shifted mean: 0.1283695
  Working on index: (6, 2, 2)
    Raw mean ± std: 0.1401568 ± 0.0004348. Shifted mean: 0.1401568
Copy kTrueToETag_16 and shift means...
  Working on index: (1, 1, 1)
    Raw mean ± std: 0.0015688 ± 0.0001908. Shifted mean: 0.0015688
  Working on index: (1, 1, 2)
    Raw mean ± std: 0.0033516 ± 0.0002802. Shifted mean: 0.0033516
  Working on index: (1, 2, 1)
    Raw mean ± std: 0.0040387 ± 0.0019972. Shifted mean: 0.0040928
  Working on index: (1, 2, 2)
    Raw mean ± std: 0.0092311 ± 0.0030523. Shifted mean: 0.0092359
  Working on index: (2, 1, 1)
    Raw mean ± std: 0.0008604 ± 0.0000478. Shifted mean: 0.0008604
  Working on index: (2, 1, 2)
    Raw mean ± std: 0.0017429 ± 0.0000752. Shifted mean: 0.0017429
  Working on index: (2, 2, 1)
    Raw mean ± std: 0.0032401 ± 0.0003887. Shifted mean: 0.0032401
  Working on index: (2, 2, 2)
    Raw mean ± std: 0.0044728 ± 0.0006117. Shifted mean: 0.0044728
  Working on index: (3, 1, 1)
    Raw mean ± std: 0.0003158 ± 0.0000279. Shifted mean: 0.0003158
  Working on index: (3, 1, 2)
    Raw mean ± std: 0.0006253 ± 0.0000431. Shifted mean: 0.0006253
  Working on index: (3, 2, 1)
    Raw mean ± std: 0.0016119 ± 0.0001490. Shifted mean: 0.0016119
  Working on index: (3, 2, 2)
    Raw mean ± std: 0.0028087 ± 0.0002324. Shifted mean: 0.0028087
  Working on index: (4, 1, 1)
    Raw mean ± std: 0.0001681 ± 0.0000164. Shifted mean: 0.0001681
  Working on index: (4, 1, 2)
    Raw mean ± std: 0.0002612 ± 0.0000241. Shifted mean: 0.0002612
  Working on index: (4, 2, 1)
    Raw mean ± std: 0.0005432 ± 0.0000578. Shifted mean: 0.0005432
  Working on index: (4, 2, 2)
    Raw mean ± std: 0.0009779 ± 0.0000920. Shifted mean: 0.0009779
  Working on index: (5, 1, 1)
    Raw mean ± std: 0.0016536 ± 0.0000205. Shifted mean: 0.0016536
  Working on index: (5, 1, 2)
    Raw mean ± std: 0.0019353 ± 0.0000292. Shifted mean: 0.0019353
  Working on index: (5, 2, 1)
    Raw mean ± std: 0.0006874 ± 0.0000301. Shifted mean: 0.0006874
  Working on index: (5, 2, 2)
    Raw mean ± std: 0.0010737 ± 0.0000449. Shifted mean: 0.0010737
  Working on index: (6, 1, 1)
    Raw mean ± std: 0.0052127 ± 0.0000670. Shifted mean: 0.0052127
  Working on index: (6, 1, 2)
    Raw mean ± std: 0.0054835 ± 0.0000918. Shifted mean: 0.0054835
  Working on index: (6, 2, 1)
    Raw mean ± std: 0.0024406 ± 0.0000494. Shifted mean: 0.0024406
  Working on index: (6, 2, 2)
    Raw mean ± std: 0.0025316 ± 0.0000670. Shifted mean: 0.0025316
Copy piTrueToPTag_16 and shift means...
  Working on index: (1, 1, 1)
    Zero or negative efficiency uncertainty found (0.0). Manually set efficiency to 0.0.
  Working on index: (1, 1, 2)
    Zero or negative efficiency uncertainty found (0.0). Manually set efficiency to 0.0.
  Working on index: (1, 2, 1)
    Zero or negative efficiency uncertainty found (0.0). Manually set efficiency to 0.0.
  Working on index: (1, 2, 2)
    Zero or negative efficiency uncertainty found (0.0). Manually set efficiency to 0.0.
  Working on index: (2, 1, 1)
    Raw mean ± std: 0.0010187 ± 0.0000194. Shifted mean: 0.0010187
  Working on index: (2, 1, 2)
    Raw mean ± std: 0.0010570 ± 0.0000279. Shifted mean: 0.0010570
  Working on index: (2, 2, 1)
    Raw mean ± std: 0.0005077 ± 0.0000509. Shifted mean: 0.0005077
  Working on index: (2, 2, 2)
    Raw mean ± std: 0.0010847 ± 0.0001160. Shifted mean: 0.0010847
  Working on index: (3, 1, 1)
    Raw mean ± std: 0.0180147 ± 0.0000677. Shifted mean: 0.0180147
  Working on index: (3, 1, 2)
    Raw mean ± std: 0.0278474 ± 0.0001162. Shifted mean: 0.0278474
  Working on index: (3, 2, 1)
    Raw mean ± std: 0.0139898 ± 0.0001772. Shifted mean: 0.0139898
  Working on index: (3, 2, 2)
    Raw mean ± std: 0.0276283 ± 0.0003552. Shifted mean: 0.0276283
  Working on index: (4, 1, 1)
    Raw mean ± std: 0.0146739 ± 0.0000529. Shifted mean: 0.0146739
  Working on index: (4, 1, 2)
    Raw mean ± std: 0.0285097 ± 0.0000996. Shifted mean: 0.0285097
  Working on index: (4, 2, 1)
    Raw mean ± std: 0.0265669 ± 0.0001578. Shifted mean: 0.0265669
  Working on index: (4, 2, 2)
    Raw mean ± std: 0.0416603 ± 0.0002738. Shifted mean: 0.0416603
  Working on index: (5, 1, 1)
    Raw mean ± std: 0.0058337 ± 0.0000394. Shifted mean: 0.0058337
  Working on index: (5, 1, 2)
    Raw mean ± std: 0.0120650 ± 0.0000741. Shifted mean: 0.0120650
  Working on index: (5, 2, 1)
    Raw mean ± std: 0.0320320 ± 0.0001221. Shifted mean: 0.0320320
  Working on index: (5, 2, 2)
    Raw mean ± std: 0.0459571 ± 0.0002008. Shifted mean: 0.0459571
  Working on index: (6, 1, 1)
    Raw mean ± std: 0.0196350 ± 0.0001413. Shifted mean: 0.0196350
  Working on index: (6, 1, 2)
    Raw mean ± std: 0.0267199 ± 0.0002208. Shifted mean: 0.0267199
  Working on index: (6, 2, 1)
    Raw mean ± std: 0.0375189 ± 0.0001954. Shifted mean: 0.0375189
  Working on index: (6, 2, 2)
    Raw mean ± std: 0.0525230 ± 0.0003127. Shifted mean: 0.0525230
Copy pTrueToETag_16 and shift means...
  Working on index: (1, 1, 1)
    Raw mean ± std: 0.0020540 ± 0.0001359. Shifted mean: 0.0020540
  Working on index: (1, 1, 2)
    Raw mean ± std: 0.0047430 ± 0.0001977. Shifted mean: 0.0047430
  Working on index: (1, 2, 1)
    Raw mean ± std: 0.0079780 ± 0.0014335. Shifted mean: 0.0079780
  Working on index: (1, 2, 2)
    Raw mean ± std: 0.0247723 ± 0.0044743. Shifted mean: 0.0247723
  Working on index: (2, 1, 1)
    Raw mean ± std: 0.0012492 ± 0.0000272. Shifted mean: 0.0012492
  Working on index: (2, 1, 2)
    Raw mean ± std: 0.0023569 ± 0.0000376. Shifted mean: 0.0023569
  Working on index: (2, 2, 1)
    Raw mean ± std: 0.0059659 ± 0.0000989. Shifted mean: 0.0059659
  Working on index: (2, 2, 2)
    Raw mean ± std: 0.0074874 ± 0.0001297. Shifted mean: 0.0074874
  Working on index: (3, 1, 1)
    Raw mean ± std: 0.0005396 ± 0.0000186. Shifted mean: 0.0005396
  Working on index: (3, 1, 2)
    Raw mean ± std: 0.0011215 ± 0.0000241. Shifted mean: 0.0011215
  Working on index: (3, 2, 1)
    Raw mean ± std: 0.0028128 ± 0.0000420. Shifted mean: 0.0028128
  Working on index: (3, 2, 2)
    Raw mean ± std: 0.0043371 ± 0.0000579. Shifted mean: 0.0043371
  Working on index: (4, 1, 1)
    Raw mean ± std: 0.0003910 ± 0.0000186. Shifted mean: 0.0003910
  Working on index: (4, 1, 2)
    Raw mean ± std: 0.0006917 ± 0.0000191. Shifted mean: 0.0006917
  Working on index: (4, 2, 1)
    Raw mean ± std: 0.0012406 ± 0.0000228. Shifted mean: 0.0012406
  Working on index: (4, 2, 2)
    Raw mean ± std: 0.0020924 ± 0.0000309. Shifted mean: 0.0020924
  Working on index: (5, 1, 1)
    Raw mean ± std: 0.0003110 ± 0.0000192. Shifted mean: 0.0003110
  Working on index: (5, 1, 2)
    Raw mean ± std: 0.0004228 ± 0.0000191. Shifted mean: 0.0004228
  Working on index: (5, 2, 1)
    Raw mean ± std: 0.0005178 ± 0.0000177. Shifted mean: 0.0005178
  Working on index: (5, 2, 2)
    Raw mean ± std: 0.0009472 ± 0.0000235. Shifted mean: 0.0009472
  Working on index: (6, 1, 1)
    Raw mean ± std: 0.0005856 ± 0.0000480. Shifted mean: 0.0005856
  Working on index: (6, 1, 2)
    Raw mean ± std: 0.0007909 ± 0.0000515. Shifted mean: 0.0007909
  Working on index: (6, 2, 1)
    Raw mean ± std: 0.0002929 ± 0.0000245. Shifted mean: 0.0002929
  Working on index: (6, 2, 2)
    Raw mean ± std: 0.0003527 ± 0.0000258. Shifted mean: 0.0003527
Copy kTrueToKTag_16 and shift means...
  Working on index: (1, 1, 1)
    Zero or negative efficiency uncertainty found (0.0). Manually set efficiency to 0.0.
  Working on index: (1, 1, 2)
    Zero or negative efficiency uncertainty found (0.0). Manually set efficiency to 0.0.
  Working on index: (1, 2, 1)
    Zero or negative efficiency uncertainty found (0.0). Manually set efficiency to 0.0.
  Working on index: (1, 2, 2)
    Zero or negative efficiency uncertainty found (0.0). Manually set efficiency to 0.0.
  Working on index: (2, 1, 1)
    Raw mean ± std: 0.1358230 ± 0.0002676. Shifted mean: 0.1358230
  Working on index: (2, 1, 2)
    Raw mean ± std: 0.1230043 ± 0.0003434. Shifted mean: 0.1230043
  Working on index: (2, 2, 1)
    Raw mean ± std: 0.1307929 ± 0.0010485. Shifted mean: 0.1307929
  Working on index: (2, 2, 2)
    Raw mean ± std: 0.1013491 ± 0.0013198. Shifted mean: 0.1013491
  Working on index: (3, 1, 1)
    Raw mean ± std: 0.8730405 ± 0.0002188. Shifted mean: 0.8730405
  Working on index: (3, 1, 2)
    Raw mean ± std: 0.7864821 ± 0.0003453. Shifted mean: 0.7864821
  Working on index: (3, 2, 1)
    Raw mean ± std: 0.7074454 ± 0.0009176. Shifted mean: 0.7074454
  Working on index: (3, 2, 2)
    Raw mean ± std: 0.5646518 ± 0.0013160. Shifted mean: 0.5646518
  Working on index: (4, 1, 1)
    Raw mean ± std: 0.9344781 ± 0.0001279. Shifted mean: 0.9344781
  Working on index: (4, 1, 2)
    Raw mean ± std: 0.8613960 ± 0.0002204. Shifted mean: 0.8613960
  Working on index: (4, 2, 1)
    Raw mean ± std: 0.8355771 ± 0.0004425. Shifted mean: 0.8355771
  Working on index: (4, 2, 2)
    Raw mean ± std: 0.7291006 ± 0.0006883. Shifted mean: 0.7291006
  Working on index: (5, 1, 1)
    Raw mean ± std: 0.9408327 ± 0.0001137. Shifted mean: 0.9408327
  Working on index: (5, 1, 2)
    Raw mean ± std: 0.8925751 ± 0.0001875. Shifted mean: 0.8925751
  Working on index: (5, 2, 1)
    Raw mean ± std: 0.8985635 ± 0.0002294. Shifted mean: 0.8985635
  Working on index: (5, 2, 2)
    Raw mean ± std: 0.8340213 ± 0.0003641. Shifted mean: 0.8340213
  Working on index: (6, 1, 1)
    Raw mean ± std: 0.8128372 ± 0.0003665. Shifted mean: 0.8128372
  Working on index: (6, 1, 2)
    Raw mean ± std: 0.7669006 ± 0.0005291. Shifted mean: 0.7669006
  Working on index: (6, 2, 1)
    Raw mean ± std: 0.7650832 ± 0.0004002. Shifted mean: 0.7650832
  Working on index: (6, 2, 2)
    Raw mean ± std: 0.7059432 ± 0.0005721. Shifted mean: 0.7059432
Combining piTrueToMuTag_16...
  Working on index: (1, 1, 1)
    Raw mean ± std: 0.0121827 ± 0.0010620. Shifted mean: 0.0121827
    Raw mean ± std: 0.8912761 ± 0.0005758. Shifted mean: 0.8912761
  Working on index: (1, 1, 2)
    Raw mean ± std: 0.0103991 ± 0.0013947. Shifted mean: 0.0103991
    Raw mean ± std: 0.8564628 ± 0.0008928. Shifted mean: 0.8564628
  Working on index: (1, 2, 1)
    Raw mean ± std: 0.0533501 ± 0.0242082. Shifted mean: 0.0537679
    Raw mean ± std: 0.9166935 ± 0.0084147. Shifted mean: 0.9166935
  Working on index: (1, 2, 2)
    Raw mean ± std: 0.0432442 ± 0.0224114. Shifted mean: 0.0439980
    Raw mean ± std: 0.8925024 ± 0.0080319. Shifted mean: 0.8925024
  Working on index: (2, 1, 1)
    Raw mean ± std: 0.0169113 ± 0.0009576. Shifted mean: 0.0169113
    Raw mean ± std: 0.9327380 ± 0.0003163. Shifted mean: 0.9327380
  Working on index: (2, 1, 2)
    Raw mean ± std: 0.0166341 ± 0.0013198. Shifted mean: 0.0166341
    Raw mean ± std: 0.9072668 ± 0.0004841. Shifted mean: 0.9072668
  Working on index: (2, 2, 1)
    Raw mean ± std: 0.0217445 ± 0.0045836. Shifted mean: 0.0217445
    Raw mean ± std: 0.9347342 ± 0.0021173. Shifted mean: 0.9347342
  Working on index: (2, 2, 2)
    Raw mean ± std: 0.0130519 ± 0.0012738. Shifted mean: 0.0130519
    Raw mean ± std: 0.9043815 ± 0.0023125. Shifted mean: 0.9043815
  Working on index: (3, 1, 1)
    Raw mean ± std: 0.0133509 ± 0.0007577. Shifted mean: 0.0133509
    Raw mean ± std: 0.9750544 ± 0.0001786. Shifted mean: 0.9750544
  Working on index: (3, 1, 2)
    Raw mean ± std: 0.0123881 ± 0.0009901. Shifted mean: 0.0123881
    Raw mean ± std: 0.9660612 ± 0.0002716. Shifted mean: 0.9660612
  Working on index: (3, 2, 1)
    Raw mean ± std: 0.0099292 ± 0.0004738. Shifted mean: 0.0099292
    Raw mean ± std: 0.9710153 ± 0.0007886. Shifted mean: 0.9710153
  Working on index: (3, 2, 2)
    Raw mean ± std: 0.0102752 ± 0.0005507. Shifted mean: 0.0102752
    Raw mean ± std: 0.9552413 ± 0.0012347. Shifted mean: 0.9552413
  Working on index: (4, 1, 1)
    Raw mean ± std: 0.0101534 ± 0.0003733. Shifted mean: 0.0101534
    Raw mean ± std: 0.9869532 ± 0.0001040. Shifted mean: 0.9869532
  Working on index: (4, 1, 2)
    Raw mean ± std: 0.0093879 ± 0.0004895. Shifted mean: 0.0093879
    Raw mean ± std: 0.9843723 ± 0.0001584. Shifted mean: 0.9843723
  Working on index: (4, 2, 1)
    Raw mean ± std: 0.0095049 ± 0.0008555. Shifted mean: 0.0095049
    Raw mean ± std: 0.9822162 ± 0.0003709. Shifted mean: 0.9822162
  Working on index: (4, 2, 2)
    Raw mean ± std: 0.0105169 ± 0.0013154. Shifted mean: 0.0105169
    Raw mean ± std: 0.9706593 ± 0.0006197. Shifted mean: 0.9706593
  Working on index: (5, 1, 1)
    Raw mean ± std: 0.0066444 ± 0.0002333. Shifted mean: 0.0066444
    Raw mean ± std: 0.9930995 ± 0.0000791. Shifted mean: 0.9930995
  Working on index: (5, 1, 2)
    Raw mean ± std: 0.0059379 ± 0.0002563. Shifted mean: 0.0059379
    Raw mean ± std: 0.9926880 ± 0.0001152. Shifted mean: 0.9926880
  Working on index: (5, 2, 1)
    Raw mean ± std: 0.0057057 ± 0.0003584. Shifted mean: 0.0057057
    Raw mean ± std: 0.9920258 ± 0.0001596. Shifted mean: 0.9920258
  Working on index: (5, 2, 2)
    Raw mean ± std: 0.0046828 ± 0.0004076. Shifted mean: 0.0046828
    Raw mean ± std: 0.9893437 ± 0.0002511. Shifted mean: 0.9893437
  Working on index: (6, 1, 1)
    Raw mean ± std: 0.0026900 ± 0.0001664. Shifted mean: 0.0026900
    Raw mean ± std: 0.9958678 ± 0.0001483. Shifted mean: 0.9958678
  Working on index: (6, 1, 2)
    Raw mean ± std: 0.0025912 ± 0.0002374. Shifted mean: 0.0025912
    Raw mean ± std: 0.9956378 ± 0.0002061. Shifted mean: 0.9956378
  Working on index: (6, 2, 1)
    Raw mean ± std: 0.0035418 ± 0.0004378. Shifted mean: 0.0035418
    Raw mean ± std: 0.9945226 ± 0.0002365. Shifted mean: 0.9945226
  Working on index: (6, 2, 2)
    Raw mean ± std: 0.0026688 ± 0.0005019. Shifted mean: 0.0026688
    Raw mean ± std: 0.9929079 ± 0.0003565. Shifted mean: 0.9929079
Combining piTrueToMuTag_16_vmu...
  Working on index: (1, 1, 1)
    Raw mean ± std: 0.0961017 ± 0.0001643. Shifted mean: 0.0961017
    Raw mean ± std: 0.8912761 ± 0.0005758. Shifted mean: 0.8912761
  Working on index: (1, 1, 2)
    Raw mean ± std: 0.1298906 ± 0.0003132. Shifted mean: 0.1298906
    Raw mean ± std: 0.8564628 ± 0.0008928. Shifted mean: 0.8564628
  Working on index: (1, 2, 1)
    Raw mean ± std: 0.0651739 ± 0.0017327. Shifted mean: 0.0651739
    Raw mean ± std: 0.9166935 ± 0.0084147. Shifted mean: 0.9166935
  Working on index: (1, 2, 2)
    Raw mean ± std: 0.1014430 ± 0.0035310. Shifted mean: 0.1014430
    Raw mean ± std: 0.8925024 ± 0.0080319. Shifted mean: 0.8925024
  Working on index: (2, 1, 1)
    Raw mean ± std: 0.0544912 ± 0.0000890. Shifted mean: 0.0544912
    Raw mean ± std: 0.9327380 ± 0.0003163. Shifted mean: 0.9327380
  Working on index: (2, 1, 2)
    Raw mean ± std: 0.0804688 ± 0.0001660. Shifted mean: 0.0804688
    Raw mean ± std: 0.9072668 ± 0.0004841. Shifted mean: 0.9072668
  Working on index: (2, 2, 1)
    Raw mean ± std: 0.0451592 ± 0.0004251. Shifted mean: 0.0451592
    Raw mean ± std: 0.9347342 ± 0.0021173. Shifted mean: 0.9347342
  Working on index: (2, 2, 2)
    Raw mean ± std: 0.0791224 ± 0.0008645. Shifted mean: 0.0791224
    Raw mean ± std: 0.9043815 ± 0.0023125. Shifted mean: 0.9043815
  Working on index: (3, 1, 1)
    Raw mean ± std: 0.0124273 ± 0.0000550. Shifted mean: 0.0124273
    Raw mean ± std: 0.9750544 ± 0.0001786. Shifted mean: 0.9750544
  Working on index: (3, 1, 2)
    Raw mean ± std: 0.0212855 ± 0.0001045. Shifted mean: 0.0212855
    Raw mean ± std: 0.9660612 ± 0.0002716. Shifted mean: 0.9660612
  Working on index: (3, 2, 1)
    Raw mean ± std: 0.0170330 ± 0.0001835. Shifted mean: 0.0170330
    Raw mean ± std: 0.9710153 ± 0.0007886. Shifted mean: 0.9710153
  Working on index: (3, 2, 2)
    Raw mean ± std: 0.0319585 ± 0.0003219. Shifted mean: 0.0319585
    Raw mean ± std: 0.9552413 ± 0.0012347. Shifted mean: 0.9552413
  Working on index: (4, 1, 1)
    Raw mean ± std: 0.0038903 ± 0.0000413. Shifted mean: 0.0038903
    Raw mean ± std: 0.9869532 ± 0.0001040. Shifted mean: 0.9869532
  Working on index: (4, 1, 2)
    Raw mean ± std: 0.0069971 ± 0.0000767. Shifted mean: 0.0069971
    Raw mean ± std: 0.9843723 ± 0.0001584. Shifted mean: 0.9843723
  Working on index: (4, 2, 1)
    Raw mean ± std: 0.0088129 ± 0.0001408. Shifted mean: 0.0088129
    Raw mean ± std: 0.9822162 ± 0.0003709. Shifted mean: 0.9822162
  Working on index: (4, 2, 2)
    Raw mean ± std: 0.0188011 ± 0.0003148. Shifted mean: 0.0188011
    Raw mean ± std: 0.9706593 ± 0.0006197. Shifted mean: 0.9706593
  Working on index: (5, 1, 1)
    Raw mean ± std: 0.0014769 ± 0.0000419. Shifted mean: 0.0014769
    Raw mean ± std: 0.9930995 ± 0.0000791. Shifted mean: 0.9930995
  Working on index: (5, 1, 2)
    Raw mean ± std: 0.0024360 ± 0.0000717. Shifted mean: 0.0024360
    Raw mean ± std: 0.9926880 ± 0.0001152. Shifted mean: 0.9926880
  Working on index: (5, 2, 1)
    Raw mean ± std: 0.0032233 ± 0.0000927. Shifted mean: 0.0032233
    Raw mean ± std: 0.9920258 ± 0.0001596. Shifted mean: 0.9920258
  Working on index: (5, 2, 2)
    Raw mean ± std: 0.0065538 ± 0.0001470. Shifted mean: 0.0065538
    Raw mean ± std: 0.9893437 ± 0.0002511. Shifted mean: 0.9893437
  Working on index: (6, 1, 1)
    Raw mean ± std: 0.0014693 ± 0.0000564. Shifted mean: 0.0014693
    Raw mean ± std: 0.9958678 ± 0.0001483. Shifted mean: 0.9958678
  Working on index: (6, 1, 2)
    Raw mean ± std: 0.0020469 ± 0.0000916. Shifted mean: 0.0020469
    Raw mean ± std: 0.9956378 ± 0.0002061. Shifted mean: 0.9956378
  Working on index: (6, 2, 1)
    Raw mean ± std: 0.0025679 ± 0.0000888. Shifted mean: 0.0025679
    Raw mean ± std: 0.9945226 ± 0.0002365. Shifted mean: 0.9945226
  Working on index: (6, 2, 2)
    Raw mean ± std: 0.0048365 ± 0.0001539. Shifted mean: 0.0048365
    Raw mean ± std: 0.9929079 ± 0.0003565. Shifted mean: 0.9929079
Copy pTrueToKTag_16 and shift means...
  Working on index: (1, 1, 1)
    Zero or negative efficiency uncertainty found (0.0). Manually set efficiency to 0.0.
  Working on index: (1, 1, 2)
    Zero or negative efficiency uncertainty found (0.0). Manually set efficiency to 0.0.
  Working on index: (1, 2, 1)
    Zero or negative efficiency uncertainty found (0.0). Manually set efficiency to 0.0.
  Working on index: (1, 2, 2)
    Zero or negative efficiency uncertainty found (0.0). Manually set efficiency to 0.0.
  Working on index: (2, 1, 1)
    Raw mean ± std: 0.0847664 ± 0.0001983. Shifted mean: 0.0847664
  Working on index: (2, 1, 2)
    Raw mean ± std: 0.0815286 ± 0.0002013. Shifted mean: 0.0815286
  Working on index: (2, 2, 1)
    Raw mean ± std: 0.0786968 ± 0.0003064. Shifted mean: 0.0786968
  Working on index: (2, 2, 2)
    Raw mean ± std: 0.0625585 ± 0.0003139. Shifted mean: 0.0625585
  Working on index: (3, 1, 1)
    Raw mean ± std: 0.1531654 ± 0.0002202. Shifted mean: 0.1531654
  Working on index: (3, 1, 2)
    Raw mean ± std: 0.1760925 ± 0.0002382. Shifted mean: 0.1760925
  Working on index: (3, 2, 1)
    Raw mean ± std: 0.2248278 ± 0.0002976. Shifted mean: 0.2248278
  Working on index: (3, 2, 2)
    Raw mean ± std: 0.2029518 ± 0.0003172. Shifted mean: 0.2029518
  Working on index: (4, 1, 1)
    Raw mean ± std: 0.0161449 ± 0.0000713. Shifted mean: 0.0161449
  Working on index: (4, 1, 2)
    Raw mean ± std: 0.0250099 ± 0.0000845. Shifted mean: 0.0250099
  Working on index: (4, 2, 1)
    Raw mean ± std: 0.1665038 ± 0.0002073. Shifted mean: 0.1665038
  Working on index: (4, 2, 2)
    Raw mean ± std: 0.1918642 ± 0.0002344. Shifted mean: 0.1918642
  Working on index: (5, 1, 1)
    Raw mean ± std: 0.0050788 ± 0.0000557. Shifted mean: 0.0050788
  Working on index: (5, 1, 2)
    Raw mean ± std: 0.0075276 ± 0.0000589. Shifted mean: 0.0075276
  Working on index: (5, 2, 1)
    Raw mean ± std: 0.0492597 ± 0.0001353. Shifted mean: 0.0492597
  Working on index: (5, 2, 2)
    Raw mean ± std: 0.0799991 ± 0.0001762. Shifted mean: 0.0799991
  Working on index: (6, 1, 1)
    Raw mean ± std: 0.0189807 ± 0.0001848. Shifted mean: 0.0189807
  Working on index: (6, 1, 2)
    Raw mean ± std: 0.0227883 ± 0.0002136. Shifted mean: 0.0227883
  Working on index: (6, 2, 1)
    Raw mean ± std: 0.0289048 ± 0.0001605. Shifted mean: 0.0289048
  Working on index: (6, 2, 2)
    Raw mean ± std: 0.0365622 ± 0.0001839. Shifted mean: 0.0365622
Copy kTrueToPTag_16 and shift means...
  Working on index: (1, 1, 1)
    Zero or negative efficiency uncertainty found (0.0). Manually set efficiency to 0.0.
  Working on index: (1, 1, 2)
    Zero or negative efficiency uncertainty found (0.0). Manually set efficiency to 0.0.
  Working on index: (1, 2, 1)
    Zero or negative efficiency uncertainty found (0.0). Manually set efficiency to 0.0.
  Working on index: (1, 2, 2)
    Zero or negative efficiency uncertainty found (0.0). Manually set efficiency to 0.0.
  Working on index: (2, 1, 1)
    Raw mean ± std: 0.0061888 ± 0.0000609. Shifted mean: 0.0061888
  Working on index: (2, 1, 2)
    Raw mean ± std: 0.0054359 ± 0.0000774. Shifted mean: 0.0054359
  Working on index: (2, 2, 1)
    Raw mean ± std: 0.0041056 ± 0.0001959. Shifted mean: 0.0041056
  Working on index: (2, 2, 2)
    Raw mean ± std: 0.0029556 ± 0.0002661. Shifted mean: 0.0029556
  Working on index: (3, 1, 1)
    Raw mean ± std: 0.0319442 ± 0.0001010. Shifted mean: 0.0319442
  Working on index: (3, 1, 2)
    Raw mean ± std: 0.0521514 ± 0.0001744. Shifted mean: 0.0521514
  Working on index: (3, 2, 1)
    Raw mean ± std: 0.0647357 ± 0.0004199. Shifted mean: 0.0647357
  Working on index: (3, 2, 2)
    Raw mean ± std: 0.0974447 ± 0.0007116. Shifted mean: 0.0974447
  Working on index: (4, 1, 1)
    Raw mean ± std: 0.0227497 ± 0.0000665. Shifted mean: 0.0227497
  Working on index: (4, 1, 2)
    Raw mean ± std: 0.0458363 ± 0.0001248. Shifted mean: 0.0458363
  Working on index: (4, 2, 1)
    Raw mean ± std: 0.0593282 ± 0.0002403. Shifted mean: 0.0593282
  Working on index: (4, 2, 2)
    Raw mean ± std: 0.0923515 ± 0.0004041. Shifted mean: 0.0923515
  Working on index: (5, 1, 1)
    Raw mean ± std: 0.0085068 ± 0.0000402. Shifted mean: 0.0085068
  Working on index: (5, 1, 2)
    Raw mean ± std: 0.0161495 ± 0.0000727. Shifted mean: 0.0161495
  Working on index: (5, 2, 1)
    Raw mean ± std: 0.0311137 ± 0.0001173. Shifted mean: 0.0311137
  Working on index: (5, 2, 2)
    Raw mean ± std: 0.0444230 ± 0.0001890. Shifted mean: 0.0444230
  Working on index: (6, 1, 1)
    Raw mean ± std: 0.0362413 ± 0.0001699. Shifted mean: 0.0362413
  Working on index: (6, 1, 2)
    Raw mean ± std: 0.0426212 ± 0.0002450. Shifted mean: 0.0426212
  Working on index: (6, 2, 1)
    Raw mean ± std: 0.0445882 ± 0.0001915. Shifted mean: 0.0445882
  Working on index: (6, 2, 2)
    Raw mean ± std: 0.0579063 ± 0.0002926. Shifted mean: 0.0579063
Copy pTrueToPTag_16 and shift means...
  Working on index: (1, 1, 1)
    Zero or negative efficiency uncertainty found (0.0). Manually set efficiency to 0.0.
  Working on index: (1, 1, 2)
    Zero or negative efficiency uncertainty found (0.0). Manually set efficiency to 0.0.
  Working on index: (1, 2, 1)
    Zero or negative efficiency uncertainty found (0.0). Manually set efficiency to 0.0.
  Working on index: (1, 2, 2)
    Zero or negative efficiency uncertainty found (0.0). Manually set efficiency to 0.0.
  Working on index: (2, 1, 1)
    Raw mean ± std: 0.0172844 ± 0.0000927. Shifted mean: 0.0172844
  Working on index: (2, 1, 2)
    Raw mean ± std: 0.0110541 ± 0.0000768. Shifted mean: 0.0110541
  Working on index: (2, 2, 1)
    Raw mean ± std: 0.0129918 ± 0.0001284. Shifted mean: 0.0129918
  Working on index: (2, 2, 2)
    Raw mean ± std: 0.0058439 ± 0.0000987. Shifted mean: 0.0058439
  Working on index: (3, 1, 1)
    Raw mean ± std: 0.6245746 ± 0.0002974. Shifted mean: 0.6245746
  Working on index: (3, 1, 2)
    Raw mean ± std: 0.5121817 ± 0.0003136. Shifted mean: 0.5121817
  Working on index: (3, 2, 1)
    Raw mean ± std: 0.3520188 ± 0.0003416. Shifted mean: 0.3520188
  Working on index: (3, 2, 2)
    Raw mean ± std: 0.2696561 ± 0.0003508. Shifted mean: 0.2696561
  Working on index: (4, 1, 1)
    Raw mean ± std: 0.8833636 ± 0.0001743. Shifted mean: 0.8833636
  Working on index: (4, 1, 2)
    Raw mean ± std: 0.8063796 ± 0.0002098. Shifted mean: 0.8063796
  Working on index: (4, 2, 1)
    Raw mean ± std: 0.5950254 ± 0.0002757. Shifted mean: 0.5950254
  Working on index: (4, 2, 2)
    Raw mean ± std: 0.4710696 ± 0.0002996. Shifted mean: 0.4710696
  Working on index: (5, 1, 1)
    Raw mean ± std: 0.9050991 ± 0.0001578. Shifted mean: 0.9050991
  Working on index: (5, 1, 2)
    Raw mean ± std: 0.8448019 ± 0.0001904. Shifted mean: 0.8448019
  Working on index: (5, 2, 1)
    Raw mean ± std: 0.8105592 ± 0.0002490. Shifted mean: 0.8105592
  Working on index: (5, 2, 2)
    Raw mean ± std: 0.6968206 ± 0.0003030. Shifted mean: 0.6968206
  Working on index: (6, 1, 1)
    Raw mean ± std: 0.8596575 ± 0.0004263. Shifted mean: 0.8596575
  Working on index: (6, 1, 2)
    Raw mean ± std: 0.7980739 ± 0.0005215. Shifted mean: 0.7980739
  Working on index: (6, 2, 1)
    Raw mean ± std: 0.8455108 ± 0.0003440. Shifted mean: 0.8455108
  Working on index: (6, 2, 2)
    Raw mean ± std: 0.7798414 ± 0.0004014. Shifted mean: 0.7798414
Copy pTrueToGTag_16 and shift means...
  Working on index: (1, 1, 1)
    Raw mean ± std: 0.9667204 ± 0.0005632. Shifted mean: 0.9667204
  Working on index: (1, 1, 2)
    Raw mean ± std: 0.9427450 ± 0.0007475. Shifted mean: 0.9427450
  Working on index: (1, 2, 1)
    Raw mean ± std: 0.8150078 ± 0.0053736. Shifted mean: 0.8150078
  Working on index: (1, 2, 2)
    Raw mean ± std: 0.6865450 ± 0.0168459. Shifted mean: 0.6865450
  Working on index: (2, 1, 1)
    Raw mean ± std: 0.8787944 ± 0.0002375. Shifted mean: 0.8787944
  Working on index: (2, 1, 2)
    Raw mean ± std: 0.8760355 ± 0.0002505. Shifted mean: 0.8760355
  Working on index: (2, 2, 1)
    Raw mean ± std: 0.7251505 ± 0.0005311. Shifted mean: 0.7251505
  Working on index: (2, 2, 2)
    Raw mean ± std: 0.7143628 ± 0.0006420. Shifted mean: 0.7143628
  Working on index: (3, 1, 1)
    Raw mean ± std: 0.2142726 ± 0.0002511. Shifted mean: 0.2142726
  Working on index: (3, 1, 2)
    Raw mean ± std: 0.2978664 ± 0.0002873. Shifted mean: 0.2978664
  Working on index: (3, 2, 1)
    Raw mean ± std: 0.3281978 ± 0.0003395. Shifted mean: 0.3281978
  Working on index: (3, 2, 2)
    Raw mean ± std: 0.3862205 ± 0.0003977. Shifted mean: 0.3862205
  Working on index: (4, 1, 1)
    Raw mean ± std: 0.0959145 ± 0.0001513. Shifted mean: 0.0959145
  Working on index: (4, 1, 2)
    Raw mean ± std: 0.1613458 ± 0.0001914. Shifted mean: 0.1613458
  Working on index: (4, 2, 1)
    Raw mean ± std: 0.1786678 ± 0.0002156. Shifted mean: 0.1786678
  Working on index: (4, 2, 2)
    Raw mean ± std: 0.2386013 ± 0.0002600. Shifted mean: 0.2386013
  Working on index: (5, 1, 1)
    Raw mean ± std: 0.0861462 ± 0.0001350. Shifted mean: 0.0861462
  Working on index: (5, 1, 2)
    Raw mean ± std: 0.1424974 ± 0.0001744. Shifted mean: 0.1424974
  Working on index: (5, 2, 1)
    Raw mean ± std: 0.1107690 ± 0.0001974. Shifted mean: 0.1107690
  Working on index: (5, 2, 2)
    Raw mean ± std: 0.1717582 ± 0.0002490. Shifted mean: 0.1717582
  Working on index: (6, 1, 1)
    Raw mean ± std: 0.1115773 ± 0.0003605. Shifted mean: 0.1115773
  Working on index: (6, 1, 2)
    Raw mean ± std: 0.1668752 ± 0.0004661. Shifted mean: 0.1668752
  Working on index: (6, 2, 1)
    Raw mean ± std: 0.1103487 ± 0.0002912. Shifted mean: 0.1103487
  Working on index: (6, 2, 2)
    Raw mean ± std: 0.1629810 ± 0.0003541. Shifted mean: 0.1629810
Copy piTrueToETag_16 and shift means...
  Working on index: (1, 1, 1)
    Raw mean ± std: 0.0010693 ± 0.0000382. Shifted mean: 0.0010693
  Working on index: (1, 1, 2)
    Raw mean ± std: 0.0026156 ± 0.0000783. Shifted mean: 0.0026156
  Working on index: (1, 2, 1)
    Raw mean ± std: 0.0032993 ± 0.0005288. Shifted mean: 0.0032993
  Working on index: (1, 2, 2)
    Raw mean ± std: 0.0046926 ± 0.0011555. Shifted mean: 0.0046926
  Working on index: (2, 1, 1)
    Raw mean ± std: 0.0044960 ± 0.0000424. Shifted mean: 0.0044960
  Working on index: (2, 1, 2)
    Raw mean ± std: 0.0071900 ± 0.0000735. Shifted mean: 0.0071900
  Working on index: (2, 2, 1)
    Raw mean ± std: 0.0033651 ± 0.0001681. Shifted mean: 0.0033651
  Working on index: (2, 2, 2)
    Raw mean ± std: 0.0055435 ± 0.0003042. Shifted mean: 0.0055435
  Working on index: (3, 1, 1)
    Raw mean ± std: 0.0179833 ± 0.0000673. Shifted mean: 0.0179833
  Working on index: (3, 1, 2)
    Raw mean ± std: 0.0215432 ± 0.0000999. Shifted mean: 0.0215432
  Working on index: (3, 2, 1)
    Raw mean ± std: 0.0056070 ± 0.0001243. Shifted mean: 0.0056070
  Working on index: (3, 2, 2)
    Raw mean ± std: 0.0075993 ± 0.0002038. Shifted mean: 0.0075993
  Working on index: (4, 1, 1)
    Raw mean ± std: 0.0259033 ± 0.0000674. Shifted mean: 0.0259033
  Working on index: (4, 1, 2)
    Raw mean ± std: 0.0271814 ± 0.0000924. Shifted mean: 0.0271814
  Working on index: (4, 2, 1)
    Raw mean ± std: 0.0102407 ± 0.0000996. Shifted mean: 0.0102407
  Working on index: (4, 2, 2)
    Raw mean ± std: 0.0111601 ± 0.0001434. Shifted mean: 0.0111601
  Working on index: (5, 1, 1)
    Raw mean ± std: 0.0284369 ± 0.0000722. Shifted mean: 0.0284369
  Working on index: (5, 1, 2)
    Raw mean ± std: 0.0279527 ± 0.0000957. Shifted mean: 0.0279527
  Working on index: (5, 2, 1)
    Raw mean ± std: 0.0136212 ± 0.0000777. Shifted mean: 0.0136212
  Working on index: (5, 2, 2)
    Raw mean ± std: 0.0129812 ± 0.0001044. Shifted mean: 0.0129812
  Working on index: (6, 1, 1)
    Raw mean ± std: 0.0216559 ± 0.0001422. Shifted mean: 0.0216559
  Working on index: (6, 1, 2)
    Raw mean ± std: 0.0202610 ± 0.0001844. Shifted mean: 0.0202610
  Working on index: (6, 2, 1)
    Raw mean ± std: 0.0109854 ± 0.0001009. Shifted mean: 0.0109854
  Working on index: (6, 2, 2)
    Raw mean ± std: 0.0096393 ± 0.0001282. Shifted mean: 0.0096393
Copy pTrueToPiTag_16 and shift means...
  Working on index: (1, 1, 1)
    Raw mean ± std: 0.0312256 ± 0.0005479. Shifted mean: 0.0312256
  Working on index: (1, 1, 2)
    Raw mean ± std: 0.0525120 ± 0.0007246. Shifted mean: 0.0525120
  Working on index: (1, 2, 1)
    Raw mean ± std: 0.1770142 ± 0.0052538. Shifted mean: 0.1770142
  Working on index: (1, 2, 2)
    Raw mean ± std: 0.2886827 ± 0.0162962. Shifted mean: 0.2886827
  Working on index: (2, 1, 1)
    Raw mean ± std: 0.0179056 ± 0.0001091. Shifted mean: 0.0179056
  Working on index: (2, 1, 2)
    Raw mean ± std: 0.0290249 ± 0.0001414. Shifted mean: 0.0290249
  Working on index: (2, 2, 1)
    Raw mean ± std: 0.1771950 ± 0.0004638. Shifted mean: 0.1771950
  Working on index: (2, 2, 2)
    Raw mean ± std: 0.2097474 ± 0.0005886. Shifted mean: 0.2097474
  Working on index: (3, 1, 1)
    Raw mean ± std: 0.0074478 ± 0.0000720. Shifted mean: 0.0074478
  Working on index: (3, 1, 2)
    Raw mean ± std: 0.0127380 ± 0.0000869. Shifted mean: 0.0127380
  Working on index: (3, 2, 1)
    Raw mean ± std: 0.0921427 ± 0.0002226. Shifted mean: 0.0921427
  Working on index: (3, 2, 2)
    Raw mean ± std: 0.1368345 ± 0.0002938. Shifted mean: 0.1368345
  Working on index: (4, 1, 1)
    Raw mean ± std: 0.0041860 ± 0.0000640. Shifted mean: 0.0041860
  Working on index: (4, 1, 2)
    Raw mean ± std: 0.0065730 ± 0.0000630. Shifted mean: 0.0065730
  Working on index: (4, 2, 1)
    Raw mean ± std: 0.0585624 ± 0.0001406. Shifted mean: 0.0585624
  Working on index: (4, 2, 2)
    Raw mean ± std: 0.0963725 ± 0.0001875. Shifted mean: 0.0963725
  Working on index: (5, 1, 1)
    Raw mean ± std: 0.0033649 ± 0.0000688. Shifted mean: 0.0033649
  Working on index: (5, 1, 2)
    Raw mean ± std: 0.0047503 ± 0.0000678. Shifted mean: 0.0047503
  Working on index: (5, 2, 1)
    Raw mean ± std: 0.0288944 ± 0.0001162. Shifted mean: 0.0288944
  Working on index: (5, 2, 2)
    Raw mean ± std: 0.0504749 ± 0.0001545. Shifted mean: 0.0504749
  Working on index: (6, 1, 1)
    Raw mean ± std: 0.0091989 ± 0.0001889. Shifted mean: 0.0091989
  Working on index: (6, 1, 2)
    Raw mean ± std: 0.0114718 ± 0.0002086. Shifted mean: 0.0114718
  Working on index: (6, 2, 1)
    Raw mean ± std: 0.0149427 ± 0.0001413. Shifted mean: 0.0149427
  Working on index: (6, 2, 2)
    Raw mean ± std: 0.0202627 ± 0.0001571. Shifted mean: 0.0202627
Copy piTrueToKTag_16 and shift means...
  Working on index: (1, 1, 1)
    Zero or negative efficiency uncertainty found (0.0). Manually set efficiency to 0.0.
  Working on index: (1, 1, 2)
    Zero or negative efficiency uncertainty found (0.0). Manually set efficiency to 0.0.
  Working on index: (1, 2, 1)
    Zero or negative efficiency uncertainty found (0.0). Manually set efficiency to 0.0.
  Working on index: (1, 2, 2)
    Zero or negative efficiency uncertainty found (0.0). Manually set efficiency to 0.0.
  Working on index: (2, 1, 1)
    Raw mean ± std: 0.0023972 ± 0.0000314. Shifted mean: 0.0023972
  Working on index: (2, 1, 2)
    Raw mean ± std: 0.0046064 ± 0.0000601. Shifted mean: 0.0046064
  Working on index: (2, 2, 1)
    Raw mean ± std: 0.0055569 ± 0.0001839. Shifted mean: 0.0055569
  Working on index: (2, 2, 2)
    Raw mean ± std: 0.0095612 ± 0.0003449. Shifted mean: 0.0095612
  Working on index: (3, 1, 1)
    Raw mean ± std: 0.0048063 ± 0.0000418. Shifted mean: 0.0048063
  Working on index: (3, 1, 2)
    Raw mean ± std: 0.0108033 ± 0.0000815. Shifted mean: 0.0108033
  Working on index: (3, 2, 1)
    Raw mean ± std: 0.0191280 ± 0.0002242. Shifted mean: 0.0191280
  Working on index: (3, 2, 2)
    Raw mean ± std: 0.0286064 ± 0.0003803. Shifted mean: 0.0286064
  Working on index: (4, 1, 1)
    Raw mean ± std: 0.0030295 ± 0.0000410. Shifted mean: 0.0030295
  Working on index: (4, 1, 2)
    Raw mean ± std: 0.0061415 ± 0.0000731. Shifted mean: 0.0061415
  Working on index: (4, 2, 1)
    Raw mean ± std: 0.0174158 ± 0.0001466. Shifted mean: 0.0174158
  Working on index: (4, 2, 2)
    Raw mean ± std: 0.0277781 ± 0.0002517. Shifted mean: 0.0277781
  Working on index: (5, 1, 1)
    Raw mean ± std: 0.0424139 ± 0.0000977. Shifted mean: 0.0424139
  Working on index: (5, 1, 2)
    Raw mean ± std: 0.0498939 ± 0.0001452. Shifted mean: 0.0498939
  Working on index: (5, 2, 1)
    Raw mean ± std: 0.0432134 ± 0.0001576. Shifted mean: 0.0432134
  Working on index: (5, 2, 2)
    Raw mean ± std: 0.0585860 ± 0.0002531. Shifted mean: 0.0585860
  Working on index: (6, 1, 1)
    Raw mean ± std: 0.1478249 ± 0.0003506. Shifted mean: 0.1478249
  Working on index: (6, 1, 2)
    Raw mean ± std: 0.1611213 ± 0.0004920. Shifted mean: 0.1611213
  Working on index: (6, 2, 1)
    Raw mean ± std: 0.1567272 ± 0.0003603. Shifted mean: 0.1567272
  Working on index: (6, 2, 2)
    Raw mean ± std: 0.1747383 ± 0.0005092. Shifted mean: 0.1747383
Combining pTrueToMuTag_16_vmu...
  Working on index: (1, 1, 1)
    Raw mean ± std: 0.0094060 ± 0.0002687. Shifted mean: 0.0094060
    Raw mean ± std: 0.9894758 ± 0.0002925. Shifted mean: 0.9894758
  Working on index: (1, 1, 2)
    Raw mean ± std: 0.0158415 ± 0.0003800. Shifted mean: 0.0158415
    Raw mean ± std: 0.9819783 ± 0.0004157. Shifted mean: 0.9819783
  Working on index: (1, 2, 1)
    Raw mean ± std: 0.0306180 ± 0.0023834. Shifted mean: 0.0306180
    Raw mean ± std: 0.9681863 ± 0.0029330. Shifted mean: 0.9681863
  Working on index: (1, 2, 2)
    Raw mean ± std: 0.0029653 ± 0.0119979. Shifted mean: 0.0092984
    INFO: Raw mean not in [0, 1]!
    Raw mean ± std: 1.0596567 ± 0.0157410. Shifted mean: 0.9973427
  Working on index: (2, 1, 1)
    Raw mean ± std: 0.0164724 ± 0.0000911. Shifted mean: 0.0164724
    Raw mean ± std: 0.9825336 ± 0.0000952. Shifted mean: 0.9825336
  Working on index: (2, 1, 2)
    Raw mean ± std: 0.0255083 ± 0.0001174. Shifted mean: 0.0255083
    Raw mean ± std: 0.9725852 ± 0.0001231. Shifted mean: 0.9725852
  Working on index: (2, 2, 1)
    Raw mean ± std: 0.0282780 ± 0.0001953. Shifted mean: 0.0282780
    Raw mean ± std: 0.9685108 ± 0.0002130. Shifted mean: 0.9685108
  Working on index: (2, 2, 2)
    Raw mean ± std: 0.0532430 ± 0.0003225. Shifted mean: 0.0532430
    Raw mean ± std: 0.9402306 ± 0.0003518. Shifted mean: 0.9402306
  Working on index: (3, 1, 1)
    Raw mean ± std: 0.0093905 ± 0.0000592. Shifted mean: 0.0093905
    Raw mean ± std: 0.9901994 ± 0.0000619. Shifted mean: 0.9901994
  Working on index: (3, 1, 2)
    Raw mean ± std: 0.0192606 ± 0.0000858. Shifted mean: 0.0192606
    Raw mean ± std: 0.9796482 ± 0.0000892. Shifted mean: 0.9796482
  Working on index: (3, 2, 1)
    Raw mean ± std: 0.0120152 ± 0.0000793. Shifted mean: 0.0120152
    Raw mean ± std: 0.9866421 ± 0.0000869. Shifted mean: 0.9866421
  Working on index: (3, 2, 2)
    Raw mean ± std: 0.0259414 ± 0.0001296. Shifted mean: 0.0259414
    Raw mean ± std: 0.9712023 ± 0.0001395. Shifted mean: 0.9712023
  Working on index: (4, 1, 1)
    Raw mean ± std: 0.0021281 ± 0.0000248. Shifted mean: 0.0021281
    Raw mean ± std: 0.9977267 ± 0.0000280. Shifted mean: 0.9977267
  Working on index: (4, 1, 2)
    Raw mean ± std: 0.0047450 ± 0.0000363. Shifted mean: 0.0047450
    Raw mean ± std: 0.9950008 ± 0.0000388. Shifted mean: 0.9950008
  Working on index: (4, 2, 1)
    Raw mean ± std: 0.0071013 ± 0.0000473. Shifted mean: 0.0071013
    Raw mean ± std: 0.9923039 ± 0.0000506. Shifted mean: 0.9923039
  Working on index: (4, 2, 2)
    Raw mean ± std: 0.0170350 ± 0.0000780. Shifted mean: 0.0170350
    Raw mean ± std: 0.9815871 ± 0.0000823. Shifted mean: 0.9815871
  Working on index: (5, 1, 1)
    Raw mean ± std: 0.0007005 ± 0.0000151. Shifted mean: 0.0007005
    Raw mean ± std: 0.9992432 ± 0.0000199. Shifted mean: 0.9992432
  Working on index: (5, 1, 2)
    Raw mean ± std: 0.0010335 ± 0.0000183. Shifted mean: 0.0010335
    Raw mean ± std: 0.9988965 ± 0.0000223. Shifted mean: 0.9988965
  Working on index: (5, 2, 1)
    Raw mean ± std: 0.0030193 ± 0.0000344. Shifted mean: 0.0030193
    Raw mean ± std: 0.9967916 ± 0.0000368. Shifted mean: 0.9967916
  Working on index: (5, 2, 2)
    Raw mean ± std: 0.0078993 ± 0.0000579. Shifted mean: 0.0078993
    Raw mean ± std: 0.9916261 ± 0.0000607. Shifted mean: 0.9916261
  Working on index: (6, 1, 1)
    Raw mean ± std: 0.0009712 ± 0.0000418. Shifted mean: 0.0009712
    Raw mean ± std: 0.9989651 ± 0.0000540. Shifted mean: 0.9989651
  Working on index: (6, 1, 2)
    Raw mean ± std: 0.0013298 ± 0.0000529. Shifted mean: 0.0013298
    Raw mean ± std: 0.9985908 ± 0.0000647. Shifted mean: 0.9985908
  Working on index: (6, 2, 1)
    Raw mean ± std: 0.0014159 ± 0.0000357. Shifted mean: 0.0014159
    Raw mean ± std: 0.9985383 ± 0.0000399. Shifted mean: 0.9985383
  Working on index: (6, 2, 2)
    Raw mean ± std: 0.0030695 ± 0.0000528. Shifted mean: 0.0030695
    Raw mean ± std: 0.9968212 ± 0.0000564. Shifted mean: 0.9968212
Copy kTrueToGTag_16 and shift means...
  Working on index: (1, 1, 1)
    Raw mean ± std: 0.9439777 ± 0.0011235. Shifted mean: 0.9439777
  Working on index: (1, 1, 2)
    Raw mean ± std: 0.9161615 ± 0.0015863. Shifted mean: 0.9161615
  Working on index: (1, 2, 1)
    Raw mean ± std: 0.8424119 ± 0.0109000. Shifted mean: 0.8424119
  Working on index: (1, 2, 2)
    Raw mean ± std: 0.8075501 ± 0.0146879. Shifted mean: 0.8075501
  Working on index: (2, 1, 1)
    Raw mean ± std: 0.8395063 ± 0.0003592. Shifted mean: 0.8395063
  Working on index: (2, 1, 2)
    Raw mean ± std: 0.8423450 ± 0.0004936. Shifted mean: 0.8423450
  Working on index: (2, 2, 1)
    Raw mean ± std: 0.7471599 ± 0.0019219. Shifted mean: 0.7471599
  Working on index: (2, 2, 2)
    Raw mean ± std: 0.7380876 ± 0.0028247. Shifted mean: 0.7380876
  Working on index: (3, 1, 1)
    Raw mean ± std: 0.0885176 ± 0.0001638. Shifted mean: 0.0885176
  Working on index: (3, 1, 2)
    Raw mean ± std: 0.1517691 ± 0.0002806. Shifted mean: 0.1517691
  Working on index: (3, 2, 1)
    Raw mean ± std: 0.1742021 ± 0.0006884. Shifted mean: 0.1742021
  Working on index: (3, 2, 2)
    Raw mean ± std: 0.2492877 ± 0.0011357. Shifted mean: 0.2492877
  Working on index: (4, 1, 1)
    Raw mean ± std: 0.0394819 ± 0.0000897. Shifted mean: 0.0394819
  Working on index: (4, 1, 2)
    Raw mean ± std: 0.0885090 ± 0.0001708. Shifted mean: 0.0885090
  Working on index: (4, 2, 1)
    Raw mean ± std: 0.0832892 ± 0.0002942. Shifted mean: 0.0832892
  Working on index: (4, 2, 2)
    Raw mean ± std: 0.1389620 ± 0.0005105. Shifted mean: 0.1389620
  Working on index: (5, 1, 1)
    Raw mean ± std: 0.0282855 ± 0.0000791. Shifted mean: 0.0282855
  Working on index: (5, 1, 2)
    Raw mean ± std: 0.0651141 ± 0.0001465. Shifted mean: 0.0651141
  Working on index: (5, 2, 1)
    Raw mean ± std: 0.0429293 ± 0.0001460. Shifted mean: 0.0429293
  Working on index: (5, 2, 2)
    Raw mean ± std: 0.0824966 ± 0.0002595. Shifted mean: 0.0824966
  Working on index: (6, 1, 1)
    Raw mean ± std: 0.0419712 ± 0.0002090. Shifted mean: 0.0419712
  Working on index: (6, 1, 2)
    Raw mean ± std: 0.0728612 ± 0.0003490. Shifted mean: 0.0728612
  Working on index: (6, 2, 1)
    Raw mean ± std: 0.0595185 ± 0.0002374. Shifted mean: 0.0595185
  Working on index: (6, 2, 2)
    Raw mean ± std: 0.0934621 ± 0.0003870. Shifted mean: 0.0934621
Combining eTrueToMuTag_16...
  Working on index: (1, 1, 1)
    Raw mean ± std: 0.0012227 ± 0.0026743. Shifted mean: 0.0023395
    Raw mean ± std: 0.9366065 ± 0.0040042. Shifted mean: 0.9366065
  Working on index: (1, 1, 2)
    INFO: Raw mean not in [0, 1]!
    WARNING: Raw and shifted means are significantly different!
    Raw mean ± std: -0.0180636 ± 0.0094160. Shifted mean: 0.0026884
    Raw mean ± std: 0.9244946 ± 0.0110794. Shifted mean: 0.9244946
  Working on index: (1, 2, 1)
  Working on index: (1, 2, 2)
  Working on index: (2, 1, 1)
    Raw mean ± std: 0.0004346 ± 0.0013124. Shifted mean: 0.0010673
    Raw mean ± std: 0.9703408 ± 0.0018650. Shifted mean: 0.9703408
  Working on index: (2, 1, 2)
    INFO: Raw mean not in [0, 1]!
    WARNING: Raw and shifted means are significantly different!
    Raw mean ± std: -0.0059987 ± 0.0033461. Shifted mean: 0.0009988
    Raw mean ± std: 0.9554262 ± 0.0044293. Shifted mean: 0.9554262
  Working on index: (2, 2, 1)
    Raw mean ± std: 0.0053036 ± 0.0110450. Shifted mean: 0.0097923
    Raw mean ± std: 0.9518496 ± 0.0445341. Shifted mean: 0.9440061
  Working on index: (2, 2, 2)
    WARNING: Very large std!
    Raw mean ± std: 0.2163556 ± 0.2345093. Shifted mean: 0.2690218
    WARNING: Very large std!
    Raw mean ± std: 0.6001218 ± 0.3365543. Shifted mean: 0.5662761
  Working on index: (3, 1, 1)
    Raw mean ± std: 0.0006982 ± 0.0008055. Shifted mean: 0.0008950
    Raw mean ± std: 0.9841669 ± 0.0011443. Shifted mean: 0.9841669
  Working on index: (3, 1, 2)
    Raw mean ± std: 0.0016935 ± 0.0019116. Shifted mean: 0.0021478
    Raw mean ± std: 0.9745897 ± 0.0025869. Shifted mean: 0.9745897
  Working on index: (3, 2, 1)
    Raw mean ± std: 0.0126128 ± 0.0063508. Shifted mean: 0.0128000
    Raw mean ± std: 0.9679543 ± 0.0075149. Shifted mean: 0.9679542
  Working on index: (3, 2, 2)
    INFO: Raw mean not in [0, 1]!
    Raw mean ± std: -0.0251614 ± 0.0163483. Shifted mean: 0.0053620
    INFO: Raw mean not in [0, 1]!
    Raw mean ± std: 1.0044808 ± 0.0185252. Shifted mean: 0.9890359
  Working on index: (4, 1, 1)
    Raw mean ± std: 0.0002744 ± 0.0005672. Shifted mean: 0.0005039
    Raw mean ± std: 0.9924617 ± 0.0007520. Shifted mean: 0.9924617
  Working on index: (4, 1, 2)
    Raw mean ± std: 0.0024468 ± 0.0011325. Shifted mean: 0.0024686
    Raw mean ± std: 0.9860909 ± 0.0015303. Shifted mean: 0.9860909
  Working on index: (4, 2, 1)
    INFO: Raw mean not in [0, 1]!
    Raw mean ± std: -0.0003230 ± 0.0023613. Shifted mean: 0.0014781
    Raw mean ± std: 0.9904181 ± 0.0028005. Shifted mean: 0.9904170
  Working on index: (4, 2, 2)
    Raw mean ± std: 0.0027645 ± 0.0051419. Shifted mean: 0.0047140
    Raw mean ± std: 0.9803312 ± 0.0062269. Shifted mean: 0.9803250
  Working on index: (5, 1, 1)
    Raw mean ± std: 0.0001717 ± 0.0003970. Shifted mean: 0.0003423
    Raw mean ± std: 0.9964639 ± 0.0005152. Shifted mean: 0.9964639
  Working on index: (5, 1, 2)
    Raw mean ± std: 0.0017908 ± 0.0007295. Shifted mean: 0.0017972
    Raw mean ± std: 0.9938520 ± 0.0009685. Shifted mean: 0.9938520
  Working on index: (5, 2, 1)
    Raw mean ± std: 0.0008081 ± 0.0012280. Shifted mean: 0.0012079
    Raw mean ± std: 0.9946776 ± 0.0014594. Shifted mean: 0.9946774
  Working on index: (5, 2, 2)
    Raw mean ± std: 0.0051752 ± 0.0025446. Shifted mean: 0.0052421
    Raw mean ± std: 0.9875881 ± 0.0030802. Shifted mean: 0.9875880
  Working on index: (6, 1, 1)
    INFO: Raw mean not in [0, 1]!
    WARNING: Raw and shifted means are significantly different!
    Raw mean ± std: -0.0000216 ± 0.0006441. Shifted mean: 0.0004265
    Raw mean ± std: 0.9988054 ± 0.0007647. Shifted mean: 0.9987487
  Working on index: (6, 1, 2)
    Raw mean ± std: 0.0035487 ± 0.0014640. Shifted mean: 0.0035628
    Raw mean ± std: 0.9942077 ± 0.0017232. Shifted mean: 0.9942068
  Working on index: (6, 2, 1)
    Raw mean ± std: 0.0019434 ± 0.0015277. Shifted mean: 0.0021386
    Raw mean ± std: 0.9960331 ± 0.0017093. Shifted mean: 0.9960114
  Working on index: (6, 2, 2)
    Raw mean ± std: 0.0019395 ± 0.0023210. Shifted mean: 0.0025326
    Raw mean ± std: 0.9954066 ± 0.0032816. Shifted mean: 0.9950738
  FIX: bin (2, 2, 2) = 0.4750718 ± 0.5012192 has a large error, replace w/ weighted average of nearby bins
    Looking at nearby bin with index (2, 2, 1)
    Use 0.0103731 ± 0.0117104
    Looking at nearby bin with index (2, 1, 2)
    Use 0.0010454 ± 0.0035022
    Looking at nearby bin with index (1, 2, 2)
    std = 0.0, perhaps the sample does not cover this bin, skipping...
    Looking at nearby bin with index (3, 2, 2)
    Use 0.0054214 ± 0.0165298
    Use weighted average: 0.0019540 ± 0.0032883
  Multiplying histo eTrueToMuTag_16 and eff
  Working on index: (1, 1, 1)
    original: 0.002497847421093173
    new fac:  0.06017492711370263
  Working on index: (1, 1, 2)
    original: 0.0029080011838953134
    new fac:  0.06017492711370263
  Working on index: (1, 2, 1)
    original: 0.0
    new fac:  0.06017492711370263
  Working on index: (1, 2, 2)
    original: 0.0
    new fac:  0.06017492711370263
  Working on index: (2, 1, 1)
    original: 0.0010999614464510205
    new fac:  0.03560795522210313
  Working on index: (2, 1, 2)
    original: 0.001045370676590098
    new fac:  0.03560795522210313
  Working on index: (2, 2, 1)
    original: 0.010373108741630015
    new fac:  0.03560795522210313
  Working on index: (2, 2, 2)
    original: 0.001954024817927954
    new fac:  0.03560795522210313
  Working on index: (3, 1, 1)
    original: 0.0009094145383282203
    new fac:  0.06695598264104154
  Working on index: (3, 1, 2)
    original: 0.0022037596382481098
    new fac:  0.06695598264104154
  Working on index: (3, 2, 1)
    original: 0.01322378092511765
    new fac:  0.06695598264104154
  Working on index: (3, 2, 2)
    original: 0.005421424532370126
    new fac:  0.06695598264104154
  Working on index: (4, 1, 1)
    original: 0.0005077637044533595
    new fac:  0.09410430839002268
  Working on index: (4, 1, 2)
    original: 0.002503414094892784
    new fac:  0.09410430839002268
  Working on index: (4, 2, 1)
    original: 0.0014924114545658935
    new fac:  0.09410430839002268
  Working on index: (4, 2, 2)
    original: 0.004808603598620818
    new fac:  0.09410430839002268
  Working on index: (5, 1, 1)
    original: 0.0003435522289380122
    new fac:  0.17037037037037037
  Working on index: (5, 1, 2)
    original: 0.0018083454164490498
    new fac:  0.17037037037037037
  Working on index: (5, 2, 1)
    original: 0.001214364160927052
    new fac:  0.17037037037037037
  Working on index: (5, 2, 2)
    original: 0.005308004643807145
    new fac:  0.17037037037037037
  Working on index: (6, 1, 1)
    original: 0.0004270555247001971
    new fac:  0.15
  Working on index: (6, 1, 2)
    original: 0.003583518377969477
    new fac:  0.15
  Working on index: (6, 2, 1)
    original: 0.0021471823105197805
    new fac:  0.15
  Working on index: (6, 2, 2)
    original: 0.0025451133686689364
    new fac:  0.15
Combining eTrueToMuTag_16_vmu...
  Working on index: (1, 1, 1)
    Raw mean ± std: 0.0012227 ± 0.0026743. Shifted mean: 0.0023395
    Raw mean ± std: 0.9366065 ± 0.0040042. Shifted mean: 0.9366065
  Working on index: (1, 1, 2)
    INFO: Raw mean not in [0, 1]!
    WARNING: Raw and shifted means are significantly different!
    Raw mean ± std: -0.0180636 ± 0.0094160. Shifted mean: 0.0026884
    Raw mean ± std: 0.9244946 ± 0.0110794. Shifted mean: 0.9244946
  Working on index: (1, 2, 1)
  Working on index: (1, 2, 2)
  Working on index: (2, 1, 1)
    Raw mean ± std: 0.0004346 ± 0.0013124. Shifted mean: 0.0010673
    Raw mean ± std: 0.9703408 ± 0.0018650. Shifted mean: 0.9703408
  Working on index: (2, 1, 2)
    INFO: Raw mean not in [0, 1]!
    WARNING: Raw and shifted means are significantly different!
    Raw mean ± std: -0.0059987 ± 0.0033461. Shifted mean: 0.0009988
    Raw mean ± std: 0.9554262 ± 0.0044293. Shifted mean: 0.9554262
  Working on index: (2, 2, 1)
    Raw mean ± std: 0.0053036 ± 0.0110450. Shifted mean: 0.0097923
    Raw mean ± std: 0.9518496 ± 0.0445341. Shifted mean: 0.9440061
  Working on index: (2, 2, 2)
    WARNING: Very large std!
    Raw mean ± std: 0.2163556 ± 0.2345093. Shifted mean: 0.2690218
    WARNING: Very large std!
    Raw mean ± std: 0.6001218 ± 0.3365543. Shifted mean: 0.5662761
  Working on index: (3, 1, 1)
    Raw mean ± std: 0.0006982 ± 0.0008055. Shifted mean: 0.0008950
    Raw mean ± std: 0.9841669 ± 0.0011443. Shifted mean: 0.9841669
  Working on index: (3, 1, 2)
    Raw mean ± std: 0.0016935 ± 0.0019116. Shifted mean: 0.0021478
    Raw mean ± std: 0.9745897 ± 0.0025869. Shifted mean: 0.9745897
  Working on index: (3, 2, 1)
    Raw mean ± std: 0.0126128 ± 0.0063508. Shifted mean: 0.0128000
    Raw mean ± std: 0.9679543 ± 0.0075149. Shifted mean: 0.9679542
  Working on index: (3, 2, 2)
    INFO: Raw mean not in [0, 1]!
    Raw mean ± std: -0.0251614 ± 0.0163483. Shifted mean: 0.0053620
    INFO: Raw mean not in [0, 1]!
    Raw mean ± std: 1.0044808 ± 0.0185252. Shifted mean: 0.9890359
  Working on index: (4, 1, 1)
    Raw mean ± std: 0.0002744 ± 0.0005672. Shifted mean: 0.0005039
    Raw mean ± std: 0.9924617 ± 0.0007520. Shifted mean: 0.9924617
  Working on index: (4, 1, 2)
    Raw mean ± std: 0.0024468 ± 0.0011325. Shifted mean: 0.0024686
    Raw mean ± std: 0.9860909 ± 0.0015303. Shifted mean: 0.9860909
  Working on index: (4, 2, 1)
    INFO: Raw mean not in [0, 1]!
    Raw mean ± std: -0.0003230 ± 0.0023613. Shifted mean: 0.0014781
    Raw mean ± std: 0.9904181 ± 0.0028005. Shifted mean: 0.9904170
  Working on index: (4, 2, 2)
    Raw mean ± std: 0.0027645 ± 0.0051419. Shifted mean: 0.0047140
    Raw mean ± std: 0.9803312 ± 0.0062269. Shifted mean: 0.9803250
  Working on index: (5, 1, 1)
    Raw mean ± std: 0.0001717 ± 0.0003970. Shifted mean: 0.0003423
    Raw mean ± std: 0.9964639 ± 0.0005152. Shifted mean: 0.9964639
  Working on index: (5, 1, 2)
    Raw mean ± std: 0.0017908 ± 0.0007295. Shifted mean: 0.0017972
    Raw mean ± std: 0.9938520 ± 0.0009685. Shifted mean: 0.9938520
  Working on index: (5, 2, 1)
    Raw mean ± std: 0.0008081 ± 0.0012280. Shifted mean: 0.0012079
    Raw mean ± std: 0.9946776 ± 0.0014594. Shifted mean: 0.9946774
  Working on index: (5, 2, 2)
    Raw mean ± std: 0.0051752 ± 0.0025446. Shifted mean: 0.0052421
    Raw mean ± std: 0.9875881 ± 0.0030802. Shifted mean: 0.9875880
  Working on index: (6, 1, 1)
    INFO: Raw mean not in [0, 1]!
    WARNING: Raw and shifted means are significantly different!
    Raw mean ± std: -0.0000216 ± 0.0006441. Shifted mean: 0.0004265
    Raw mean ± std: 0.9988054 ± 0.0007647. Shifted mean: 0.9987487
  Working on index: (6, 1, 2)
    Raw mean ± std: 0.0035487 ± 0.0014640. Shifted mean: 0.0035628
    Raw mean ± std: 0.9942077 ± 0.0017232. Shifted mean: 0.9942068
  Working on index: (6, 2, 1)
    Raw mean ± std: 0.0019434 ± 0.0015277. Shifted mean: 0.0021386
    Raw mean ± std: 0.9960331 ± 0.0017093. Shifted mean: 0.9960114
  Working on index: (6, 2, 2)
    Raw mean ± std: 0.0019395 ± 0.0023210. Shifted mean: 0.0025326
    Raw mean ± std: 0.9954066 ± 0.0032816. Shifted mean: 0.9950738
  FIX: bin (2, 2, 2) = 0.4750718 ± 0.5012192 has a large error, replace w/ weighted average of nearby bins
    Looking at nearby bin with index (2, 2, 1)
    Use 0.0103731 ± 0.0117104
    Looking at nearby bin with index (2, 1, 2)
    Use 0.0010454 ± 0.0035022
    Looking at nearby bin with index (1, 2, 2)
    std = 0.0, perhaps the sample does not cover this bin, skipping...
    Looking at nearby bin with index (3, 2, 2)
    Use 0.0054214 ± 0.0165298
    Use weighted average: 0.0019540 ± 0.0032883
  Multiplying histo eTrueToMuTag_16_vmu and eff
  Working on index: (1, 1, 1)
    original: 0.002497847421093173
    new fac:  0.9398250728862974
  Working on index: (1, 1, 2)
    original: 0.0029080011838953134
    new fac:  0.9398250728862974
  Working on index: (1, 2, 1)
    original: 0.0
    new fac:  0.9398250728862974
  Working on index: (1, 2, 2)
    original: 0.0
    new fac:  0.9398250728862974
  Working on index: (2, 1, 1)
    original: 0.0010999614464510205
    new fac:  0.9643920447778969
  Working on index: (2, 1, 2)
    original: 0.001045370676590098
    new fac:  0.9643920447778969
  Working on index: (2, 2, 1)
    original: 0.010373108741630015
    new fac:  0.9643920447778969
  Working on index: (2, 2, 2)
    original: 0.001954024817927954
    new fac:  0.9643920447778969
  Working on index: (3, 1, 1)
    original: 0.0009094145383282203
    new fac:  0.9330440173589585
  Working on index: (3, 1, 2)
    original: 0.0022037596382481098
    new fac:  0.9330440173589585
  Working on index: (3, 2, 1)
    original: 0.01322378092511765
    new fac:  0.9330440173589585
  Working on index: (3, 2, 2)
    original: 0.005421424532370126
    new fac:  0.9330440173589585
  Working on index: (4, 1, 1)
    original: 0.0005077637044533595
    new fac:  0.9058956916099773
  Working on index: (4, 1, 2)
    original: 0.002503414094892784
    new fac:  0.9058956916099773
  Working on index: (4, 2, 1)
    original: 0.0014924114545658935
    new fac:  0.9058956916099773
  Working on index: (4, 2, 2)
    original: 0.004808603598620818
    new fac:  0.9058956916099773
  Working on index: (5, 1, 1)
    original: 0.0003435522289380122
    new fac:  0.8296296296296296
  Working on index: (5, 1, 2)
    original: 0.0018083454164490498
    new fac:  0.8296296296296296
  Working on index: (5, 2, 1)
    original: 0.001214364160927052
    new fac:  0.8296296296296296
  Working on index: (5, 2, 2)
    original: 0.005308004643807145
    new fac:  0.8296296296296296
  Working on index: (6, 1, 1)
    original: 0.0004270555247001971
    new fac:  0.85
  Working on index: (6, 1, 2)
    original: 0.003583518377969477
    new fac:  0.85
  Working on index: (6, 2, 1)
    original: 0.0021471823105197805
    new fac:  0.85
  Working on index: (6, 2, 2)
    original: 0.0025451133686689364
    new fac:  0.85
Copy eTrueToPiTag_16 and shift means...
  Working on index: (1, 1, 1)
    INFO: Raw mean not in [0, 1]!
    WARNING: Raw and shifted means are significantly different!
    Raw mean ± std: -0.0169007 ± 0.0060866. Shifted mean: 0.0013279
  Working on index: (1, 1, 2)
    INFO: Raw mean not in [0, 1]!
    WARNING: Raw and shifted means are significantly different!
    Raw mean ± std: -0.0689129 ± 0.0182195. Shifted mean: 0.0030810
  Working on index: (1, 2, 1)
    nan or 0.0 efficiency encountered. Manually set efficiency to 0.0.
  Working on index: (1, 2, 2)
    nan or 0.0 efficiency encountered. Manually set efficiency to 0.0.
  Working on index: (2, 1, 1)
    Raw mean ± std: 0.0019807 ± 0.0031893. Shifted mean: 0.0030699
  Working on index: (2, 1, 2)
    INFO: Raw mean not in [0, 1]!
    Raw mean ± std: -0.0079044 ± 0.0074555. Shifted mean: 0.0029743
  Working on index: (2, 2, 1)
    INFO: Raw mean not in [0, 1]!
    WARNING: Raw and shifted means are significantly different!
    Raw mean ± std: -0.0027415 ± 0.1864559. Shifted mean: 0.1247473
  Working on index: (2, 2, 2)
    WARNING: Very large std!
    Raw mean ± std: 0.2579309 ± 0.5367736. Shifted mean: 0.4162844
  Working on index: (3, 1, 1)
    Raw mean ± std: 0.0178464 ± 0.0023812. Shifted mean: 0.0178464
  Working on index: (3, 1, 2)
    Raw mean ± std: 0.0085888 ± 0.0047467. Shifted mean: 0.0087983
  Working on index: (3, 2, 1)
    Raw mean ± std: 0.0161483 ± 0.0171439. Shifted mean: 0.0198977
  Working on index: (3, 2, 2)
    INFO: Raw mean not in [0, 1]!
    WARNING: Raw and shifted means are significantly different!
    Raw mean ± std: -0.0039509 ± 0.0392972. Shifted mean: 0.0250864
  Working on index: (4, 1, 1)
    Raw mean ± std: 0.0210165 ± 0.0017715. Shifted mean: 0.0210165
  Working on index: (4, 1, 2)
    Raw mean ± std: 0.0282597 ± 0.0032762. Shifted mean: 0.0282597
  Working on index: (4, 2, 1)
    Raw mean ± std: 0.0617256 ± 0.0073000. Shifted mean: 0.0617256
  Working on index: (4, 2, 2)
    Raw mean ± std: 0.0535990 ± 0.0145767. Shifted mean: 0.0536011
  Working on index: (5, 1, 1)
    Raw mean ± std: 0.0221974 ± 0.0014644. Shifted mean: 0.0221974
  Working on index: (5, 1, 2)
    Raw mean ± std: 0.0255079 ± 0.0025676. Shifted mean: 0.0255079
  Working on index: (5, 2, 1)
    Raw mean ± std: 0.0566579 ± 0.0041822. Shifted mean: 0.0566579
  Working on index: (5, 2, 2)
    Raw mean ± std: 0.0595411 ± 0.0079393. Shifted mean: 0.0595411
  Working on index: (6, 1, 1)
    Raw mean ± std: 0.0262440 ± 0.0026020. Shifted mean: 0.0262440
  Working on index: (6, 1, 2)
    Raw mean ± std: 0.0330208 ± 0.0047202. Shifted mean: 0.0330208
  Working on index: (6, 2, 1)
    Raw mean ± std: 0.0433850 ± 0.0055297. Shifted mean: 0.0433850
  Working on index: (6, 2, 2)
    Raw mean ± std: 0.0643350 ± 0.0108758. Shifted mean: 0.0643350
  FIX: bin (2, 2, 2) = 0.4162844 ± 0.5367736 has a large error, replace w/ weighted average of nearby bins
    Looking at nearby bin with index (2, 2, 1)
    Use 0.1247473 ± 0.1864559
    Looking at nearby bin with index (2, 1, 2)
    Use 0.0029743 ± 0.0074555
    Looking at nearby bin with index (1, 2, 2)
    std = 0.0, perhaps the sample does not cover this bin, skipping...
    Looking at nearby bin with index (3, 2, 2)
    Use 0.0250864 ± 0.0392972
    Use weighted average: 0.0039290 ± 0.0073192
Copy eTrueToPTag_16 and shift means...
  Working on index: (1, 1, 1)
    Zero or negative efficiency uncertainty found (0.0). Manually set efficiency to 0.0.
  Working on index: (1, 1, 2)
    Zero or negative efficiency uncertainty found (0.0). Manually set efficiency to 0.0.
  Working on index: (1, 2, 1)
    nan or 0.0 efficiency encountered. Manually set efficiency to 0.0.
  Working on index: (1, 2, 2)
    nan or 0.0 efficiency encountered. Manually set efficiency to 0.0.
  Working on index: (2, 1, 1)
    Raw mean ± std: 0.0004041 ± 0.0002109. Shifted mean: 0.0004114
  Working on index: (2, 1, 2)
    Raw mean ± std: 0.0001855 ± 0.0003778. Shifted mean: 0.0003371
  Working on index: (2, 2, 1)
    INFO: Raw mean not in [0, 1]!
    Raw mean ± std: -0.0206903 ± 0.0221074. Shifted mean: 0.0093177
  Working on index: (2, 2, 2)
    INFO: Raw mean not in [0, 1]!
    Raw mean ± std: -0.0877291 ± 0.1474023. Shifted mean: 0.0728884
  Working on index: (3, 1, 1)
    Raw mean ± std: 0.0081612 ± 0.0009325. Shifted mean: 0.0081612
  Working on index: (3, 1, 2)
    Raw mean ± std: 0.0160361 ± 0.0021281. Shifted mean: 0.0160361
  Working on index: (3, 2, 1)
    Raw mean ± std: 0.0180698 ± 0.0064291. Shifted mean: 0.0180897
  Working on index: (3, 2, 2)
    Raw mean ± std: 0.0150584 ± 0.0146791. Shifted mean: 0.0178810
  Working on index: (4, 1, 1)
    Raw mean ± std: 0.0059013 ± 0.0007164. Shifted mean: 0.0059013
  Working on index: (4, 1, 2)
    Raw mean ± std: 0.0126526 ± 0.0015968. Shifted mean: 0.0126526
  Working on index: (4, 2, 1)
    Raw mean ± std: 0.0112371 ± 0.0026001. Shifted mean: 0.0112371
  Working on index: (4, 2, 2)
    Raw mean ± std: 0.0178211 ± 0.0063905. Shifted mean: 0.0178423
  Working on index: (5, 1, 1)
    Raw mean ± std: 0.0016358 ± 0.0004135. Shifted mean: 0.0016359
  Working on index: (5, 1, 2)
    Raw mean ± std: 0.0039727 ± 0.0008871. Shifted mean: 0.0039727
  Working on index: (5, 2, 1)
    Raw mean ± std: 0.0094275 ± 0.0017250. Shifted mean: 0.0094275
  Working on index: (5, 2, 2)
    Raw mean ± std: 0.0190391 ± 0.0037476. Shifted mean: 0.0190391
  Working on index: (6, 1, 1)
    Raw mean ± std: 0.0045061 ± 0.0009468. Shifted mean: 0.0045061
  Working on index: (6, 1, 2)
    Raw mean ± std: 0.0070629 ± 0.0019663. Shifted mean: 0.0070633
  Working on index: (6, 2, 1)
    Raw mean ± std: 0.0066596 ± 0.0020094. Shifted mean: 0.0066607
  Working on index: (6, 2, 2)
    Raw mean ± std: 0.0088602 ± 0.0046348. Shifted mean: 0.0090226
Copy eTrueToKTag_16 and shift means...
  Working on index: (1, 1, 1)
    Zero or negative efficiency uncertainty found (0.0). Manually set efficiency to 0.0.
  Working on index: (1, 1, 2)
    Zero or negative efficiency uncertainty found (0.0). Manually set efficiency to 0.0.
  Working on index: (1, 2, 1)
    nan or 0.0 efficiency encountered. Manually set efficiency to 0.0.
  Working on index: (1, 2, 2)
    nan or 0.0 efficiency encountered. Manually set efficiency to 0.0.
  Working on index: (2, 1, 1)
    Raw mean ± std: 0.0007438 ± 0.0005360. Shifted mean: 0.0007994
  Working on index: (2, 1, 2)
    Raw mean ± std: 0.0033291 ± 0.0013593. Shifted mean: 0.0033413
  Working on index: (2, 2, 1)
    Raw mean ± std: 0.1385297 ± 0.0966772. Shifted mean: 0.1477453
  Working on index: (2, 2, 2)
    Zero or negative efficiency uncertainty found (0.0). Manually set efficiency to 0.0.
  Working on index: (3, 1, 1)
    Raw mean ± std: 0.0037017 ± 0.0010395. Shifted mean: 0.0037020
  Working on index: (3, 1, 2)
    Raw mean ± std: 0.0024902 ± 0.0023313. Shifted mean: 0.0029095
  Working on index: (3, 2, 1)
    Raw mean ± std: 0.0029285 ± 0.0068941. Shifted mean: 0.0059185
  Working on index: (3, 2, 2)
    Raw mean ± std: 0.0276038 ± 0.0179289. Shifted mean: 0.0289944
  Working on index: (4, 1, 1)
    Raw mean ± std: 0.0013439 ± 0.0007222. Shifted mean: 0.0013723
  Working on index: (4, 1, 2)
    Raw mean ± std: 0.0014613 ± 0.0014784. Shifted mean: 0.0017626
  Working on index: (4, 2, 1)
    Raw mean ± std: 0.0027143 ± 0.0030573. Shifted mean: 0.0034388
  Working on index: (4, 2, 2)
    Raw mean ± std: 0.0101197 ± 0.0063205. Shifted mean: 0.0105532
  Working on index: (5, 1, 1)
    Raw mean ± std: 0.0033814 ± 0.0007051. Shifted mean: 0.0033814
  Working on index: (5, 1, 2)
    Raw mean ± std: 0.0029917 ± 0.0012756. Shifted mean: 0.0030069
  Working on index: (5, 2, 1)
    Raw mean ± std: 0.0096540 ± 0.0019421. Shifted mean: 0.0096540
  Working on index: (5, 2, 2)
    Raw mean ± std: 0.0149768 ± 0.0045681. Shifted mean: 0.0149798
  Working on index: (6, 1, 1)
    Raw mean ± std: 0.0113326 ± 0.0016709. Shifted mean: 0.0113326
  Working on index: (6, 1, 2)
    Raw mean ± std: 0.0072123 ± 0.0028010. Shifted mean: 0.0072299
  Working on index: (6, 2, 1)
    Raw mean ± std: 0.0186447 ± 0.0036351. Shifted mean: 0.0186447
  Working on index: (6, 2, 2)
    Raw mean ± std: 0.0122505 ± 0.0061422. Shifted mean: 0.0124280
Copy eTrueToGTag_16 and shift means...
  Working on index: (1, 1, 1)
    Raw mean ± std: 0.8094056 ± 0.0072229. Shifted mean: 0.8094056
  Working on index: (1, 1, 2)
    Raw mean ± std: 0.8853206 ± 0.0178972. Shifted mean: 0.8853206
  Working on index: (1, 2, 1)
    nan or 0.0 efficiency encountered. Manually set efficiency to 0.0.
  Working on index: (1, 2, 2)
    nan or 0.0 efficiency encountered. Manually set efficiency to 0.0.
  Working on index: (2, 1, 1)
    Raw mean ± std: 0.6065159 ± 0.0045005. Shifted mean: 0.6065159
  Working on index: (2, 1, 2)
    Raw mean ± std: 0.6919640 ± 0.0085864. Shifted mean: 0.6919640
  Working on index: (2, 2, 1)
    Raw mean ± std: 0.1312461 ± 0.1020255. Shifted mean: 0.1439573
  Working on index: (2, 2, 2)
    WARNING: Very large std!
    INFO: Raw mean not in [0, 1]!
    Raw mean ± std: -0.3611456 ± 1.0851052. Shifted mean: 0.4149228
  Working on index: (3, 1, 1)
    Raw mean ± std: 0.2517326 ± 0.0031466. Shifted mean: 0.2517326
  Working on index: (3, 1, 2)
    Raw mean ± std: 0.3101452 ± 0.0060467. Shifted mean: 0.3101452
  Working on index: (3, 2, 1)
    Raw mean ± std: 0.3215729 ± 0.0168224. Shifted mean: 0.3215729
  Working on index: (3, 2, 2)
    Raw mean ± std: 0.3793655 ± 0.0387881. Shifted mean: 0.3793655
  Working on index: (4, 1, 1)
    Raw mean ± std: 0.1430943 ± 0.0021417. Shifted mean: 0.1430943
  Working on index: (4, 1, 2)
    Raw mean ± std: 0.1994246 ± 0.0042201. Shifted mean: 0.1994246
  Working on index: (4, 2, 1)
    Raw mean ± std: 0.1853481 ± 0.0067480. Shifted mean: 0.1853481
  Working on index: (4, 2, 2)
    Raw mean ± std: 0.2600380 ± 0.0146457. Shifted mean: 0.2600380
  Working on index: (5, 1, 1)
    Raw mean ± std: 0.0978568 ± 0.0017534. Shifted mean: 0.0978568
  Working on index: (5, 1, 2)
    Raw mean ± std: 0.1487675 ± 0.0035793. Shifted mean: 0.1487675
  Working on index: (5, 2, 1)
    Raw mean ± std: 0.1383472 ± 0.0042639. Shifted mean: 0.1383472
  Working on index: (5, 2, 2)
    Raw mean ± std: 0.1959519 ± 0.0090049. Shifted mean: 0.1959519
  Working on index: (6, 1, 1)
    Raw mean ± std: 0.0799384 ± 0.0032397. Shifted mean: 0.0799384
  Working on index: (6, 1, 2)
    Raw mean ± std: 0.1328062 ± 0.0067243. Shifted mean: 0.1328062
  Working on index: (6, 2, 1)
    Raw mean ± std: 0.1229324 ± 0.0065929. Shifted mean: 0.1229324
  Working on index: (6, 2, 2)
    Raw mean ± std: 0.1852867 ± 0.0140221. Shifted mean: 0.1852867
  FIX: bin (2, 2, 2) = 0.4149228 ± 1.0851052 has a large error, replace w/ weighted average of nearby bins
    Looking at nearby bin with index (2, 2, 1)
    Use 0.1439573 ± 0.1020255
    Looking at nearby bin with index (2, 1, 2)
    Use 0.6919640 ± 0.0085864
    Looking at nearby bin with index (1, 2, 2)
    std = 0.0, perhaps the sample does not cover this bin, skipping...
    Looking at nearby bin with index (3, 2, 2)
    Use 0.3793655 ± 0.0387881
    Use weighted average: 0.6737837 ± 0.0083553
Copy eTrueToETag_16 and shift means...
  Working on index: (1, 1, 1)
    Raw mean ± std: 0.2074951 ± 0.0055075. Shifted mean: 0.2074951
  Working on index: (1, 1, 2)
    Raw mean ± std: 0.1835923 ± 0.0103374. Shifted mean: 0.1835923
  Working on index: (1, 2, 1)
    nan or 0.0 efficiency encountered. Manually set efficiency to 0.0.
  Working on index: (1, 2, 2)
    nan or 0.0 efficiency encountered. Manually set efficiency to 0.0.
  Working on index: (2, 1, 1)
    Raw mean ± std: 0.3903555 ± 0.0042399. Shifted mean: 0.3903555
  Working on index: (2, 1, 2)
    Raw mean ± std: 0.3124257 ± 0.0072245. Shifted mean: 0.3124257
  Working on index: (2, 2, 1)
    Raw mean ± std: 0.7536560 ± 0.1871462. Shifted mean: 0.7315555
  Working on index: (2, 2, 2)
    WARNING: Very large std!
    INFO: Raw mean not in [0, 1]!
    Raw mean ± std: 1.1909438 ± 1.1839500. Shifted mean: 0.5584171
  Working on index: (3, 1, 1)
    Raw mean ± std: 0.7185581 ± 0.0036707. Shifted mean: 0.7185581
  Working on index: (3, 1, 2)
    Raw mean ± std: 0.6627397 ± 0.0069114. Shifted mean: 0.6627397
  Working on index: (3, 2, 1)
    Raw mean ± std: 0.6412805 ± 0.0200768. Shifted mean: 0.6412805
  Working on index: (3, 2, 2)
    Raw mean ± std: 0.5819233 ± 0.0433407. Shifted mean: 0.5819233
  Working on index: (4, 1, 1)
    Raw mean ± std: 0.8286441 ± 0.0027334. Shifted mean: 0.8286441
  Working on index: (4, 1, 2)
    Raw mean ± std: 0.7582017 ± 0.0051409. Shifted mean: 0.7582017
  Working on index: (4, 2, 1)
    Raw mean ± std: 0.7389750 ± 0.0091832. Shifted mean: 0.7389750
  Working on index: (4, 2, 2)
    Raw mean ± std: 0.6584223 ± 0.0180290. Shifted mean: 0.6584223
  Working on index: (5, 1, 1)
    Raw mean ± std: 0.8749286 ± 0.0022990. Shifted mean: 0.8749286
  Working on index: (5, 1, 2)
    Raw mean ± std: 0.8187601 ± 0.0043470. Shifted mean: 0.8187601
  Working on index: (5, 2, 1)
    Raw mean ± std: 0.7859134 ± 0.0058436. Shifted mean: 0.7859134
  Working on index: (5, 2, 2)
    Raw mean ± std: 0.7104910 ± 0.0114139. Shifted mean: 0.7104910
  Working on index: (6, 1, 1)
    Raw mean ± std: 0.8779788 ± 0.0043521. Shifted mean: 0.8779788
  Working on index: (6, 1, 2)
    Raw mean ± std: 0.8198977 ± 0.0083002. Shifted mean: 0.8198977
  Working on index: (6, 2, 1)
    Raw mean ± std: 0.8083782 ± 0.0087545. Shifted mean: 0.8083782
  Working on index: (6, 2, 2)
    Raw mean ± std: 0.7292677 ± 0.0171438. Shifted mean: 0.7292677
  FIX: bin (2, 2, 2) = 0.5584171 ± 1.1839500 has a large error, replace w/ weighted average of nearby bins
    Looking at nearby bin with index (2, 2, 1)
    Use 0.7315555 ± 0.1871462
    Looking at nearby bin with index (2, 1, 2)
    Use 0.3124257 ± 0.0072245
    Looking at nearby bin with index (1, 2, 2)
    std = 0.0, perhaps the sample does not cover this bin, skipping...
    Looking at nearby bin with index (3, 2, 2)
    Use 0.5819233 ± 0.0433407
    Use weighted average: 0.3203078 ± 0.0071210
Copy gTrueToPiTag_16 and shift means...
  Working on index: (1, 1, 1)
    Raw mean ± std: 0.1663814 ± 0.0004266. Shifted mean: 0.1663814
  Working on index: (1, 1, 2)
    Raw mean ± std: 0.1188184 ± 0.0006406. Shifted mean: 0.1188184
  Working on index: (1, 2, 1)
    Raw mean ± std: 0.0389624 ± 0.0001384. Shifted mean: 0.0389624
  Working on index: (1, 2, 2)
    Raw mean ± std: 0.0323442 ± 0.0002113. Shifted mean: 0.0323442
  Working on index: (2, 1, 1)
    Raw mean ± std: 0.1944733 ± 0.0007537. Shifted mean: 0.1944733
  Working on index: (2, 1, 2)
    Raw mean ± std: 0.1284388 ± 0.0011385. Shifted mean: 0.1284388
  Working on index: (2, 2, 1)
    Raw mean ± std: 0.0756587 ± 0.0002598. Shifted mean: 0.0756587
  Working on index: (2, 2, 2)
    Raw mean ± std: 0.0632650 ± 0.0004023. Shifted mean: 0.0632650
  Working on index: (3, 1, 1)
    Raw mean ± std: 0.1927793 ± 0.0010523. Shifted mean: 0.1927793
  Working on index: (3, 1, 2)
    Raw mean ± std: 0.1200136 ± 0.0016232. Shifted mean: 0.1200136
  Working on index: (3, 2, 1)
    Raw mean ± std: 0.1238112 ± 0.0004389. Shifted mean: 0.1238112
  Working on index: (3, 2, 2)
    Raw mean ± std: 0.1033669 ± 0.0006800. Shifted mean: 0.1033669
  Working on index: (4, 1, 1)
    Raw mean ± std: 0.1653379 ± 0.0012489. Shifted mean: 0.1653379
  Working on index: (4, 1, 2)
    Raw mean ± std: 0.1078423 ± 0.0021044. Shifted mean: 0.1078423
  Working on index: (4, 2, 1)
    Raw mean ± std: 0.1421831 ± 0.0005882. Shifted mean: 0.1421831
  Working on index: (4, 2, 2)
    Raw mean ± std: 0.1216371 ± 0.0009504. Shifted mean: 0.1216371
  Working on index: (5, 1, 1)
    Raw mean ± std: 0.1415685 ± 0.0016380. Shifted mean: 0.1415685
  Working on index: (5, 1, 2)
    Raw mean ± std: 0.0949269 ± 0.0030802. Shifted mean: 0.0949269
  Working on index: (5, 2, 1)
    Raw mean ± std: 0.1387924 ± 0.0007695. Shifted mean: 0.1387924
  Working on index: (5, 2, 2)
    Raw mean ± std: 0.1181088 ± 0.0013323. Shifted mean: 0.1181088
  Working on index: (6, 1, 1)
    Raw mean ± std: 0.0869676 ± 0.0033046. Shifted mean: 0.0869676
  Working on index: (6, 1, 2)
    Raw mean ± std: 0.0670391 ± 0.0078315. Shifted mean: 0.0670391
  Working on index: (6, 2, 1)
    Raw mean ± std: 0.1087709 ± 0.0015314. Shifted mean: 0.1087709
  Working on index: (6, 2, 2)
    Raw mean ± std: 0.0879923 ± 0.0028648. Shifted mean: 0.0879923
Combining gTrueToMuTag_16_vmu...
  Working on index: (1, 1, 1)
    Raw mean ± std: 0.0539993 ± 0.0002507. Shifted mean: 0.0539993
    Raw mean ± std: 0.9337291 ± 0.0002758. Shifted mean: 0.9337291
  Working on index: (1, 1, 2)
    Raw mean ± std: 0.0787145 ± 0.0005088. Shifted mean: 0.0787145
    Raw mean ± std: 0.9088676 ± 0.0005435. Shifted mean: 0.9088676
  Working on index: (1, 2, 1)
    Raw mean ± std: 0.0320860 ± 0.0001219. Shifted mean: 0.0320860
    Raw mean ± std: 0.9344473 ± 0.0001710. Shifted mean: 0.9344473
  Working on index: (1, 2, 2)
    Raw mean ± std: 0.0544368 ± 0.0002568. Shifted mean: 0.0544368
    Raw mean ± std: 0.9011951 ± 0.0003373. Shifted mean: 0.9011951
  Working on index: (2, 1, 1)
    Raw mean ± std: 0.0455912 ± 0.0003880. Shifted mean: 0.0455912
    Raw mean ± std: 0.9453103 ± 0.0004226. Shifted mean: 0.9453103
  Working on index: (2, 1, 2)
    Raw mean ± std: 0.0679251 ± 0.0008251. Shifted mean: 0.0679251
    Raw mean ± std: 0.9227523 ± 0.0008748. Shifted mean: 0.9227523
  Working on index: (2, 2, 1)
    Raw mean ± std: 0.0344160 ± 0.0001744. Shifted mean: 0.0344160
    Raw mean ± std: 0.9445555 ± 0.0002186. Shifted mean: 0.9445555
  Working on index: (2, 2, 2)
    Raw mean ± std: 0.0588053 ± 0.0003716. Shifted mean: 0.0588053
    Raw mean ± std: 0.9135041 ± 0.0004434. Shifted mean: 0.9135041
  Working on index: (3, 1, 1)
    Raw mean ± std: 0.0179157 ± 0.0003545. Shifted mean: 0.0179157
    Raw mean ± std: 0.9762842 ± 0.0004056. Shifted mean: 0.9762842
  Working on index: (3, 1, 2)
    Raw mean ± std: 0.0270683 ± 0.0008101. Shifted mean: 0.0270683
    Raw mean ± std: 0.9680166 ± 0.0008762. Shifted mean: 0.9680166
  Working on index: (3, 2, 1)
    Raw mean ± std: 0.0199550 ± 0.0001848. Shifted mean: 0.0199550
    Raw mean ± std: 0.9719804 ± 0.0002177. Shifted mean: 0.9719804
  Working on index: (3, 2, 2)
    Raw mean ± std: 0.0316116 ± 0.0003848. Shifted mean: 0.0316116
    Raw mean ± std: 0.9590759 ± 0.0004351. Shifted mean: 0.9590759
  Working on index: (4, 1, 1)
    Raw mean ± std: 0.0118693 ± 0.0003693. Shifted mean: 0.0118693
    Raw mean ± std: 0.9833786 ± 0.0004339. Shifted mean: 0.9833786
  Working on index: (4, 1, 2)
    Raw mean ± std: 0.0176776 ± 0.0009106. Shifted mean: 0.0176776
    Raw mean ± std: 0.9779029 ± 0.0010106. Shifted mean: 0.9779029
  Working on index: (4, 2, 1)
    Raw mean ± std: 0.0117413 ± 0.0001820. Shifted mean: 0.0117413
    Raw mean ± std: 0.9841686 ± 0.0002105. Shifted mean: 0.9841686
  Working on index: (4, 2, 2)
    Raw mean ± std: 0.0176808 ± 0.0003841. Shifted mean: 0.0176808
    Raw mean ± std: 0.9779478 ± 0.0004270. Shifted mean: 0.9779478
  Working on index: (5, 1, 1)
    Raw mean ± std: 0.0151573 ± 0.0005828. Shifted mean: 0.0151573
    Raw mean ± std: 0.9795789 ± 0.0006712. Shifted mean: 0.9795789
  Working on index: (5, 1, 2)
    Raw mean ± std: 0.0201642 ± 0.0015164. Shifted mean: 0.0201642
    Raw mean ± std: 0.9766947 ± 0.0016197. Shifted mean: 0.9766947
  Working on index: (5, 2, 1)
    Raw mean ± std: 0.0072932 ± 0.0001923. Shifted mean: 0.0072932
    Raw mean ± std: 0.9903339 ± 0.0002204. Shifted mean: 0.9903339
  Working on index: (5, 2, 2)
    Raw mean ± std: 0.0093550 ± 0.0004072. Shifted mean: 0.0093550
    Raw mean ± std: 0.9882733 ± 0.0004534. Shifted mean: 0.9882733
  Working on index: (6, 1, 1)
    Raw mean ± std: 0.0217662 ± 0.0017519. Shifted mean: 0.0217662
    Raw mean ± std: 0.9725124 ± 0.0019469. Shifted mean: 0.9725124
  Working on index: (6, 1, 2)
    Raw mean ± std: 0.0382263 ± 0.0060678. Shifted mean: 0.0382263
    Raw mean ± std: 0.9579511 ± 0.0063106. Shifted mean: 0.9579511
  Working on index: (6, 2, 1)
    Raw mean ± std: 0.0091182 ± 0.0004819. Shifted mean: 0.0091182
    Raw mean ± std: 0.9884162 ± 0.0005394. Shifted mean: 0.9884162
  Working on index: (6, 2, 2)
    Raw mean ± std: 0.0088353 ± 0.0010095. Shifted mean: 0.0088353
    Raw mean ± std: 0.9889797 ± 0.0011143. Shifted mean: 0.9889797
Copy gTrueToKTag_16 and shift means...
  Working on index: (1, 1, 1)
    WARNING: Raw and shifted means are significantly different!
    Raw mean ± std: 0.0000000 ± 0.0000024. Shifted mean: 0.0000016
  Working on index: (1, 1, 2)
    WARNING: Raw and shifted means are significantly different!
    Raw mean ± std: 0.0000000 ± 0.0000071. Shifted mean: 0.0000048
  Working on index: (1, 2, 1)
    WARNING: Raw and shifted means are significantly different!
    Raw mean ± std: 0.0000000 ± 0.0000009. Shifted mean: 0.0000006
  Working on index: (1, 2, 2)
    WARNING: Raw and shifted means are significantly different!
    Raw mean ± std: 0.0000000 ± 0.0000026. Shifted mean: 0.0000017
  Working on index: (2, 1, 1)
    Raw mean ± std: 0.0033858 ± 0.0001138. Shifted mean: 0.0033858
  Working on index: (2, 1, 2)
    Raw mean ± std: 0.0024120 ± 0.0001771. Shifted mean: 0.0024120
  Working on index: (2, 2, 1)
    Raw mean ± std: 0.0011237 ± 0.0000338. Shifted mean: 0.0011237
  Working on index: (2, 2, 2)
    Raw mean ± std: 0.0007604 ± 0.0000480. Shifted mean: 0.0007604
  Working on index: (3, 1, 1)
    Raw mean ± std: 0.0426498 ± 0.0005429. Shifted mean: 0.0426498
  Working on index: (3, 1, 2)
    Raw mean ± std: 0.0304650 ± 0.0008709. Shifted mean: 0.0304650
  Working on index: (3, 2, 1)
    Raw mean ± std: 0.0171127 ± 0.0001740. Shifted mean: 0.0171127
  Working on index: (3, 2, 2)
    Raw mean ± std: 0.0121718 ± 0.0002482. Shifted mean: 0.0121718
  Working on index: (4, 1, 1)
    Raw mean ± std: 0.0445830 ± 0.0006994. Shifted mean: 0.0445830
  Working on index: (4, 1, 2)
    Raw mean ± std: 0.0309260 ± 0.0011958. Shifted mean: 0.0309260
  Working on index: (4, 2, 1)
    Raw mean ± std: 0.0401546 ± 0.0003320. Shifted mean: 0.0401546
  Working on index: (4, 2, 2)
    Raw mean ± std: 0.0360425 ± 0.0005458. Shifted mean: 0.0360425
  Working on index: (5, 1, 1)
    Raw mean ± std: 0.0522681 ± 0.0010545. Shifted mean: 0.0522681
  Working on index: (5, 1, 2)
    Raw mean ± std: 0.0371408 ± 0.0020276. Shifted mean: 0.0371408
  Working on index: (5, 2, 1)
    Raw mean ± std: 0.0536923 ± 0.0005036. Shifted mean: 0.0536923
  Working on index: (5, 2, 2)
    Raw mean ± std: 0.0467802 ± 0.0008780. Shifted mean: 0.0467802
  Working on index: (6, 1, 1)
    Raw mean ± std: 0.0728993 ± 0.0030599. Shifted mean: 0.0728993
  Working on index: (6, 1, 2)
    Raw mean ± std: 0.0566640 ± 0.0073092. Shifted mean: 0.0566640
  Working on index: (6, 2, 1)
    Raw mean ± std: 0.0640811 ± 0.0012102. Shifted mean: 0.0640811
  Working on index: (6, 2, 2)
    Raw mean ± std: 0.0510086 ± 0.0022487. Shifted mean: 0.0510086
Combining gTrueToMuTag_16...
  Working on index: (1, 1, 1)
    Raw mean ± std: 0.0058189 ± 0.0000852. Shifted mean: 0.0058189
    Raw mean ± std: 0.9337291 ± 0.0002758. Shifted mean: 0.9337291
  Working on index: (1, 1, 2)
    Raw mean ± std: 0.0036824 ± 0.0001172. Shifted mean: 0.0036824
    Raw mean ± std: 0.9088676 ± 0.0005435. Shifted mean: 0.9088676
  Working on index: (1, 2, 1)
    Raw mean ± std: 0.0088012 ± 0.0000648. Shifted mean: 0.0088012
    Raw mean ± std: 0.9344473 ± 0.0001710. Shifted mean: 0.9344473
  Working on index: (1, 2, 2)
    Raw mean ± std: 0.0068368 ± 0.0000941. Shifted mean: 0.0068368
    Raw mean ± std: 0.9011951 ± 0.0003373. Shifted mean: 0.9011951
  Working on index: (2, 1, 1)
    Raw mean ± std: 0.0054353 ± 0.0001390. Shifted mean: 0.0054353
    Raw mean ± std: 0.9453103 ± 0.0004226. Shifted mean: 0.9453103
  Working on index: (2, 1, 2)
    Raw mean ± std: 0.0039999 ± 0.0002151. Shifted mean: 0.0039999
    Raw mean ± std: 0.9227523 ± 0.0008748. Shifted mean: 0.9227523
  Working on index: (2, 2, 1)
    Raw mean ± std: 0.0071946 ± 0.0000813. Shifted mean: 0.0071946
    Raw mean ± std: 0.9445555 ± 0.0002186. Shifted mean: 0.9445555
  Working on index: (2, 2, 2)
    Raw mean ± std: 0.0054465 ± 0.0001180. Shifted mean: 0.0054465
    Raw mean ± std: 0.9135041 ± 0.0004434. Shifted mean: 0.9135041
  Working on index: (3, 1, 1)
    Raw mean ± std: 0.0050510 ± 0.0001928. Shifted mean: 0.0050510
    Raw mean ± std: 0.9762842 ± 0.0004056. Shifted mean: 0.9762842
  Working on index: (3, 1, 2)
    Raw mean ± std: 0.0033630 ± 0.0003048. Shifted mean: 0.0033630
    Raw mean ± std: 0.9680166 ± 0.0008762. Shifted mean: 0.9680166
  Working on index: (3, 2, 1)
    Raw mean ± std: 0.0043571 ± 0.0000879. Shifted mean: 0.0043571
    Raw mean ± std: 0.9719804 ± 0.0002177. Shifted mean: 0.9719804
  Working on index: (3, 2, 2)
    Raw mean ± std: 0.0033293 ± 0.0001299. Shifted mean: 0.0033293
    Raw mean ± std: 0.9590759 ± 0.0004351. Shifted mean: 0.9590759
  Working on index: (4, 1, 1)
    Raw mean ± std: 0.0045331 ± 0.0002334. Shifted mean: 0.0045331
    Raw mean ± std: 0.9833786 ± 0.0004339. Shifted mean: 0.9833786
  Working on index: (4, 1, 2)
    Raw mean ± std: 0.0039428 ± 0.0004572. Shifted mean: 0.0039428
    Raw mean ± std: 0.9779029 ± 0.0010106. Shifted mean: 0.9779029
  Working on index: (4, 2, 1)
    Raw mean ± std: 0.0031292 ± 0.0000957. Shifted mean: 0.0031292
    Raw mean ± std: 0.9841686 ± 0.0002105. Shifted mean: 0.9841686
  Working on index: (4, 2, 2)
    Raw mean ± std: 0.0026538 ± 0.0001551. Shifted mean: 0.0026538
    Raw mean ± std: 0.9779478 ± 0.0004270. Shifted mean: 0.9779478
  Working on index: (5, 1, 1)
    Raw mean ± std: 0.0050736 ± 0.0003481. Shifted mean: 0.0050736
    Raw mean ± std: 0.9795789 ± 0.0006712. Shifted mean: 0.9795789
  Working on index: (5, 1, 2)
    Raw mean ± std: 0.0030398 ± 0.0006613. Shifted mean: 0.0030398
    Raw mean ± std: 0.9766947 ± 0.0016197. Shifted mean: 0.9766947
  Working on index: (5, 2, 1)
    Raw mean ± std: 0.0021593 ± 0.0001072. Shifted mean: 0.0021593
    Raw mean ± std: 0.9903339 ± 0.0002204. Shifted mean: 0.9903339
  Working on index: (5, 2, 2)
    Raw mean ± std: 0.0019105 ± 0.0001942. Shifted mean: 0.0019105
    Raw mean ± std: 0.9882733 ± 0.0004534. Shifted mean: 0.9882733
  Working on index: (6, 1, 1)
    Raw mean ± std: 0.0057214 ± 0.0009708. Shifted mean: 0.0057214
    Raw mean ± std: 0.9725124 ± 0.0019469. Shifted mean: 0.9725124
  Working on index: (6, 1, 2)
    Raw mean ± std: 0.0038226 ± 0.0025777. Shifted mean: 0.0040460
    Raw mean ± std: 0.9579511 ± 0.0063106. Shifted mean: 0.9579511
  Working on index: (6, 2, 1)
    Raw mean ± std: 0.0023959 ± 0.0002597. Shifted mean: 0.0023959
    Raw mean ± std: 0.9884162 ± 0.0005394. Shifted mean: 0.9884162
  Working on index: (6, 2, 2)
    Raw mean ± std: 0.0020901 ± 0.0005466. Shifted mean: 0.0020901
    Raw mean ± std: 0.9889797 ± 0.0011143. Shifted mean: 0.9889797
Copy gTrueToGTag_16 and shift means...
  Working on index: (1, 1, 1)
    Raw mean ± std: 0.8225412 ± 0.0004376. Shifted mean: 0.8225412
  Working on index: (1, 1, 2)
    Raw mean ± std: 0.8741679 ± 0.0006564. Shifted mean: 0.8741679
  Working on index: (1, 2, 1)
    Raw mean ± std: 0.9387665 ± 0.0001714. Shifted mean: 0.9387665
  Working on index: (1, 2, 2)
    Raw mean ± std: 0.9534958 ± 0.0002513. Shifted mean: 0.9534958
  Working on index: (2, 1, 1)
    Raw mean ± std: 0.7901988 ± 0.0007752. Shifted mean: 0.7901988
  Working on index: (2, 1, 2)
    Raw mean ± std: 0.8633012 ± 0.0011686. Shifted mean: 0.8633012
  Working on index: (2, 2, 1)
    Raw mean ± std: 0.9023431 ± 0.0002915. Shifted mean: 0.9023431
  Working on index: (2, 2, 2)
    Raw mean ± std: 0.9229230 ± 0.0004405. Shifted mean: 0.9229230
  Working on index: (3, 1, 1)
    Raw mean ± std: 0.6951233 ± 0.0012263. Shifted mean: 0.6951233
  Working on index: (3, 1, 2)
    Raw mean ± std: 0.8074195 ± 0.0019633. Shifted mean: 0.8074195
  Working on index: (3, 2, 1)
    Raw mean ± std: 0.8255597 ± 0.0005054. Shifted mean: 0.8255597
  Working on index: (3, 2, 2)
    Raw mean ± std: 0.8633083 ± 0.0007665. Shifted mean: 0.8633083
  Working on index: (4, 1, 1)
    Raw mean ± std: 0.7039083 ± 0.0015312. Shifted mean: 0.7039083
  Working on index: (4, 1, 2)
    Raw mean ± std: 0.8021710 ± 0.0026872. Shifted mean: 0.8021710
  Working on index: (4, 2, 1)
    Raw mean ± std: 0.7497869 ± 0.0007287. Shifted mean: 0.7497869
  Working on index: (4, 2, 2)
    Raw mean ± std: 0.8026736 ± 0.0011549. Shifted mean: 0.8026736
  Working on index: (5, 1, 1)
    Raw mean ± std: 0.7342570 ± 0.0020679. Shifted mean: 0.7342570
  Working on index: (5, 1, 2)
    Raw mean ± std: 0.8187571 ± 0.0040089. Shifted mean: 0.8187571
  Working on index: (5, 2, 1)
    Raw mean ± std: 0.7202593 ± 0.0009971. Shifted mean: 0.7202593
  Working on index: (5, 2, 2)
    Raw mean ± std: 0.7780981 ± 0.0017093. Shifted mean: 0.7780981
  Working on index: (6, 1, 1)
    Raw mean ± std: 0.7778488 ± 0.0048008. Shifted mean: 0.7778488
  Working on index: (6, 1, 2)
    Raw mean ± std: 0.8276137 ± 0.0113383. Shifted mean: 0.8276137
  Working on index: (6, 2, 1)
    Raw mean ± std: 0.7401690 ± 0.0021448. Shifted mean: 0.7401690
  Working on index: (6, 2, 2)
    Raw mean ± std: 0.7918348 ± 0.0040555. Shifted mean: 0.7918348
Copy gTrueToPTag_16 and shift means...
  Working on index: (1, 1, 1)
    WARNING: Raw and shifted means are significantly different!
    Raw mean ± std: 0.0000000 ± 0.0000024. Shifted mean: 0.0000016
  Working on index: (1, 1, 2)
    WARNING: Raw and shifted means are significantly different!
    Raw mean ± std: 0.0000000 ± 0.0000071. Shifted mean: 0.0000048
  Working on index: (1, 2, 1)
    WARNING: Raw and shifted means are significantly different!
    Raw mean ± std: 0.0000000 ± 0.0000009. Shifted mean: 0.0000006
  Working on index: (1, 2, 2)
    WARNING: Raw and shifted means are significantly different!
    Raw mean ± std: 0.0000000 ± 0.0000026. Shifted mean: 0.0000017
  Working on index: (2, 1, 1)
    Raw mean ± std: 0.0014464 ± 0.0000757. Shifted mean: 0.0014464
  Working on index: (2, 1, 2)
    Raw mean ± std: 0.0007737 ± 0.0001056. Shifted mean: 0.0007737
  Working on index: (2, 2, 1)
    Raw mean ± std: 0.0003212 ± 0.0000185. Shifted mean: 0.0003212
  Working on index: (2, 2, 2)
    Raw mean ± std: 0.0001510 ± 0.0000230. Shifted mean: 0.0001510
  Working on index: (3, 1, 1)
    Raw mean ± std: 0.0446278 ± 0.0005546. Shifted mean: 0.0446278
  Working on index: (3, 1, 2)
    Raw mean ± std: 0.0308780 ± 0.0008764. Shifted mean: 0.0308780
  Working on index: (3, 2, 1)
    Raw mean ± std: 0.0117094 ± 0.0001446. Shifted mean: 0.0117094
  Working on index: (3, 2, 2)
    Raw mean ± std: 0.0079767 ± 0.0002023. Shifted mean: 0.0079767
  Working on index: (4, 1, 1)
    Raw mean ± std: 0.0600601 ± 0.0008033. Shifted mean: 0.0600601
  Working on index: (4, 1, 2)
    Raw mean ± std: 0.0462561 ± 0.0014407. Shifted mean: 0.0462561
  Working on index: (4, 2, 1)
    Raw mean ± std: 0.0332076 ± 0.0003033. Shifted mean: 0.0332076
  Working on index: (4, 2, 2)
    Raw mean ± std: 0.0192532 ± 0.0004047. Shifted mean: 0.0192532
  Working on index: (5, 1, 1)
    Raw mean ± std: 0.0453839 ± 0.0009877. Shifted mean: 0.0453839
  Working on index: (5, 1, 2)
    Raw mean ± std: 0.0375558 ± 0.0020379. Shifted mean: 0.0375558
  Working on index: (5, 2, 1)
    Raw mean ± std: 0.0668385 ± 0.0005574. Shifted mean: 0.0668385
  Working on index: (5, 2, 2)
    Raw mean ± std: 0.0455970 ± 0.0008676. Shifted mean: 0.0455970
  Working on index: (6, 1, 1)
    Raw mean ± std: 0.0414375 ± 0.0023785. Shifted mean: 0.0414375
  Working on index: (6, 1, 2)
    Raw mean ± std: 0.0383081 ± 0.0062226. Shifted mean: 0.0383081
  Working on index: (6, 2, 1)
    Raw mean ± std: 0.0769774 ± 0.0013149. Shifted mean: 0.0769774
  Working on index: (6, 2, 2)
    Raw mean ± std: 0.0634966 ± 0.0024810. Shifted mean: 0.0634966
Copy gTrueToETag_16 and shift means...
  Working on index: (1, 1, 1)
    Raw mean ± std: 0.0110774 ± 0.0001209. Shifted mean: 0.0110774
  Working on index: (1, 1, 2)
    Raw mean ± std: 0.0070137 ± 0.0001682. Shifted mean: 0.0070137
  Working on index: (1, 2, 1)
    Raw mean ± std: 0.0222712 ± 0.0001057. Shifted mean: 0.0222712
  Working on index: (1, 2, 2)
    Raw mean ± std: 0.0141600 ± 0.0001416. Shifted mean: 0.0141600
  Working on index: (2, 1, 1)
    Raw mean ± std: 0.0104956 ± 0.0001969. Shifted mean: 0.0104956
  Working on index: (2, 1, 2)
    Raw mean ± std: 0.0050743 ± 0.0002512. Shifted mean: 0.0050743
  Working on index: (2, 2, 1)
    Raw mean ± std: 0.0205533 ± 0.0001399. Shifted mean: 0.0205533
  Working on index: (2, 2, 2)
    Raw mean ± std: 0.0129005 ± 0.0001880. Shifted mean: 0.0129005
  Working on index: (3, 1, 1)
    Raw mean ± std: 0.0248198 ± 0.0004197. Shifted mean: 0.0248198
  Working on index: (3, 1, 2)
    Raw mean ± std: 0.0112239 ± 0.0005436. Shifted mean: 0.0112239
  Working on index: (3, 2, 1)
    Raw mean ± std: 0.0218070 ± 0.0001957. Shifted mean: 0.0218070
  Working on index: (3, 2, 2)
    Raw mean ± std: 0.0131763 ± 0.0002579. Shifted mean: 0.0131763
  Working on index: (4, 1, 1)
    Raw mean ± std: 0.0261107 ± 0.0005430. Shifted mean: 0.0261107
  Working on index: (4, 1, 2)
    Raw mean ± std: 0.0128046 ± 0.0007929. Shifted mean: 0.0128046
  Working on index: (4, 2, 1)
    Raw mean ± std: 0.0346679 ± 0.0003096. Shifted mean: 0.0346679
  Working on index: (4, 2, 2)
    Raw mean ± std: 0.0203936 ± 0.0004160. Shifted mean: 0.0203936
  Working on index: (5, 1, 1)
    Raw mean ± std: 0.0265225 ± 0.0007676. Shifted mean: 0.0265225
  Working on index: (5, 1, 2)
    Raw mean ± std: 0.0116195 ± 0.0011972. Shifted mean: 0.0116195
  Working on index: (5, 2, 1)
    Raw mean ± std: 0.0204176 ± 0.0003179. Shifted mean: 0.0204176
  Working on index: (5, 2, 2)
    Raw mean ± std: 0.0114159 ± 0.0004504. Shifted mean: 0.0114159
  Working on index: (6, 1, 1)
    Raw mean ± std: 0.0208467 ± 0.0017440. Shifted mean: 0.0208467
  Working on index: (6, 1, 2)
    Raw mean ± std: 0.0103751 ± 0.0037226. Shifted mean: 0.0103875
  Working on index: (6, 2, 1)
    Raw mean ± std: 0.0100016 ± 0.0005064. Shifted mean: 0.0100016
  Working on index: (6, 2, 2)
    Raw mean ± std: 0.0056676 ± 0.0008354. Shifted mean: 0.0056676
Merging true_to_tag using ['../histos/rdx-26_04_26_04_05-true_to_tag_glacier-2017-no_DLLmu_cut-corrected', '../histos/rdx-26_02_06_15_39-true_to_tag_lxplus-2017-no_DLLmu_cut', '../histos/rdx-26_02_09_06_27-true_to_tag_local-2017-no_DLLmu_cut']...
Copy piTrueToGTag_17 and shift means...
  Working on index: (1, 1, 1)
    Raw mean ± std: 0.0760081 ± 0.0001692. Shifted mean: 0.0760081
  Working on index: (1, 1, 2)
    Raw mean ± std: 0.1532736 ± 0.0003834. Shifted mean: 0.1532736
  Working on index: (1, 2, 1)
    Raw mean ± std: 0.1309821 ± 0.0019962. Shifted mean: 0.1309821
  Working on index: (1, 2, 2)
    Raw mean ± std: 0.2669158 ± 0.0046100. Shifted mean: 0.2669158
  Working on index: (2, 1, 1)
    Raw mean ± std: 0.0673742 ± 0.0001027. Shifted mean: 0.0673742
  Working on index: (2, 1, 2)
    Raw mean ± std: 0.1306125 ± 0.0002243. Shifted mean: 0.1306125
  Working on index: (2, 2, 1)
    Raw mean ± std: 0.1219107 ± 0.0005776. Shifted mean: 0.1219107
  Working on index: (2, 2, 2)
    Raw mean ± std: 0.2387799 ± 0.0012893. Shifted mean: 0.2387799
  Working on index: (3, 1, 1)
    Raw mean ± std: 0.0487933 ± 0.0000739. Shifted mean: 0.0487933
  Working on index: (3, 1, 2)
    Raw mean ± std: 0.0958923 ± 0.0001603. Shifted mean: 0.0958923
  Working on index: (3, 2, 1)
    Raw mean ± std: 0.0820774 ± 0.0003073. Shifted mean: 0.0820774
  Working on index: (3, 2, 2)
    Raw mean ± std: 0.1533670 ± 0.0006587. Shifted mean: 0.1533670
  Working on index: (4, 1, 1)
    Raw mean ± std: 0.0378006 ± 0.0000570. Shifted mean: 0.0378006
  Working on index: (4, 1, 2)
    Raw mean ± std: 0.0771882 ± 0.0001223. Shifted mean: 0.0771882
  Working on index: (4, 2, 1)
    Raw mean ± std: 0.0588617 ± 0.0001667. Shifted mean: 0.0588617
  Working on index: (4, 2, 2)
    Raw mean ± std: 0.1080884 ± 0.0003486. Shifted mean: 0.1080884
  Working on index: (5, 1, 1)
    Raw mean ± std: 0.0207943 ± 0.0000484. Shifted mean: 0.0207943
  Working on index: (5, 1, 2)
    Raw mean ± std: 0.0477592 ± 0.0001038. Shifted mean: 0.0477592
  Working on index: (5, 2, 1)
    Raw mean ± std: 0.0360068 ± 0.0000913. Shifted mean: 0.0360068
  Working on index: (5, 2, 2)
    Raw mean ± std: 0.0702687 ± 0.0001890. Shifted mean: 0.0702687
  Working on index: (6, 1, 1)
    Raw mean ± std: 0.0331001 ± 0.0001349. Shifted mean: 0.0331001
  Working on index: (6, 1, 2)
    Raw mean ± std: 0.0584058 ± 0.0002616. Shifted mean: 0.0584058
  Working on index: (6, 2, 1)
    Raw mean ± std: 0.0515358 ± 0.0001509. Shifted mean: 0.0515358
  Working on index: (6, 2, 2)
    Raw mean ± std: 0.0825064 ± 0.0002836. Shifted mean: 0.0825064
Combining kTrueToMuTag_17...
  Working on index: (1, 1, 1)
    Raw mean ± std: 0.0072458 ± 0.0003180. Shifted mean: 0.0072458
    Raw mean ± std: 0.9241555 ± 0.0003551. Shifted mean: 0.9241555
  Working on index: (1, 1, 2)
    Raw mean ± std: 0.0074449 ± 0.0009207. Shifted mean: 0.0074449
    Raw mean ± std: 0.9029813 ± 0.0007386. Shifted mean: 0.9029813
  Working on index: (1, 2, 1)
    Raw mean ± std: 0.0215248 ± 0.0066233. Shifted mean: 0.0215296
    Raw mean ± std: 0.9096384 ± 0.0092282. Shifted mean: 0.9096384
  Working on index: (1, 2, 2)
    Raw mean ± std: 0.0160696 ± 0.0081681. Shifted mean: 0.0163211
    Raw mean ± std: 0.8860929 ± 0.0069576. Shifted mean: 0.8860929
  Working on index: (2, 1, 1)
    Raw mean ± std: 0.0043566 ± 0.0000941. Shifted mean: 0.0043566
    Raw mean ± std: 0.9479927 ± 0.0001258. Shifted mean: 0.9479927
  Working on index: (2, 1, 2)
    Raw mean ± std: 0.0052151 ± 0.0001617. Shifted mean: 0.0052151
    Raw mean ± std: 0.9327104 ± 0.0002297. Shifted mean: 0.9327104
  Working on index: (2, 2, 1)
    Raw mean ± std: 0.0098511 ± 0.0007807. Shifted mean: 0.0098511
    Raw mean ± std: 0.9416787 ± 0.0009389. Shifted mean: 0.9416787
  Working on index: (2, 2, 2)
    Raw mean ± std: 0.0122425 ± 0.0020883. Shifted mean: 0.0122425
    Raw mean ± std: 0.9127566 ± 0.0017888. Shifted mean: 0.9127566
  Working on index: (3, 1, 1)
    Raw mean ± std: 0.0017165 ± 0.0000687. Shifted mean: 0.0017165
    Raw mean ± std: 0.9747375 ± 0.0000725. Shifted mean: 0.9747375
  Working on index: (3, 1, 2)
    Raw mean ± std: 0.0021252 ± 0.0001174. Shifted mean: 0.0021252
    Raw mean ± std: 0.9686010 ± 0.0001300. Shifted mean: 0.9686010
  Working on index: (3, 2, 1)
    Raw mean ± std: 0.0041553 ± 0.0003361. Shifted mean: 0.0041553
    Raw mean ± std: 0.9694787 ± 0.0004678. Shifted mean: 0.9694787
  Working on index: (3, 2, 2)
    Raw mean ± std: 0.0059203 ± 0.0005065. Shifted mean: 0.0059203
    Raw mean ± std: 0.9538074 ± 0.0009334. Shifted mean: 0.9538074
  Working on index: (4, 1, 1)
    Raw mean ± std: 0.0009961 ± 0.0000531. Shifted mean: 0.0009961
    Raw mean ± std: 0.9829874 ± 0.0000594. Shifted mean: 0.9829874
  Working on index: (4, 1, 2)
    Raw mean ± std: 0.0011005 ± 0.0000885. Shifted mean: 0.0011005
    Raw mean ± std: 0.9809995 ± 0.0000999. Shifted mean: 0.9809995
  Working on index: (4, 2, 1)
    Raw mean ± std: 0.0019939 ± 0.0001690. Shifted mean: 0.0019939
    Raw mean ± std: 0.9809302 ± 0.0002288. Shifted mean: 0.9809302
  Working on index: (4, 2, 2)
    Raw mean ± std: 0.0033216 ± 0.0002279. Shifted mean: 0.0033216
    Raw mean ± std: 0.9698732 ± 0.0004392. Shifted mean: 0.9698732
  Working on index: (5, 1, 1)
    Raw mean ± std: 0.0023655 ± 0.0000362. Shifted mean: 0.0023655
    Raw mean ± std: 0.9881454 ± 0.0000640. Shifted mean: 0.9881454
  Working on index: (5, 1, 2)
    Raw mean ± std: 0.0021889 ± 0.0000488. Shifted mean: 0.0021889
    Raw mean ± std: 0.9877016 ± 0.0000976. Shifted mean: 0.9877016
  Working on index: (5, 2, 1)
    Raw mean ± std: 0.0020826 ± 0.0000580. Shifted mean: 0.0020826
    Raw mean ± std: 0.9895957 ± 0.0001810. Shifted mean: 0.9895957
  Working on index: (5, 2, 2)
    Raw mean ± std: 0.0020510 ± 0.0000870. Shifted mean: 0.0020510
    Raw mean ± std: 0.9866473 ± 0.0001913. Shifted mean: 0.9866473
  Working on index: (6, 1, 1)
    Raw mean ± std: 0.0037667 ± 0.0001013. Shifted mean: 0.0037667
    Raw mean ± std: 0.9910647 ± 0.0001636. Shifted mean: 0.9910647
  Working on index: (6, 1, 2)
    Raw mean ± std: 0.0035706 ± 0.0001431. Shifted mean: 0.0035706
    Raw mean ± std: 0.9901260 ± 0.0002722. Shifted mean: 0.9901260
  Working on index: (6, 2, 1)
    Raw mean ± std: 0.0020592 ± 0.0000620. Shifted mean: 0.0020592
    Raw mean ± std: 0.9922515 ± 0.0001377. Shifted mean: 0.9922515
  Working on index: (6, 2, 2)
    Raw mean ± std: 0.0018493 ± 0.0000936. Shifted mean: 0.0018493
    Raw mean ± std: 0.9897662 ± 0.0002146. Shifted mean: 0.9897662
Combining kTrueToMuTag_17_vmu...
  Working on index: (1, 1, 1)
    Raw mean ± std: 0.0679345 ± 0.0006446. Shifted mean: 0.0679345
    Raw mean ± std: 0.9241555 ± 0.0003551. Shifted mean: 0.9241555
  Working on index: (1, 1, 2)
    Raw mean ± std: 0.0866837 ± 0.0004983. Shifted mean: 0.0866837
    Raw mean ± std: 0.9029813 ± 0.0007386. Shifted mean: 0.9029813
  Working on index: (1, 2, 1)
    Raw mean ± std: 0.0630184 ± 0.0035463. Shifted mean: 0.0630184
    Raw mean ± std: 0.9096384 ± 0.0092282. Shifted mean: 0.9096384
  Working on index: (1, 2, 2)
    Raw mean ± std: 0.0929376 ± 0.0047007. Shifted mean: 0.0929376
    Raw mean ± std: 0.8860929 ± 0.0069576. Shifted mean: 0.8860929
  Working on index: (2, 1, 1)
    Raw mean ± std: 0.0468463 ± 0.0000991. Shifted mean: 0.0468463
    Raw mean ± std: 0.9479927 ± 0.0001258. Shifted mean: 0.9479927
  Working on index: (2, 1, 2)
    Raw mean ± std: 0.0603562 ± 0.0001905. Shifted mean: 0.0603562
    Raw mean ± std: 0.9327104 ± 0.0002297. Shifted mean: 0.9327104
  Working on index: (2, 2, 1)
    Raw mean ± std: 0.0478865 ± 0.0004726. Shifted mean: 0.0478865
    Raw mean ± std: 0.9416787 ± 0.0009389. Shifted mean: 0.9416787
  Working on index: (2, 2, 2)
    Raw mean ± std: 0.0737529 ± 0.0009486. Shifted mean: 0.0737529
    Raw mean ± std: 0.9127566 ± 0.0017888. Shifted mean: 0.9127566
  Working on index: (3, 1, 1)
    Raw mean ± std: 0.0232989 ± 0.0000534. Shifted mean: 0.0232989
    Raw mean ± std: 0.9747375 ± 0.0000725. Shifted mean: 0.9747375
  Working on index: (3, 1, 2)
    Raw mean ± std: 0.0286439 ± 0.0000954. Shifted mean: 0.0286439
    Raw mean ± std: 0.9686010 ± 0.0001300. Shifted mean: 0.9686010
  Working on index: (3, 2, 1)
    Raw mean ± std: 0.0256378 ± 0.0002673. Shifted mean: 0.0256378
    Raw mean ± std: 0.9694787 ± 0.0004678. Shifted mean: 0.9694787
  Working on index: (3, 2, 2)
    Raw mean ± std: 0.0389963 ± 0.0004949. Shifted mean: 0.0389963
    Raw mean ± std: 0.9538074 ± 0.0009334. Shifted mean: 0.9538074
  Working on index: (4, 1, 1)
    Raw mean ± std: 0.0160421 ± 0.0000394. Shifted mean: 0.0160421
    Raw mean ± std: 0.9829874 ± 0.0000594. Shifted mean: 0.9829874
  Working on index: (4, 1, 2)
    Raw mean ± std: 0.0178569 ± 0.0000712. Shifted mean: 0.0178569
    Raw mean ± std: 0.9809995 ± 0.0000999. Shifted mean: 0.9809995
  Working on index: (4, 2, 1)
    Raw mean ± std: 0.0170507 ± 0.0001274. Shifted mean: 0.0170507
    Raw mean ± std: 0.9809302 ± 0.0002288. Shifted mean: 0.9809302
  Working on index: (4, 2, 2)
    Raw mean ± std: 0.0263597 ± 0.0002260. Shifted mean: 0.0263597
    Raw mean ± std: 0.9698732 ± 0.0004392. Shifted mean: 0.9698732
  Working on index: (5, 1, 1)
    Raw mean ± std: 0.0097767 ± 0.0000406. Shifted mean: 0.0097767
    Raw mean ± std: 0.9881454 ± 0.0000640. Shifted mean: 0.9881454
  Working on index: (5, 1, 2)
    Raw mean ± std: 0.0103749 ± 0.0000645. Shifted mean: 0.0103749
    Raw mean ± std: 0.9877016 ± 0.0000976. Shifted mean: 0.9877016
  Working on index: (5, 2, 1)
    Raw mean ± std: 0.0086402 ± 0.0000700. Shifted mean: 0.0086402
    Raw mean ± std: 0.9895957 ± 0.0001810. Shifted mean: 0.9895957
  Working on index: (5, 2, 2)
    Raw mean ± std: 0.0115869 ± 0.0001202. Shifted mean: 0.0115869
    Raw mean ± std: 0.9866473 ± 0.0001913. Shifted mean: 0.9866473
  Working on index: (6, 1, 1)
    Raw mean ± std: 0.0055107 ± 0.0001049. Shifted mean: 0.0055107
    Raw mean ± std: 0.9910647 ± 0.0001636. Shifted mean: 0.9910647
  Working on index: (6, 1, 2)
    Raw mean ± std: 0.0064162 ± 0.0001738. Shifted mean: 0.0064162
    Raw mean ± std: 0.9901260 ± 0.0002722. Shifted mean: 0.9901260
  Working on index: (6, 2, 1)
    Raw mean ± std: 0.0059238 ± 0.0001115. Shifted mean: 0.0059238
    Raw mean ± std: 0.9922515 ± 0.0001377. Shifted mean: 0.9922515
  Working on index: (6, 2, 2)
    Raw mean ± std: 0.0086577 ± 0.0001991. Shifted mean: 0.0086577
    Raw mean ± std: 0.9897662 ± 0.0002146. Shifted mean: 0.9897662
Combining pTrueToMuTag_17...
  Working on index: (1, 1, 1)
    Raw mean ± std: 0.0006459 ± 0.0000952. Shifted mean: 0.0006459
    Raw mean ± std: 0.9898867 ± 0.0002834. Shifted mean: 0.9898867
  Working on index: (1, 1, 2)
    Raw mean ± std: 0.0008658 ± 0.0001399. Shifted mean: 0.0008658
    Raw mean ± std: 0.9826457 ± 0.0004551. Shifted mean: 0.9826457
  Working on index: (1, 2, 1)
    Raw mean ± std: 0.0035613 ± 0.0012725. Shifted mean: 0.0035654
    Raw mean ± std: 0.9729216 ± 0.0027262. Shifted mean: 0.9729216
  Working on index: (1, 2, 2)
    Raw mean ± std: 0.0020276 ± 0.0058513. Shifted mean: 0.0048009
    INFO: Raw mean not in [0, 1]!
    Raw mean ± std: 1.0276291 ± 0.0152794. Shifted mean: 0.9954645
  Working on index: (2, 1, 1)
    Raw mean ± std: 0.0003864 ± 0.0000213. Shifted mean: 0.0003864
    Raw mean ± std: 0.9844932 ± 0.0000876. Shifted mean: 0.9844932
  Working on index: (2, 1, 2)
    Raw mean ± std: 0.0007261 ± 0.0000300. Shifted mean: 0.0007261
    Raw mean ± std: 0.9746136 ± 0.0001316. Shifted mean: 0.9746136
  Working on index: (2, 2, 1)
    Raw mean ± std: 0.0020280 ± 0.0000733. Shifted mean: 0.0020280
    Raw mean ± std: 0.9722506 ± 0.0001976. Shifted mean: 0.9722506
  Working on index: (2, 2, 2)
    Raw mean ± std: 0.0036132 ± 0.0001271. Shifted mean: 0.0036132
    Raw mean ± std: 0.9467558 ± 0.0003753. Shifted mean: 0.9467558
  Working on index: (3, 1, 1)
    Raw mean ± std: 0.0001182 ± 0.0000141. Shifted mean: 0.0001182
    Raw mean ± std: 0.9912775 ± 0.0000569. Shifted mean: 0.9912775
  Working on index: (3, 1, 2)
    Raw mean ± std: 0.0002212 ± 0.0000178. Shifted mean: 0.0002212
    Raw mean ± std: 0.9815879 ± 0.0000940. Shifted mean: 0.9815879
  Working on index: (3, 2, 1)
    Raw mean ± std: 0.0009082 ± 0.0000306. Shifted mean: 0.0009082
    Raw mean ± std: 0.9877046 ± 0.0000814. Shifted mean: 0.9877046
  Working on index: (3, 2, 2)
    Raw mean ± std: 0.0016177 ± 0.0000477. Shifted mean: 0.0016177
    Raw mean ± std: 0.9736217 ± 0.0001500. Shifted mean: 0.9736217
  Working on index: (4, 1, 1)
    Raw mean ± std: 0.0000741 ± 0.0000116. Shifted mean: 0.0000741
    Raw mean ± std: 0.9979005 ± 0.0000261. Shifted mean: 0.9979005
  Working on index: (4, 1, 2)
    Raw mean ± std: 0.0000965 ± 0.0000129. Shifted mean: 0.0000965
    Raw mean ± std: 0.9954444 ± 0.0000408. Shifted mean: 0.9954444
  Working on index: (4, 2, 1)
    Raw mean ± std: 0.0003004 ± 0.0000149. Shifted mean: 0.0003004
    Raw mean ± std: 0.9930432 ± 0.0000471. Shifted mean: 0.9930432
  Working on index: (4, 2, 2)
    Raw mean ± std: 0.0005992 ± 0.0000227. Shifted mean: 0.0005992
    Raw mean ± std: 0.9831253 ± 0.0000879. Shifted mean: 0.9831253
  Working on index: (5, 1, 1)
    Raw mean ± std: 0.0000485 ± 0.0000120. Shifted mean: 0.0000485
    Raw mean ± std: 0.9992360 ± 0.0000187. Shifted mean: 0.9992360
  Working on index: (5, 1, 2)
    Raw mean ± std: 0.0000427 ± 0.0000134. Shifted mean: 0.0000427
    Raw mean ± std: 0.9989286 ± 0.0000239. Shifted mean: 0.9989286
  Working on index: (5, 2, 1)
    Raw mean ± std: 0.0001298 ± 0.0000114. Shifted mean: 0.0001298
    Raw mean ± std: 0.9970894 ± 0.0000339. Shifted mean: 0.9970894
  Working on index: (5, 2, 2)
    Raw mean ± std: 0.0002413 ± 0.0000162. Shifted mean: 0.0002413
    Raw mean ± std: 0.9921176 ± 0.0000647. Shifted mean: 0.9921176
  Working on index: (6, 1, 1)
    Raw mean ± std: 0.0001013 ± 0.0000304. Shifted mean: 0.0001013
    Raw mean ± std: 0.9989509 ± 0.0000492. Shifted mean: 0.9989509
  Working on index: (6, 1, 2)
    Raw mean ± std: 0.0000868 ± 0.0000384. Shifted mean: 0.0000874
    Raw mean ± std: 0.9986619 ± 0.0000679. Shifted mean: 0.9986619
  Working on index: (6, 2, 1)
    Raw mean ± std: 0.0000325 ± 0.0000158. Shifted mean: 0.0000329
    Raw mean ± std: 0.9985820 ± 0.0000368. Shifted mean: 0.9985820
  Working on index: (6, 2, 2)
    Raw mean ± std: 0.0000857 ± 0.0000198. Shifted mean: 0.0000857
    Raw mean ± std: 0.9970020 ± 0.0000598. Shifted mean: 0.9970020
Copy piTrueToPiTag_17 and shift means...
  Working on index: (1, 1, 1)
    Raw mean ± std: 0.9230393 ± 0.0001706. Shifted mean: 0.9230393
  Working on index: (1, 1, 2)
    Raw mean ± std: 0.8444029 ± 0.0003860. Shifted mean: 0.8444029
  Working on index: (1, 2, 1)
    Raw mean ± std: 0.8658982 ± 0.0020181. Shifted mean: 0.8658982
  Working on index: (1, 2, 2)
    Raw mean ± std: 0.7267716 ± 0.0046329. Shifted mean: 0.7267716
  Working on index: (2, 1, 1)
    Raw mean ± std: 0.9238968 ± 0.0001086. Shifted mean: 0.9238968
  Working on index: (2, 1, 2)
    Raw mean ± std: 0.8546770 ± 0.0002343. Shifted mean: 0.8546770
  Working on index: (2, 2, 1)
    Raw mean ± std: 0.8690041 ± 0.0005961. Shifted mean: 0.8690041
  Working on index: (2, 2, 2)
    Raw mean ± std: 0.7449744 ± 0.0013156. Shifted mean: 0.7449744
  Working on index: (3, 1, 1)
    Raw mean ± std: 0.9070424 ± 0.0000990. Shifted mean: 0.9070424
  Working on index: (3, 1, 2)
    Raw mean ± std: 0.8378981 ± 0.0001998. Shifted mean: 0.8378981
  Working on index: (3, 2, 1)
    Raw mean ± std: 0.8807758 ± 0.0003618. Shifted mean: 0.8807758
  Working on index: (3, 2, 2)
    Raw mean ± std: 0.7808366 ± 0.0007518. Shifted mean: 0.7808366
  Working on index: (4, 1, 1)
    Raw mean ± std: 0.9171768 ± 0.0000817. Shifted mean: 0.9171768
  Working on index: (4, 1, 2)
    Raw mean ± std: 0.8568015 ± 0.0001606. Shifted mean: 0.8568015
  Working on index: (4, 2, 1)
    Raw mean ± std: 0.8874691 ± 0.0002211. Shifted mean: 0.8874691
  Working on index: (4, 2, 2)
    Raw mean ± std: 0.8088235 ± 0.0004365. Shifted mean: 0.8088235
  Working on index: (5, 1, 1)
    Raw mean ± std: 0.9038166 ± 0.0000918. Shifted mean: 0.9038166
  Working on index: (5, 1, 2)
    Raw mean ± std: 0.8618388 ± 0.0001638. Shifted mean: 0.8618388
  Working on index: (5, 2, 1)
    Raw mean ± std: 0.8796424 ± 0.0001518. Shifted mean: 0.8796424
  Working on index: (5, 2, 2)
    Raw mean ± std: 0.8169648 ± 0.0002794. Shifted mean: 0.8169648
  Working on index: (6, 1, 1)
    Raw mean ± std: 0.7681406 ± 0.0002817. Shifted mean: 0.7681406
  Working on index: (6, 1, 2)
    Raw mean ± std: 0.7218066 ± 0.0004608. Shifted mean: 0.7218066
  Working on index: (6, 2, 1)
    Raw mean ± std: 0.7452687 ± 0.0002771. Shifted mean: 0.7452687
  Working on index: (6, 2, 2)
    Raw mean ± std: 0.6818778 ± 0.0004534. Shifted mean: 0.6818778
Copy kTrueToPiTag_17 and shift means...
  Working on index: (1, 1, 1)
    Raw mean ± std: 0.0525475 ± 0.0005448. Shifted mean: 0.0525475
  Working on index: (1, 1, 2)
    Raw mean ± std: 0.0715822 ± 0.0008901. Shifted mean: 0.0715822
  Working on index: (1, 2, 1)
    Raw mean ± std: 0.0846941 ± 0.0080427. Shifted mean: 0.0846941
  Working on index: (1, 2, 2)
    Raw mean ± std: 0.1115620 ± 0.0126041. Shifted mean: 0.1115620
  Working on index: (2, 1, 1)
    Raw mean ± std: 0.0170709 ± 0.0001446. Shifted mean: 0.0170709
  Working on index: (2, 1, 2)
    Raw mean ± std: 0.0258940 ± 0.0002433. Shifted mean: 0.0258940
  Working on index: (2, 2, 1)
    Raw mean ± std: 0.1035256 ± 0.0011508. Shifted mean: 0.1035256
  Working on index: (2, 2, 2)
    Raw mean ± std: 0.1377587 ± 0.0019652. Shifted mean: 0.1377587
  Working on index: (3, 1, 1)
    Raw mean ± std: 0.0043535 ± 0.0000735. Shifted mean: 0.0043535
  Working on index: (3, 1, 2)
    Raw mean ± std: 0.0063945 ± 0.0001193. Shifted mean: 0.0063945
  Working on index: (3, 2, 1)
    Raw mean ± std: 0.0459969 ± 0.0004307. Shifted mean: 0.0459969
  Working on index: (3, 2, 2)
    Raw mean ± std: 0.0744949 ± 0.0007720. Shifted mean: 0.0744949
  Working on index: (4, 1, 1)
    Raw mean ± std: 0.0014917 ± 0.0000419. Shifted mean: 0.0014917
  Working on index: (4, 1, 2)
    Raw mean ± std: 0.0024105 ± 0.0000655. Shifted mean: 0.0024105
  Working on index: (4, 2, 1)
    Raw mean ± std: 0.0180186 ± 0.0001799. Shifted mean: 0.0180186
  Working on index: (4, 2, 2)
    Raw mean ± std: 0.0326487 ± 0.0003213. Shifted mean: 0.0326487
  Working on index: (5, 1, 1)
    Raw mean ± std: 0.0191261 ± 0.0000463. Shifted mean: 0.0191261
  Working on index: (5, 1, 2)
    Raw mean ± std: 0.0234275 ± 0.0000745. Shifted mean: 0.0234275
  Working on index: (5, 2, 1)
    Raw mean ± std: 0.0239798 ± 0.0000930. Shifted mean: 0.0239798
  Working on index: (5, 2, 2)
    Raw mean ± std: 0.0346992 ± 0.0001596. Shifted mean: 0.0346992
  Working on index: (6, 1, 1)
    Raw mean ± std: 0.0912269 ± 0.0001771. Shifted mean: 0.0912269
  Working on index: (6, 1, 2)
    Raw mean ± std: 0.1009520 ± 0.0002829. Shifted mean: 0.1009520
  Working on index: (6, 2, 1)
    Raw mean ± std: 0.1195814 ± 0.0001996. Shifted mean: 0.1195814
  Working on index: (6, 2, 2)
    Raw mean ± std: 0.1330278 ± 0.0003151. Shifted mean: 0.1330278
Copy kTrueToETag_17 and shift means...
  Working on index: (1, 1, 1)
    Raw mean ± std: 0.0018781 ± 0.0000925. Shifted mean: 0.0018781
  Working on index: (1, 1, 2)
    Raw mean ± std: 0.0033744 ± 0.0001716. Shifted mean: 0.0033744
  Working on index: (1, 2, 1)
    Raw mean ± std: 0.0038269 ± 0.0014083. Shifted mean: 0.0038327
  Working on index: (1, 2, 2)
    Raw mean ± std: 0.0095008 ± 0.0023667. Shifted mean: 0.0095009
  Working on index: (2, 1, 1)
    Raw mean ± std: 0.0009038 ± 0.0000265. Shifted mean: 0.0009038
  Working on index: (2, 1, 2)
    Raw mean ± std: 0.0019101 ± 0.0000508. Shifted mean: 0.0019101
  Working on index: (2, 2, 1)
    Raw mean ± std: 0.0030295 ± 0.0002368. Shifted mean: 0.0030295
  Working on index: (2, 2, 2)
    Raw mean ± std: 0.0048965 ± 0.0004160. Shifted mean: 0.0048965
  Working on index: (3, 1, 1)
    Raw mean ± std: 0.0002521 ± 0.0000159. Shifted mean: 0.0002521
  Working on index: (3, 1, 2)
    Raw mean ± std: 0.0005406 ± 0.0000286. Shifted mean: 0.0005406
  Working on index: (3, 2, 1)
    Raw mean ± std: 0.0014853 ± 0.0000888. Shifted mean: 0.0014853
  Working on index: (3, 2, 2)
    Raw mean ± std: 0.0027354 ± 0.0001687. Shifted mean: 0.0027354
  Working on index: (4, 1, 1)
    Raw mean ± std: 0.0001050 ± 0.0000094. Shifted mean: 0.0001050
  Working on index: (4, 1, 2)
    Raw mean ± std: 0.0002273 ± 0.0000158. Shifted mean: 0.0002273
  Working on index: (4, 2, 1)
    Raw mean ± std: 0.0005163 ± 0.0000345. Shifted mean: 0.0005163
  Working on index: (4, 2, 2)
    Raw mean ± std: 0.0008954 ± 0.0000624. Shifted mean: 0.0008954
  Working on index: (5, 1, 1)
    Raw mean ± std: 0.0017308 ± 0.0000132. Shifted mean: 0.0017308
  Working on index: (5, 1, 2)
    Raw mean ± std: 0.0021364 ± 0.0000218. Shifted mean: 0.0021364
  Working on index: (5, 2, 1)
    Raw mean ± std: 0.0007104 ± 0.0000170. Shifted mean: 0.0007104
  Working on index: (5, 2, 2)
    Raw mean ± std: 0.0010996 ± 0.0000301. Shifted mean: 0.0010996
  Working on index: (6, 1, 1)
    Raw mean ± std: 0.0051971 ± 0.0000446. Shifted mean: 0.0051971
  Working on index: (6, 1, 2)
    Raw mean ± std: 0.0053580 ± 0.0000695. Shifted mean: 0.0053580
  Working on index: (6, 2, 1)
    Raw mean ± std: 0.0024616 ± 0.0000314. Shifted mean: 0.0024616
  Working on index: (6, 2, 2)
    Raw mean ± std: 0.0025836 ± 0.0000487. Shifted mean: 0.0025836
Copy piTrueToPTag_17 and shift means...
  Working on index: (1, 1, 1)
    Zero or negative efficiency uncertainty found (0.0). Manually set efficiency to 0.0.
  Working on index: (1, 1, 2)
    Zero or negative efficiency uncertainty found (0.0). Manually set efficiency to 0.0.
  Working on index: (1, 2, 1)
    Zero or negative efficiency uncertainty found (0.0). Manually set efficiency to 0.0.
  Working on index: (1, 2, 2)
    Zero or negative efficiency uncertainty found (0.0). Manually set efficiency to 0.0.
  Working on index: (2, 1, 1)
    Raw mean ± std: 0.0011961 ± 0.0000137. Shifted mean: 0.0011961
  Working on index: (2, 1, 2)
    Raw mean ± std: 0.0012406 ± 0.0000229. Shifted mean: 0.0012406
  Working on index: (2, 2, 1)
    Raw mean ± std: 0.0003602 ± 0.0000338. Shifted mean: 0.0003602
  Working on index: (2, 2, 2)
    Raw mean ± std: 0.0007611 ± 0.0000874. Shifted mean: 0.0007611
  Working on index: (3, 1, 1)
    Raw mean ± std: 0.0206954 ± 0.0000477. Shifted mean: 0.0206954
  Working on index: (3, 1, 2)
    Raw mean ± std: 0.0324565 ± 0.0000952. Shifted mean: 0.0324565
  Working on index: (3, 2, 1)
    Raw mean ± std: 0.0140165 ± 0.0001278. Shifted mean: 0.0140165
  Working on index: (3, 2, 2)
    Raw mean ± std: 0.0294586 ± 0.0003062. Shifted mean: 0.0294586
  Working on index: (4, 1, 1)
    Raw mean ± std: 0.0165163 ± 0.0000366. Shifted mean: 0.0165163
  Working on index: (4, 1, 2)
    Raw mean ± std: 0.0325966 ± 0.0000798. Shifted mean: 0.0325966
  Working on index: (4, 2, 1)
    Raw mean ± std: 0.0270067 ± 0.0001103. Shifted mean: 0.0270067
  Working on index: (4, 2, 2)
    Raw mean ± std: 0.0450653 ± 0.0002261. Shifted mean: 0.0450653
  Working on index: (5, 1, 1)
    Raw mean ± std: 0.0057249 ± 0.0000250. Shifted mean: 0.0057249
  Working on index: (5, 1, 2)
    Raw mean ± std: 0.0124306 ± 0.0000550. Shifted mean: 0.0124306
  Working on index: (5, 2, 1)
    Raw mean ± std: 0.0304346 ± 0.0000771. Shifted mean: 0.0304346
  Working on index: (5, 2, 2)
    Raw mean ± std: 0.0436114 ± 0.0001439. Shifted mean: 0.0436114
  Working on index: (6, 1, 1)
    Raw mean ± std: 0.0192816 ± 0.0000928. Shifted mean: 0.0192816
  Working on index: (6, 1, 2)
    Raw mean ± std: 0.0263951 ± 0.0001668. Shifted mean: 0.0263951
  Working on index: (6, 2, 1)
    Raw mean ± std: 0.0340428 ± 0.0001170. Shifted mean: 0.0340428
  Working on index: (6, 2, 2)
    Raw mean ± std: 0.0476663 ± 0.0002125. Shifted mean: 0.0476663
Copy pTrueToETag_17 and shift means...
  Working on index: (1, 1, 1)
    Raw mean ± std: 0.0021834 ± 0.0001321. Shifted mean: 0.0021834
  Working on index: (1, 1, 2)
    Raw mean ± std: 0.0050878 ± 0.0002370. Shifted mean: 0.0050878
  Working on index: (1, 2, 1)
    Raw mean ± std: 0.0096272 ± 0.0013763. Shifted mean: 0.0096272
  Working on index: (1, 2, 2)
    Raw mean ± std: 0.0189391 ± 0.0043440. Shifted mean: 0.0189392
  Working on index: (2, 1, 1)
    Raw mean ± std: 0.0013064 ± 0.0000271. Shifted mean: 0.0013064
  Working on index: (2, 1, 2)
    Raw mean ± std: 0.0025790 ± 0.0000439. Shifted mean: 0.0025790
  Working on index: (2, 2, 1)
    Raw mean ± std: 0.0060906 ± 0.0000968. Shifted mean: 0.0060906
  Working on index: (2, 2, 2)
    Raw mean ± std: 0.0077380 ± 0.0001468. Shifted mean: 0.0077380
  Working on index: (3, 1, 1)
    Raw mean ± std: 0.0005314 ± 0.0000181. Shifted mean: 0.0005314
  Working on index: (3, 1, 2)
    Raw mean ± std: 0.0011522 ± 0.0000270. Shifted mean: 0.0011522
  Working on index: (3, 2, 1)
    Raw mean ± std: 0.0027224 ± 0.0000404. Shifted mean: 0.0027224
  Working on index: (3, 2, 2)
    Raw mean ± std: 0.0043320 ± 0.0000640. Shifted mean: 0.0043320
  Working on index: (4, 1, 1)
    Raw mean ± std: 0.0004264 ± 0.0000178. Shifted mean: 0.0004264
  Working on index: (4, 1, 2)
    Raw mean ± std: 0.0007219 ± 0.0000208. Shifted mean: 0.0007219
  Working on index: (4, 2, 1)
    Raw mean ± std: 0.0012195 ± 0.0000223. Shifted mean: 0.0012195
  Working on index: (4, 2, 2)
    Raw mean ± std: 0.0020576 ± 0.0000343. Shifted mean: 0.0020576
  Working on index: (5, 1, 1)
    Raw mean ± std: 0.0003673 ± 0.0000182. Shifted mean: 0.0003673
  Working on index: (5, 1, 2)
    Raw mean ± std: 0.0004713 ± 0.0000209. Shifted mean: 0.0004713
  Working on index: (5, 2, 1)
    Raw mean ± std: 0.0004680 ± 0.0000165. Shifted mean: 0.0004680
  Working on index: (5, 2, 2)
    Raw mean ± std: 0.0009229 ± 0.0000253. Shifted mean: 0.0009229
  Working on index: (6, 1, 1)
    Raw mean ± std: 0.0006755 ± 0.0000455. Shifted mean: 0.0006755
  Working on index: (6, 1, 2)
    Raw mean ± std: 0.0007695 ± 0.0000580. Shifted mean: 0.0007695
  Working on index: (6, 2, 1)
    Raw mean ± std: 0.0002578 ± 0.0000230. Shifted mean: 0.0002578
  Working on index: (6, 2, 2)
    Raw mean ± std: 0.0003854 ± 0.0000271. Shifted mean: 0.0003854
Copy kTrueToKTag_17 and shift means...
  Working on index: (1, 1, 1)
    Zero or negative efficiency uncertainty found (0.0). Manually set efficiency to 0.0.
  Working on index: (1, 1, 2)
    Zero or negative efficiency uncertainty found (0.0). Manually set efficiency to 0.0.
  Working on index: (1, 2, 1)
    Zero or negative efficiency uncertainty found (0.0). Manually set efficiency to 0.0.
  Working on index: (1, 2, 2)
    Zero or negative efficiency uncertainty found (0.0). Manually set efficiency to 0.0.
  Working on index: (2, 1, 1)
    Raw mean ± std: 0.1501380 ± 0.0001848. Shifted mean: 0.1501380
  Working on index: (2, 1, 2)
    Raw mean ± std: 0.1379904 ± 0.0002794. Shifted mean: 0.1379904
  Working on index: (2, 2, 1)
    Raw mean ± std: 0.1477756 ± 0.0008118. Shifted mean: 0.1477756
  Working on index: (2, 2, 2)
    Raw mean ± std: 0.1160164 ± 0.0011981. Shifted mean: 0.1160164
  Working on index: (3, 1, 1)
    Raw mean ± std: 0.8763218 ± 0.0001400. Shifted mean: 0.8763218
  Working on index: (3, 1, 2)
    Raw mean ± std: 0.7964070 ± 0.0002571. Shifted mean: 0.7964070
  Working on index: (3, 2, 1)
    Raw mean ± std: 0.7275759 ± 0.0006190. Shifted mean: 0.7275759
  Working on index: (3, 2, 2)
    Raw mean ± std: 0.5809582 ± 0.0010678. Shifted mean: 0.5809582
  Working on index: (4, 1, 1)
    Raw mean ± std: 0.9372410 ± 0.0000831. Shifted mean: 0.9372410
  Working on index: (4, 1, 2)
    Raw mean ± std: 0.8680482 ± 0.0001662. Shifted mean: 0.8680482
  Working on index: (4, 2, 1)
    Raw mean ± std: 0.8435263 ± 0.0002969. Shifted mean: 0.8435263
  Working on index: (4, 2, 2)
    Raw mean ± std: 0.7381339 ± 0.0005471. Shifted mean: 0.7381339
  Working on index: (5, 1, 1)
    Raw mean ± std: 0.9455015 ± 0.0000720. Shifted mean: 0.9455015
  Working on index: (5, 1, 2)
    Raw mean ± std: 0.9021451 ± 0.0001360. Shifted mean: 0.9021451
  Working on index: (5, 2, 1)
    Raw mean ± std: 0.9047534 ± 0.0001480. Shifted mean: 0.9047534
  Working on index: (5, 2, 2)
    Raw mean ± std: 0.8424086 ± 0.0002724. Shifted mean: 0.8424086
  Working on index: (6, 1, 1)
    Raw mean ± std: 0.8283653 ± 0.0002353. Shifted mean: 0.8283653
  Working on index: (6, 1, 2)
    Raw mean ± std: 0.7836665 ± 0.0003917. Shifted mean: 0.7836665
  Working on index: (6, 2, 1)
    Raw mean ± std: 0.7788554 ± 0.0002558. Shifted mean: 0.7788554
  Working on index: (6, 2, 2)
    Raw mean ± std: 0.7190183 ± 0.0004175. Shifted mean: 0.7190183
Combining piTrueToMuTag_17...
  Working on index: (1, 1, 1)
    Raw mean ± std: 0.0157719 ± 0.0009174. Shifted mean: 0.0157719
    Raw mean ± std: 0.8924292 ± 0.0003536. Shifted mean: 0.8924292
  Working on index: (1, 1, 2)
    Raw mean ± std: 0.0118358 ± 0.0016414. Shifted mean: 0.0118358
    Raw mean ± std: 0.8597009 ± 0.0006465. Shifted mean: 0.8597009
  Working on index: (1, 2, 1)
    Raw mean ± std: 0.0290632 ± 0.0092307. Shifted mean: 0.0290727
    Raw mean ± std: 0.9285414 ± 0.0053956. Shifted mean: 0.9285414
  Working on index: (1, 2, 2)
    Raw mean ± std: 0.0345307 ± 0.0146071. Shifted mean: 0.0346962
    Raw mean ± std: 0.9029979 ± 0.0064377. Shifted mean: 0.9029979
  Working on index: (2, 1, 1)
    Raw mean ± std: 0.0178350 ± 0.0006306. Shifted mean: 0.0178350
    Raw mean ± std: 0.9376740 ± 0.0001933. Shifted mean: 0.9376740
  Working on index: (2, 1, 2)
    Raw mean ± std: 0.0165720 ± 0.0010077. Shifted mean: 0.0165720
    Raw mean ± std: 0.9139226 ± 0.0003543. Shifted mean: 0.9139226
  Working on index: (2, 2, 1)
    Raw mean ± std: 0.0163081 ± 0.0045543. Shifted mean: 0.0163091
    Raw mean ± std: 0.9409736 ± 0.0014656. Shifted mean: 0.9409736
  Working on index: (2, 2, 2)
    Raw mean ± std: 0.0152514 ± 0.0010863. Shifted mean: 0.0152514
    Raw mean ± std: 0.9101509 ± 0.0027302. Shifted mean: 0.9101509
  Working on index: (3, 1, 1)
    Raw mean ± std: 0.0155987 ± 0.0004817. Shifted mean: 0.0155987
    Raw mean ± std: 0.9763677 ± 0.0001245. Shifted mean: 0.9763677
  Working on index: (3, 1, 2)
    Raw mean ± std: 0.0133300 ± 0.0007428. Shifted mean: 0.0133300
    Raw mean ± std: 0.9684271 ± 0.0001921. Shifted mean: 0.9684271
  Working on index: (3, 2, 1)
    Raw mean ± std: 0.0127677 ± 0.0015986. Shifted mean: 0.0127677
    Raw mean ± std: 0.9716269 ± 0.0005781. Shifted mean: 0.9716269
  Working on index: (3, 2, 2)
    Raw mean ± std: 0.0100734 ± 0.0004543. Shifted mean: 0.0100734
    Raw mean ± std: 0.9572660 ± 0.0010403. Shifted mean: 0.9572660
  Working on index: (4, 1, 1)
    Raw mean ± std: 0.0100038 ± 0.0002430. Shifted mean: 0.0100038
    Raw mean ± std: 0.9875074 ± 0.0000639. Shifted mean: 0.9875074
  Working on index: (4, 1, 2)
    Raw mean ± std: 0.0096032 ± 0.0003840. Shifted mean: 0.0096032
    Raw mean ± std: 0.9847557 ± 0.0001070. Shifted mean: 0.9847557
  Working on index: (4, 2, 1)
    Raw mean ± std: 0.0124848 ± 0.0007492. Shifted mean: 0.0124848
    Raw mean ± std: 0.9824034 ± 0.0002456. Shifted mean: 0.9824034
  Working on index: (4, 2, 2)
    Raw mean ± std: 0.0092540 ± 0.0008828. Shifted mean: 0.0092540
    Raw mean ± std: 0.9737922 ± 0.0004637. Shifted mean: 0.9737922
  Working on index: (5, 1, 1)
    Raw mean ± std: 0.0072962 ± 0.0001554. Shifted mean: 0.0072962
    Raw mean ± std: 0.9931988 ± 0.0000493. Shifted mean: 0.9931988
  Working on index: (5, 1, 2)
    Raw mean ± std: 0.0063112 ± 0.0002101. Shifted mean: 0.0063112
    Raw mean ± std: 0.9927865 ± 0.0000810. Shifted mean: 0.9927865
  Working on index: (5, 2, 1)
    Raw mean ± std: 0.0066249 ± 0.0002572. Shifted mean: 0.0066249
    Raw mean ± std: 0.9922041 ± 0.0000991. Shifted mean: 0.9922041
  Working on index: (5, 2, 2)
    Raw mean ± std: 0.0057065 ± 0.0003672. Shifted mean: 0.0057065
    Raw mean ± std: 0.9891324 ± 0.0001635. Shifted mean: 0.9891324
  Working on index: (6, 1, 1)
    Raw mean ± std: 0.0031313 ± 0.0001344. Shifted mean: 0.0031313
    Raw mean ± std: 0.9955796 ± 0.0000938. Shifted mean: 0.9955796
  Working on index: (6, 1, 2)
    Raw mean ± std: 0.0029540 ± 0.0002226. Shifted mean: 0.0029540
    Raw mean ± std: 0.9954136 ± 0.0001493. Shifted mean: 0.9954136
  Working on index: (6, 2, 1)
    Raw mean ± std: 0.0030540 ± 0.0002804. Shifted mean: 0.0030540
    Raw mean ± std: 0.9950172 ± 0.0001343. Shifted mean: 0.9950172
  Working on index: (6, 2, 2)
    Raw mean ± std: 0.0027923 ± 0.0003486. Shifted mean: 0.0027923
    Raw mean ± std: 0.9926983 ± 0.0002301. Shifted mean: 0.9926983
Combining piTrueToMuTag_17_vmu...
  Working on index: (1, 1, 1)
    Raw mean ± std: 0.0920411 ± 0.0000928. Shifted mean: 0.0920411
    Raw mean ± std: 0.8924292 ± 0.0003536. Shifted mean: 0.8924292
  Working on index: (1, 1, 2)
    Raw mean ± std: 0.1256961 ± 0.0002018. Shifted mean: 0.1256961
    Raw mean ± std: 0.8597009 ± 0.0006465. Shifted mean: 0.8597009
  Working on index: (1, 2, 1)
    Raw mean ± std: 0.0573681 ± 0.0010175. Shifted mean: 0.0573681
    Raw mean ± std: 0.9285414 ± 0.0053956. Shifted mean: 0.9285414
  Working on index: (1, 2, 2)
    Raw mean ± std: 0.0890246 ± 0.0023901. Shifted mean: 0.0890246
    Raw mean ± std: 0.9029979 ± 0.0064377. Shifted mean: 0.9029979
  Working on index: (2, 1, 1)
    Raw mean ± std: 0.0485660 ± 0.0000509. Shifted mean: 0.0485660
    Raw mean ± std: 0.9376740 ± 0.0001933. Shifted mean: 0.9376740
  Working on index: (2, 1, 2)
    Raw mean ± std: 0.0716751 ± 0.0001079. Shifted mean: 0.0716751
    Raw mean ± std: 0.9139226 ± 0.0003543. Shifted mean: 0.9139226
  Working on index: (2, 2, 1)
    Raw mean ± std: 0.0410378 ± 0.0003001. Shifted mean: 0.0410378
    Raw mean ± std: 0.9409736 ± 0.0014656. Shifted mean: 0.9409736
  Working on index: (2, 2, 2)
    Raw mean ± std: 0.0706490 ± 0.0006730. Shifted mean: 0.0706490
    Raw mean ± std: 0.9101509 ± 0.0027302. Shifted mean: 0.9101509
  Working on index: (3, 1, 1)
    Raw mean ± std: 0.0111119 ± 0.0000327. Shifted mean: 0.0111119
    Raw mean ± std: 0.9763677 ± 0.0001245. Shifted mean: 0.9763677
  Working on index: (3, 1, 2)
    Raw mean ± std: 0.0187949 ± 0.0000693. Shifted mean: 0.0187949
    Raw mean ± std: 0.9684271 ± 0.0001921. Shifted mean: 0.9684271
  Working on index: (3, 2, 1)
    Raw mean ± std: 0.0159243 ± 0.0001167. Shifted mean: 0.0159243
    Raw mean ± std: 0.9716269 ± 0.0005781. Shifted mean: 0.9716269
  Working on index: (3, 2, 2)
    Raw mean ± std: 0.0296383 ± 0.0002945. Shifted mean: 0.0296383
    Raw mean ± std: 0.9572660 ± 0.0010403. Shifted mean: 0.9572660
  Working on index: (4, 1, 1)
    Raw mean ± std: 0.0035450 ± 0.0000249. Shifted mean: 0.0035450
    Raw mean ± std: 0.9875074 ± 0.0000639. Shifted mean: 0.9875074
  Working on index: (4, 1, 2)
    Raw mean ± std: 0.0063627 ± 0.0000511. Shifted mean: 0.0063627
    Raw mean ± std: 0.9847557 ± 0.0001070. Shifted mean: 0.9847557
  Working on index: (4, 2, 1)
    Raw mean ± std: 0.0079993 ± 0.0001035. Shifted mean: 0.0079993
    Raw mean ± std: 0.9824034 ± 0.0002456. Shifted mean: 0.9824034
  Working on index: (4, 2, 2)
    Raw mean ± std: 0.0164415 ± 0.0002267. Shifted mean: 0.0164415
    Raw mean ± std: 0.9737922 ± 0.0004637. Shifted mean: 0.9737922
  Working on index: (5, 1, 1)
    Raw mean ± std: 0.0014177 ± 0.0000244. Shifted mean: 0.0014177
    Raw mean ± std: 0.9931988 ± 0.0000493. Shifted mean: 0.9931988
  Working on index: (5, 1, 2)
    Raw mean ± std: 0.0024117 ± 0.0000494. Shifted mean: 0.0024117
    Raw mean ± std: 0.9927865 ± 0.0000810. Shifted mean: 0.9927865
  Working on index: (5, 2, 1)
    Raw mean ± std: 0.0030082 ± 0.0000606. Shifted mean: 0.0030082
    Raw mean ± std: 0.9922041 ± 0.0000991. Shifted mean: 0.9922041
  Working on index: (5, 2, 2)
    Raw mean ± std: 0.0060506 ± 0.0001118. Shifted mean: 0.0060506
    Raw mean ± std: 0.9891324 ± 0.0001635. Shifted mean: 0.9891324
  Working on index: (6, 1, 1)
    Raw mean ± std: 0.0014159 ± 0.0000368. Shifted mean: 0.0014159
    Raw mean ± std: 0.9955796 ± 0.0000938. Shifted mean: 0.9955796
  Working on index: (6, 1, 2)
    Raw mean ± std: 0.0019751 ± 0.0000669. Shifted mean: 0.0019751
    Raw mean ± std: 0.9954136 ± 0.0001493. Shifted mean: 0.9954136
  Working on index: (6, 2, 1)
    Raw mean ± std: 0.0026376 ± 0.0000562. Shifted mean: 0.0026376
    Raw mean ± std: 0.9950172 ± 0.0001343. Shifted mean: 0.9950172
  Working on index: (6, 2, 2)
    Raw mean ± std: 0.0049732 ± 0.0001206. Shifted mean: 0.0049732
    Raw mean ± std: 0.9926983 ± 0.0002301. Shifted mean: 0.9926983
Copy pTrueToKTag_17 and shift means...
  Working on index: (1, 1, 1)
    Zero or negative efficiency uncertainty found (0.0). Manually set efficiency to 0.0.
  Working on index: (1, 1, 2)
    Zero or negative efficiency uncertainty found (0.0). Manually set efficiency to 0.0.
  Working on index: (1, 2, 1)
    Zero or negative efficiency uncertainty found (0.0). Manually set efficiency to 0.0.
  Working on index: (1, 2, 2)
    Zero or negative efficiency uncertainty found (0.0). Manually set efficiency to 0.0.
  Working on index: (2, 1, 1)
    Raw mean ± std: 0.0995219 ± 0.0002075. Shifted mean: 0.0995219
  Working on index: (2, 1, 2)
    Raw mean ± std: 0.0958750 ± 0.0002399. Shifted mean: 0.0958750
  Working on index: (2, 2, 1)
    Raw mean ± std: 0.0879287 ± 0.0003146. Shifted mean: 0.0879287
  Working on index: (2, 2, 2)
    Raw mean ± std: 0.0687989 ± 0.0003640. Shifted mean: 0.0687989
  Working on index: (3, 1, 1)
    Raw mean ± std: 0.1527109 ± 0.0002137. Shifted mean: 0.1527109
  Working on index: (3, 1, 2)
    Raw mean ± std: 0.1762684 ± 0.0002635. Shifted mean: 0.1762684
  Working on index: (3, 2, 1)
    Raw mean ± std: 0.2255322 ± 0.0002905. Shifted mean: 0.2255322
  Working on index: (3, 2, 2)
    Raw mean ± std: 0.2033193 ± 0.0003530. Shifted mean: 0.2033193
  Working on index: (4, 1, 1)
    Raw mean ± std: 0.0157410 ± 0.0000676. Shifted mean: 0.0157410
  Working on index: (4, 1, 2)
    Raw mean ± std: 0.0247105 ± 0.0000922. Shifted mean: 0.0247105
  Working on index: (4, 2, 1)
    Raw mean ± std: 0.1654069 ± 0.0002013. Shifted mean: 0.1654069
  Working on index: (4, 2, 2)
    Raw mean ± std: 0.1902210 ± 0.0002593. Shifted mean: 0.1902210
  Working on index: (5, 1, 1)
    Raw mean ± std: 0.0051038 ± 0.0000519. Shifted mean: 0.0051038
  Working on index: (5, 1, 2)
    Raw mean ± std: 0.0077307 ± 0.0000635. Shifted mean: 0.0077307
  Working on index: (5, 2, 1)
    Raw mean ± std: 0.0472148 ± 0.0001277. Shifted mean: 0.0472148
  Working on index: (5, 2, 2)
    Raw mean ± std: 0.0770211 ± 0.0001904. Shifted mean: 0.0770211
  Working on index: (6, 1, 1)
    Raw mean ± std: 0.0184302 ± 0.0001725. Shifted mean: 0.0184302
  Working on index: (6, 1, 2)
    Raw mean ± std: 0.0222702 ± 0.0002309. Shifted mean: 0.0222702
  Working on index: (6, 2, 1)
    Raw mean ± std: 0.0271005 ± 0.0001483. Shifted mean: 0.0271005
  Working on index: (6, 2, 2)
    Raw mean ± std: 0.0351599 ± 0.0001953. Shifted mean: 0.0351599
Copy kTrueToPTag_17 and shift means...
  Working on index: (1, 1, 1)
    Zero or negative efficiency uncertainty found (0.0). Manually set efficiency to 0.0.
  Working on index: (1, 1, 2)
    Zero or negative efficiency uncertainty found (0.0). Manually set efficiency to 0.0.
  Working on index: (1, 2, 1)
    Zero or negative efficiency uncertainty found (0.0). Manually set efficiency to 0.0.
  Working on index: (1, 2, 2)
    Zero or negative efficiency uncertainty found (0.0). Manually set efficiency to 0.0.
  Working on index: (2, 1, 1)
    Raw mean ± std: 0.0055750 ± 0.0000383. Shifted mean: 0.0055750
  Working on index: (2, 1, 2)
    Raw mean ± std: 0.0050547 ± 0.0000575. Shifted mean: 0.0050547
  Working on index: (2, 2, 1)
    Raw mean ± std: 0.0038471 ± 0.0001414. Shifted mean: 0.0038471
  Working on index: (2, 2, 2)
    Raw mean ± std: 0.0033295 ± 0.0002241. Shifted mean: 0.0033295
  Working on index: (3, 1, 1)
    Raw mean ± std: 0.0349180 ± 0.0000696. Shifted mean: 0.0349180
  Working on index: (3, 1, 2)
    Raw mean ± std: 0.0568554 ± 0.0001387. Shifted mean: 0.0568554
  Working on index: (3, 2, 1)
    Raw mean ± std: 0.0639618 ± 0.0003031. Shifted mean: 0.0639618
  Working on index: (3, 2, 2)
    Raw mean ± std: 0.1033045 ± 0.0006189. Shifted mean: 0.1033045
  Working on index: (4, 1, 1)
    Raw mean ± std: 0.0245854 ± 0.0000459. Shifted mean: 0.0245854
  Working on index: (4, 1, 2)
    Raw mean ± std: 0.0502055 ± 0.0001004. Shifted mean: 0.0502055
  Working on index: (4, 2, 1)
    Raw mean ± std: 0.0586550 ± 0.0001691. Shifted mean: 0.0586550
  Working on index: (4, 2, 2)
    Raw mean ± std: 0.0949990 ± 0.0003394. Shifted mean: 0.0949990
  Working on index: (5, 1, 1)
    Raw mean ± std: 0.0083197 ± 0.0000261. Shifted mean: 0.0083197
  Working on index: (5, 1, 2)
    Raw mean ± std: 0.0161922 ± 0.0000550. Shifted mean: 0.0161922
  Working on index: (5, 2, 1)
    Raw mean ± std: 0.0285064 ± 0.0000756. Shifted mean: 0.0285064
  Working on index: (5, 2, 2)
    Raw mean ± std: 0.0420085 ± 0.0001412. Shifted mean: 0.0420085
  Working on index: (6, 1, 1)
    Raw mean ± std: 0.0356261 ± 0.0001125. Shifted mean: 0.0356261
  Working on index: (6, 1, 2)
    Raw mean ± std: 0.0430423 ± 0.0001883. Shifted mean: 0.0430423
  Working on index: (6, 2, 1)
    Raw mean ± std: 0.0405855 ± 0.0001194. Shifted mean: 0.0405855
  Working on index: (6, 2, 2)
    Raw mean ± std: 0.0534706 ± 0.0002067. Shifted mean: 0.0534706
Copy pTrueToPTag_17 and shift means...
  Working on index: (1, 1, 1)
    Zero or negative efficiency uncertainty found (0.0). Manually set efficiency to 0.0.
  Working on index: (1, 1, 2)
    Zero or negative efficiency uncertainty found (0.0). Manually set efficiency to 0.0.
  Working on index: (1, 2, 1)
    Zero or negative efficiency uncertainty found (0.0). Manually set efficiency to 0.0.
  Working on index: (1, 2, 2)
    Zero or negative efficiency uncertainty found (0.0). Manually set efficiency to 0.0.
  Working on index: (2, 1, 1)
    Raw mean ± std: 0.0166148 ± 0.0000885. Shifted mean: 0.0166148
  Working on index: (2, 1, 2)
    Raw mean ± std: 0.0108238 ± 0.0000843. Shifted mean: 0.0108238
  Working on index: (2, 2, 1)
    Raw mean ± std: 0.0122044 ± 0.0001214. Shifted mean: 0.0122044
  Working on index: (2, 2, 2)
    Raw mean ± std: 0.0055377 ± 0.0001069. Shifted mean: 0.0055377
  Working on index: (3, 1, 1)
    Raw mean ± std: 0.6309864 ± 0.0002878. Shifted mean: 0.6309864
  Working on index: (3, 1, 2)
    Raw mean ± std: 0.5242450 ± 0.0003464. Shifted mean: 0.5242450
  Working on index: (3, 2, 1)
    Raw mean ± std: 0.3478014 ± 0.0003321. Shifted mean: 0.3478014
  Working on index: (3, 2, 2)
    Raw mean ± std: 0.2679343 ± 0.0003894. Shifted mean: 0.2679343
  Working on index: (4, 1, 1)
    Raw mean ± std: 0.8925428 ± 0.0001627. Shifted mean: 0.8925428
  Working on index: (4, 1, 2)
    Raw mean ± std: 0.8251403 ± 0.0002227. Shifted mean: 0.8251403
  Working on index: (4, 2, 1)
    Raw mean ± std: 0.5932580 ± 0.0002684. Shifted mean: 0.5932580
  Working on index: (4, 2, 2)
    Raw mean ± std: 0.4703213 ± 0.0003325. Shifted mean: 0.4703213
  Working on index: (5, 1, 1)
    Raw mean ± std: 0.9140509 ± 0.0001446. Shifted mean: 0.9140509
  Working on index: (5, 1, 2)
    Raw mean ± std: 0.8612793 ± 0.0001989. Shifted mean: 0.8612793
  Working on index: (5, 2, 1)
    Raw mean ± std: 0.8079589 ± 0.0002406. Shifted mean: 0.8079589
  Working on index: (5, 2, 2)
    Raw mean ± std: 0.6916563 ± 0.0003337. Shifted mean: 0.6916563
  Working on index: (6, 1, 1)
    Raw mean ± std: 0.8712388 ± 0.0003890. Shifted mean: 0.8712388
  Working on index: (6, 1, 2)
    Raw mean ± std: 0.8160233 ± 0.0005451. Shifted mean: 0.8160233
  Working on index: (6, 2, 1)
    Raw mean ± std: 0.8432792 ± 0.0003266. Shifted mean: 0.8432792
  Working on index: (6, 2, 2)
    Raw mean ± std: 0.7738583 ± 0.0004361. Shifted mean: 0.7738583
Copy pTrueToGTag_17 and shift means...
  Working on index: (1, 1, 1)
    Raw mean ± std: 0.9651954 ± 0.0005527. Shifted mean: 0.9651954
  Working on index: (1, 1, 2)
    Raw mean ± std: 0.9418564 ± 0.0008365. Shifted mean: 0.9418564
  Working on index: (1, 2, 1)
    Raw mean ± std: 0.8149936 ± 0.0051308. Shifted mean: 0.8149936
  Working on index: (1, 2, 2)
    Raw mean ± std: 0.6989901 ± 0.0178321. Shifted mean: 0.6989901
  Working on index: (2, 1, 1)
    Raw mean ± std: 0.8647281 ± 0.0002418. Shifted mean: 0.8647281
  Working on index: (2, 1, 2)
    Raw mean ± std: 0.8617028 ± 0.0002897. Shifted mean: 0.8617028
  Working on index: (2, 2, 1)
    Raw mean ± std: 0.7149484 ± 0.0005232. Shifted mean: 0.7149484
  Working on index: (2, 2, 2)
    Raw mean ± std: 0.7087044 ± 0.0007159. Shifted mean: 0.7087044
  Working on index: (3, 1, 1)
    Raw mean ± std: 0.2086264 ± 0.0002415. Shifted mean: 0.2086264
  Working on index: (3, 1, 2)
    Raw mean ± std: 0.2858768 ± 0.0003138. Shifted mean: 0.2858768
  Working on index: (3, 2, 1)
    Raw mean ± std: 0.3334263 ± 0.0003322. Shifted mean: 0.3334263
  Working on index: (3, 2, 2)
    Raw mean ± std: 0.3909782 ± 0.0004433. Shifted mean: 0.3909782
  Working on index: (4, 1, 1)
    Raw mean ± std: 0.0873103 ± 0.0001402. Shifted mean: 0.0873103
  Working on index: (4, 1, 2)
    Raw mean ± std: 0.1432189 ± 0.0002009. Shifted mean: 0.1432189
  Working on index: (4, 2, 1)
    Raw mean ± std: 0.1838906 ± 0.0002121. Shifted mean: 0.1838906
  Working on index: (4, 2, 2)
    Raw mean ± std: 0.2448697 ± 0.0002910. Shifted mean: 0.2448697
  Working on index: (5, 1, 1)
    Raw mean ± std: 0.0768558 ± 0.0001225. Shifted mean: 0.0768558
  Working on index: (5, 1, 2)
    Raw mean ± std: 0.1255546 ± 0.0001803. Shifted mean: 0.1255546
  Working on index: (5, 2, 1)
    Raw mean ± std: 0.1176783 ± 0.0001949. Shifted mean: 0.1176783
  Working on index: (5, 2, 2)
    Raw mean ± std: 0.1831572 ± 0.0002795. Shifted mean: 0.1831572
  Working on index: (6, 1, 1)
    Raw mean ± std: 0.1007094 ± 0.0003248. Shifted mean: 0.1007094
  Working on index: (6, 1, 2)
    Raw mean ± std: 0.1494424 ± 0.0004800. Shifted mean: 0.1494424
  Working on index: (6, 2, 1)
    Raw mean ± std: 0.1155867 ± 0.0002806. Shifted mean: 0.1155867
  Working on index: (6, 2, 2)
    Raw mean ± std: 0.1715290 ± 0.0003889. Shifted mean: 0.1715290
Copy piTrueToETag_17 and shift means...
  Working on index: (1, 1, 1)
    Raw mean ± std: 0.0009526 ± 0.0000236. Shifted mean: 0.0009526
  Working on index: (1, 1, 2)
    Raw mean ± std: 0.0023235 ± 0.0000554. Shifted mean: 0.0023235
  Working on index: (1, 2, 1)
    Raw mean ± std: 0.0031197 ± 0.0003518. Shifted mean: 0.0031197
  Working on index: (1, 2, 2)
    Raw mean ± std: 0.0063125 ± 0.0007622. Shifted mean: 0.0063125
  Working on index: (2, 1, 1)
    Raw mean ± std: 0.0046937 ± 0.0000286. Shifted mean: 0.0046937
  Working on index: (2, 1, 2)
    Raw mean ± std: 0.0078978 ± 0.0000589. Shifted mean: 0.0078978
  Working on index: (2, 2, 1)
    Raw mean ± std: 0.0032055 ± 0.0001110. Shifted mean: 0.0032055
  Working on index: (2, 2, 2)
    Raw mean ± std: 0.0061358 ± 0.0002439. Shifted mean: 0.0061358
  Working on index: (3, 1, 1)
    Raw mean ± std: 0.0187648 ± 0.0000458. Shifted mean: 0.0187648
  Working on index: (3, 1, 2)
    Raw mean ± std: 0.0229631 ± 0.0000802. Shifted mean: 0.0229631
  Working on index: (3, 2, 1)
    Raw mean ± std: 0.0053403 ± 0.0000851. Shifted mean: 0.0053403
  Working on index: (3, 2, 2)
    Raw mean ± std: 0.0078696 ± 0.0001633. Shifted mean: 0.0078696
  Working on index: (4, 1, 1)
    Raw mean ± std: 0.0261913 ± 0.0000453. Shifted mean: 0.0261913
  Working on index: (4, 1, 2)
    Raw mean ± std: 0.0283932 ± 0.0000734. Shifted mean: 0.0283932
  Working on index: (4, 2, 1)
    Raw mean ± std: 0.0107094 ± 0.0000708. Shifted mean: 0.0107094
  Working on index: (4, 2, 2)
    Raw mean ± std: 0.0115783 ± 0.0001171. Shifted mean: 0.0115783
  Working on index: (5, 1, 1)
    Raw mean ± std: 0.0289732 ± 0.0000485. Shifted mean: 0.0289732
  Working on index: (5, 1, 2)
    Raw mean ± std: 0.0288553 ± 0.0000743. Shifted mean: 0.0288553
  Working on index: (5, 2, 1)
    Raw mean ± std: 0.0140149 ± 0.0000521. Shifted mean: 0.0140149
  Working on index: (5, 2, 2)
    Raw mean ± std: 0.0135212 ± 0.0000805. Shifted mean: 0.0135212
  Working on index: (6, 1, 1)
    Raw mean ± std: 0.0227067 ± 0.0000971. Shifted mean: 0.0227067
  Working on index: (6, 1, 2)
    Raw mean ± std: 0.0209277 ± 0.0001445. Shifted mean: 0.0209277
  Working on index: (6, 2, 1)
    Raw mean ± std: 0.0113200 ± 0.0000659. Shifted mean: 0.0113200
  Working on index: (6, 2, 2)
    Raw mean ± std: 0.0100628 ± 0.0000957. Shifted mean: 0.0100628
Copy pTrueToPiTag_17 and shift means...
  Working on index: (1, 1, 1)
    Raw mean ± std: 0.0326212 ± 0.0005380. Shifted mean: 0.0326212
  Working on index: (1, 1, 2)
    Raw mean ± std: 0.0530558 ± 0.0008069. Shifted mean: 0.0530558
  Working on index: (1, 2, 1)
    Raw mean ± std: 0.1753792 ± 0.0050166. Shifted mean: 0.1753792
  Working on index: (1, 2, 2)
    Raw mean ± std: 0.2820707 ± 0.0173657. Shifted mean: 0.2820707
  Working on index: (2, 1, 1)
    Raw mean ± std: 0.0178289 ± 0.0001061. Shifted mean: 0.0178289
  Working on index: (2, 1, 2)
    Raw mean ± std: 0.0290194 ± 0.0001568. Shifted mean: 0.0290194
  Working on index: (2, 2, 1)
    Raw mean ± std: 0.1788279 ± 0.0004539. Shifted mean: 0.1788279
  Working on index: (2, 2, 2)
    Raw mean ± std: 0.2092210 ± 0.0006528. Shifted mean: 0.2092210
  Working on index: (3, 1, 1)
    Raw mean ± std: 0.0071449 ± 0.0000685. Shifted mean: 0.0071449
  Working on index: (3, 1, 2)
    Raw mean ± std: 0.0124576 ± 0.0000949. Shifted mean: 0.0124576
  Working on index: (3, 2, 1)
    Raw mean ± std: 0.0905177 ± 0.0002152. Shifted mean: 0.0905177
  Working on index: (3, 2, 2)
    Raw mean ± std: 0.1334362 ± 0.0003238. Shifted mean: 0.1334362
  Working on index: (4, 1, 1)
    Raw mean ± std: 0.0039795 ± 0.0000598. Shifted mean: 0.0039795
  Working on index: (4, 1, 2)
    Raw mean ± std: 0.0062085 ± 0.0000677. Shifted mean: 0.0062085
  Working on index: (4, 2, 1)
    Raw mean ± std: 0.0562250 ± 0.0001343. Shifted mean: 0.0562250
  Working on index: (4, 2, 2)
    Raw mean ± std: 0.0925304 ± 0.0002044. Shifted mean: 0.0925304
  Working on index: (5, 1, 1)
    Raw mean ± std: 0.0036221 ± 0.0000639. Shifted mean: 0.0036221
  Working on index: (5, 1, 2)
    Raw mean ± std: 0.0049642 ± 0.0000725. Shifted mean: 0.0049642
  Working on index: (5, 2, 1)
    Raw mean ± std: 0.0266799 ± 0.0001079. Shifted mean: 0.0266799
  Working on index: (5, 2, 2)
    Raw mean ± std: 0.0472424 ± 0.0001644. Shifted mean: 0.0472424
  Working on index: (6, 1, 1)
    Raw mean ± std: 0.0089461 ± 0.0001726. Shifted mean: 0.0089461
  Working on index: (6, 1, 2)
    Raw mean ± std: 0.0114947 ± 0.0002189. Shifted mean: 0.0114947
  Working on index: (6, 2, 1)
    Raw mean ± std: 0.0137758 ± 0.0001280. Shifted mean: 0.0137758
  Working on index: (6, 2, 2)
    Raw mean ± std: 0.0190674 ± 0.0001639. Shifted mean: 0.0190674
Copy piTrueToKTag_17 and shift means...
  Working on index: (1, 1, 1)
    Zero or negative efficiency uncertainty found (0.0). Manually set efficiency to 0.0.
  Working on index: (1, 1, 2)
    Zero or negative efficiency uncertainty found (0.0). Manually set efficiency to 0.0.
  Working on index: (1, 2, 1)
    Zero or negative efficiency uncertainty found (0.0). Manually set efficiency to 0.0.
  Working on index: (1, 2, 2)
    Zero or negative efficiency uncertainty found (0.0). Manually set efficiency to 0.0.
  Working on index: (2, 1, 1)
    Raw mean ± std: 0.0028391 ± 0.0000217. Shifted mean: 0.0028391
  Working on index: (2, 1, 2)
    Raw mean ± std: 0.0055721 ± 0.0000493. Shifted mean: 0.0055721
  Working on index: (2, 2, 1)
    Raw mean ± std: 0.0055195 ± 0.0001274. Shifted mean: 0.0055195
  Working on index: (2, 2, 2)
    Raw mean ± std: 0.0093488 ± 0.0002839. Shifted mean: 0.0093488
  Working on index: (3, 1, 1)
    Raw mean ± std: 0.0047040 ± 0.0000254. Shifted mean: 0.0047040
  Working on index: (3, 1, 2)
    Raw mean ± std: 0.0107900 ± 0.0000592. Shifted mean: 0.0107900
  Working on index: (3, 2, 1)
    Raw mean ± std: 0.0177900 ± 0.0001497. Shifted mean: 0.0177900
  Working on index: (3, 2, 2)
    Raw mean ± std: 0.0284682 ± 0.0003037. Shifted mean: 0.0284682
  Working on index: (4, 1, 1)
    Raw mean ± std: 0.0023152 ± 0.0000219. Shifted mean: 0.0023152
  Working on index: (4, 1, 2)
    Raw mean ± std: 0.0050205 ± 0.0000453. Shifted mean: 0.0050205
  Working on index: (4, 2, 1)
    Raw mean ± std: 0.0159532 ± 0.0000908. Shifted mean: 0.0159532
  Working on index: (4, 2, 2)
    Raw mean ± std: 0.0264446 ± 0.0001835. Shifted mean: 0.0264446
  Working on index: (5, 1, 1)
    Raw mean ± std: 0.0406911 ± 0.0000619. Shifted mean: 0.0406911
  Working on index: (5, 1, 2)
    Raw mean ± std: 0.0491161 ± 0.0001050. Shifted mean: 0.0491161
  Working on index: (5, 2, 1)
    Raw mean ± std: 0.0399013 ± 0.0000929. Shifted mean: 0.0399013
  Working on index: (5, 2, 2)
    Raw mean ± std: 0.0556339 ± 0.0001703. Shifted mean: 0.0556339
  Working on index: (6, 1, 1)
    Raw mean ± std: 0.1567710 ± 0.0002391. Shifted mean: 0.1567710
  Working on index: (6, 1, 2)
    Raw mean ± std: 0.1724647 ± 0.0003835. Shifted mean: 0.1724647
  Working on index: (6, 2, 1)
    Raw mean ± std: 0.1578327 ± 0.0002294. Shifted mean: 0.1578327
  Working on index: (6, 2, 2)
    Raw mean ± std: 0.1778868 ± 0.0003693. Shifted mean: 0.1778868
Combining pTrueToMuTag_17_vmu...
  Working on index: (1, 1, 1)
    Raw mean ± std: 0.0087877 ± 0.0002579. Shifted mean: 0.0087877
    Raw mean ± std: 0.9898867 ± 0.0002834. Shifted mean: 0.9898867
  Working on index: (1, 1, 2)
    Raw mean ± std: 0.0152008 ± 0.0004150. Shifted mean: 0.0152008
    Raw mean ± std: 0.9826457 ± 0.0004551. Shifted mean: 0.9826457
  Working on index: (1, 2, 1)
    Raw mean ± std: 0.0238898 ± 0.0022492. Shifted mean: 0.0238898
    Raw mean ± std: 0.9729216 ± 0.0027262. Shifted mean: 0.9729216
  Working on index: (1, 2, 2)
    INFO: Raw mean not in [0, 1]!
    Raw mean ± std: -0.0067945 ± 0.0122629. Shifted mean: 0.0061874
    INFO: Raw mean not in [0, 1]!
    Raw mean ± std: 1.0276291 ± 0.0152794. Shifted mean: 0.9954645
  Working on index: (2, 1, 1)
    Raw mean ± std: 0.0146073 ± 0.0000836. Shifted mean: 0.0146073
    Raw mean ± std: 0.9844932 ± 0.0000876. Shifted mean: 0.9844932
  Working on index: (2, 1, 2)
    Raw mean ± std: 0.0234839 ± 0.0001253. Shifted mean: 0.0234839
    Raw mean ± std: 0.9746136 ± 0.0001316. Shifted mean: 0.9746136
  Working on index: (2, 2, 1)
    Raw mean ± std: 0.0248217 ± 0.0001797. Shifted mean: 0.0248217
    Raw mean ± std: 0.9722506 ± 0.0001976. Shifted mean: 0.9722506
  Working on index: (2, 2, 2)
    Raw mean ± std: 0.0474474 ± 0.0003414. Shifted mean: 0.0474474
    Raw mean ± std: 0.9467558 ± 0.0003753. Shifted mean: 0.9467558
  Working on index: (3, 1, 1)
    Raw mean ± std: 0.0083419 ± 0.0000543. Shifted mean: 0.0083419
    Raw mean ± std: 0.9912775 ± 0.0000569. Shifted mean: 0.9912775
  Working on index: (3, 1, 2)
    Raw mean ± std: 0.0173995 ± 0.0000904. Shifted mean: 0.0173995
    Raw mean ± std: 0.9815879 ± 0.0000940. Shifted mean: 0.9815879
  Working on index: (3, 2, 1)
    Raw mean ± std: 0.0109797 ± 0.0000741. Shifted mean: 0.0109797
    Raw mean ± std: 0.9877046 ± 0.0000814. Shifted mean: 0.9877046
  Working on index: (3, 2, 2)
    Raw mean ± std: 0.0236140 ± 0.0001388. Shifted mean: 0.0236140
    Raw mean ± std: 0.9736217 ± 0.0001500. Shifted mean: 0.9736217
  Working on index: (4, 1, 1)
    Raw mean ± std: 0.0019660 ± 0.0000230. Shifted mean: 0.0019660
    Raw mean ± std: 0.9979005 ± 0.0000261. Shifted mean: 0.9979005
  Working on index: (4, 1, 2)
    Raw mean ± std: 0.0043068 ± 0.0000381. Shifted mean: 0.0043068
    Raw mean ± std: 0.9954444 ± 0.0000408. Shifted mean: 0.9954444
  Working on index: (4, 2, 1)
    Raw mean ± std: 0.0064589 ± 0.0000440. Shifted mean: 0.0064589
    Raw mean ± std: 0.9930432 ± 0.0000471. Shifted mean: 0.9930432
  Working on index: (4, 2, 2)
    Raw mean ± std: 0.0156961 ± 0.0000834. Shifted mean: 0.0156961
    Raw mean ± std: 0.9831253 ± 0.0000879. Shifted mean: 0.9831253
  Working on index: (5, 1, 1)
    Raw mean ± std: 0.0006952 ± 0.0000141. Shifted mean: 0.0006952
    Raw mean ± std: 0.9992360 ± 0.0000187. Shifted mean: 0.9992360
  Working on index: (5, 1, 2)
    Raw mean ± std: 0.0010060 ± 0.0000196. Shifted mean: 0.0010060
    Raw mean ± std: 0.9989286 ± 0.0000239. Shifted mean: 0.9989286
  Working on index: (5, 2, 1)
    Raw mean ± std: 0.0027299 ± 0.0000317. Shifted mean: 0.0027299
    Raw mean ± std: 0.9970894 ± 0.0000339. Shifted mean: 0.9970894
  Working on index: (5, 2, 2)
    Raw mean ± std: 0.0074686 ± 0.0000619. Shifted mean: 0.0074686
    Raw mean ± std: 0.9921176 ± 0.0000647. Shifted mean: 0.9921176
  Working on index: (6, 1, 1)
    Raw mean ± std: 0.0009379 ± 0.0000382. Shifted mean: 0.0009379
    Raw mean ± std: 0.9989509 ± 0.0000492. Shifted mean: 0.9989509
  Working on index: (6, 1, 2)
    Raw mean ± std: 0.0012366 ± 0.0000553. Shifted mean: 0.0012366
    Raw mean ± std: 0.9986619 ± 0.0000679. Shifted mean: 0.9986619
  Working on index: (6, 2, 1)
    Raw mean ± std: 0.0013758 ± 0.0000331. Shifted mean: 0.0013758
    Raw mean ± std: 0.9985820 ± 0.0000368. Shifted mean: 0.9985820
  Working on index: (6, 2, 2)
    Raw mean ± std: 0.0028819 ± 0.0000562. Shifted mean: 0.0028819
    Raw mean ± std: 0.9970020 ± 0.0000598. Shifted mean: 0.9970020
Copy kTrueToGTag_17 and shift means...
  Working on index: (1, 1, 1)
    Raw mean ± std: 0.9455743 ± 0.0005510. Shifted mean: 0.9455743
  Working on index: (1, 1, 2)
    Raw mean ± std: 0.9250434 ± 0.0009019. Shifted mean: 0.9250434
  Working on index: (1, 2, 1)
    Raw mean ± std: 0.9114790 ± 0.0081161. Shifted mean: 0.9114790
  Working on index: (1, 2, 2)
    Raw mean ± std: 0.8789372 ± 0.0126756. Shifted mean: 0.8789372
  Working on index: (2, 1, 1)
    Raw mean ± std: 0.8263123 ± 0.0002235. Shifted mean: 0.8263123
  Working on index: (2, 1, 2)
    Raw mean ± std: 0.8291507 ± 0.0003522. Shifted mean: 0.8291507
  Working on index: (2, 2, 1)
    Raw mean ± std: 0.7418221 ± 0.0012607. Shifted mean: 0.7418221
  Working on index: (2, 2, 2)
    Raw mean ± std: 0.7379989 ± 0.0021032. Shifted mean: 0.7379989
  Working on index: (3, 1, 1)
    Raw mean ± std: 0.0841546 ± 0.0001064. Shifted mean: 0.0841546
  Working on index: (3, 1, 2)
    Raw mean ± std: 0.1398025 ± 0.0002090. Shifted mean: 0.1398025
  Working on index: (3, 2, 1)
    Raw mean ± std: 0.1609802 ± 0.0004742. Shifted mean: 0.1609802
  Working on index: (3, 2, 2)
    Raw mean ± std: 0.2385070 ± 0.0009096. Shifted mean: 0.2385070
  Working on index: (4, 1, 1)
    Raw mean ± std: 0.0365769 ± 0.0000579. Shifted mean: 0.0365769
  Working on index: (4, 1, 2)
    Raw mean ± std: 0.0791085 ± 0.0001263. Shifted mean: 0.0791085
  Working on index: (4, 2, 1)
    Raw mean ± std: 0.0792839 ± 0.0002022. Shifted mean: 0.0792839
  Working on index: (4, 2, 2)
    Raw mean ± std: 0.1333230 ± 0.0004069. Shifted mean: 0.1333230
  Working on index: (5, 1, 1)
    Raw mean ± std: 0.0253220 ± 0.0000493. Shifted mean: 0.0253220
  Working on index: (5, 1, 2)
    Raw mean ± std: 0.0560988 ± 0.0001041. Shifted mean: 0.0560988
  Working on index: (5, 2, 1)
    Raw mean ± std: 0.0420499 ± 0.0000962. Shifted mean: 0.0420499
  Working on index: (5, 2, 2)
    Raw mean ± std: 0.0797841 ± 0.0001970. Shifted mean: 0.0797841
  Working on index: (6, 1, 1)
    Raw mean ± std: 0.0395846 ± 0.0001311. Shifted mean: 0.0395846
  Working on index: (6, 1, 2)
    Raw mean ± std: 0.0669812 ± 0.0002501. Shifted mean: 0.0669812
  Working on index: (6, 2, 1)
    Raw mean ± std: 0.0585161 ± 0.0001510. Shifted mean: 0.0585161
  Working on index: (6, 2, 2)
    Raw mean ± std: 0.0918997 ± 0.0002776. Shifted mean: 0.0918997
Combining eTrueToMuTag_17...
  Working on index: (1, 1, 1)
    Raw mean ± std: 0.0018940 ± 0.0026619. Shifted mean: 0.0027015
    Raw mean ± std: 0.9431388 ± 0.0039030. Shifted mean: 0.9431388
  Working on index: (1, 1, 2)
    Raw mean ± std: 0.0034798 ± 0.0080766. Shifted mean: 0.0069581
    Raw mean ± std: 0.8964607 ± 0.0108595. Shifted mean: 0.8964607
  Working on index: (1, 2, 1)
    WARNING: Very large std!
    INFO: Raw mean not in [0, 1]!
    Raw mean ± std: -0.2726959 ± 0.4307962. Shifted mean: 0.2075595
    WARNING: Very large std!
    INFO: Raw mean not in [0, 1]!
    Raw mean ± std: 1.2726959 ± 0.4307962. Shifted mean: 0.7924405
  Working on index: (1, 2, 2)
    WARNING: Very large std!
    Raw mean ± std: 0.2138785 ± 0.4056100. Shifted mean: 0.3553162
    WARNING: Very large std!
    INFO: Raw mean not in [0, 1]!
    Raw mean ± std: 1.0466259 ± 0.5193411. Shifted mean: 0.6849484
  Working on index: (2, 1, 1)
    Raw mean ± std: 0.0021920 ± 0.0013587. Shifted mean: 0.0022829
    Raw mean ± std: 0.9700027 ± 0.0018847. Shifted mean: 0.9700027
  Working on index: (2, 1, 2)
    Raw mean ± std: 0.0017078 ± 0.0037939. Shifted mean: 0.0033053
    Raw mean ± std: 0.9490863 ± 0.0050600. Shifted mean: 0.9490863
  Working on index: (2, 2, 1)
    Raw mean ± std: 0.0351872 ± 0.0691640. Shifted mean: 0.0623484
    Raw mean ± std: 0.9181638 ± 0.0746011. Shifted mean: 0.9053550
  Working on index: (2, 2, 2)
  Working on index: (3, 1, 1)
    Raw mean ± std: 0.0004190 ± 0.0008709. Shifted mean: 0.0007726
    Raw mean ± std: 0.9871758 ± 0.0011299. Shifted mean: 0.9871758
  Working on index: (3, 1, 2)
    Raw mean ± std: 0.0088366 ± 0.0022990. Shifted mean: 0.0088367
    Raw mean ± std: 0.9727502 ± 0.0028637. Shifted mean: 0.9727502
  Working on index: (3, 2, 1)
    WARNING: Raw and shifted means are significantly different!
    Raw mean ± std: 0.0006909 ± 0.0070956. Shifted mean: 0.0050522
    Raw mean ± std: 0.9817363 ± 0.0078387. Shifted mean: 0.9816390
  Working on index: (3, 2, 2)
    Raw mean ± std: 0.0174684 ± 0.0261065. Shifted mean: 0.0258458
    Raw mean ± std: 0.9480940 ± 0.0283748. Shifted mean: 0.9468960
  Working on index: (4, 1, 1)
    Raw mean ± std: 0.0016089 ± 0.0006054. Shifted mean: 0.0016119
    Raw mean ± std: 0.9922956 ± 0.0007371. Shifted mean: 0.9922956
  Working on index: (4, 1, 2)
    Raw mean ± std: 0.0021580 ± 0.0014645. Shifted mean: 0.0022872
    Raw mean ± std: 0.9859346 ± 0.0018984. Shifted mean: 0.9859346
  Working on index: (4, 2, 1)
    Raw mean ± std: 0.0015903 ± 0.0026784. Shifted mean: 0.0025373
    Raw mean ± std: 0.9878338 ± 0.0030434. Shifted mean: 0.9878337
  Working on index: (4, 2, 2)
    Raw mean ± std: 0.0182844 ± 0.0089175. Shifted mean: 0.0185098
    Raw mean ± std: 0.9624310 ± 0.0100654. Shifted mean: 0.9624298
  Working on index: (5, 1, 1)
    Raw mean ± std: 0.0011935 ± 0.0004282. Shifted mean: 0.0011949
    Raw mean ± std: 0.9957241 ± 0.0005267. Shifted mean: 0.9957241
  Working on index: (5, 1, 2)
    Raw mean ± std: 0.0012906 ± 0.0009731. Shifted mean: 0.0014036
    Raw mean ± std: 0.9945246 ± 0.0012064. Shifted mean: 0.9945246
  Working on index: (5, 2, 1)
    Raw mean ± std: 0.0012296 ± 0.0013965. Shifted mean: 0.0015641
    Raw mean ± std: 0.9957146 ± 0.0015245. Shifted mean: 0.9957099
  Working on index: (5, 2, 2)
    Raw mean ± std: 0.0039094 ± 0.0040376. Shifted mean: 0.0047580
    Raw mean ± std: 0.9897450 ± 0.0044432. Shifted mean: 0.9896866
  Working on index: (6, 1, 1)
    Raw mean ± std: 0.0011245 ± 0.0006760. Shifted mean: 0.0011653
    Raw mean ± std: 0.9976787 ± 0.0007678. Shifted mean: 0.9976775
  Working on index: (6, 1, 2)
    Raw mean ± std: 0.0002599 ± 0.0014018. Shifted mean: 0.0010489
    Raw mean ± std: 0.9990008 ± 0.0015902. Shifted mean: 0.9984628
  Working on index: (6, 2, 1)
    Raw mean ± std: 0.0033999 ± 0.0017099. Shifted mean: 0.0034500
    Raw mean ± std: 0.9938651 ± 0.0019194. Shifted mean: 0.9938634
  Working on index: (6, 2, 2)
    INFO: Raw mean not in [0, 1]!
    Raw mean ± std: -0.0035384 ± 0.0040539. Shifted mean: 0.0017581
    INFO: Raw mean not in [0, 1]!
    Raw mean ± std: 1.0037921 ± 0.0040633. Shifted mean: 0.9982854
  FIX: bin (1, 2, 1) = 0.2619244 ± 0.5619708 has a large error, replace w/ weighted average of nearby bins
    Looking at nearby bin with index (1, 2, 2)
    std = 0.7108990 > 0.2, skipping...
    Looking at nearby bin with index (1, 1, 1)
    Use 0.0028644 ± 0.0028224
    Looking at nearby bin with index (2, 2, 1)
    Use 0.0688662 ± 0.0766048
    Use weighted average: 0.0029538 ± 0.0028205
  FIX: bin (1, 2, 2) = 0.5187488 ± 0.7108990 has a large error, replace w/ weighted average of nearby bins
    Looking at nearby bin with index (1, 2, 1)
    Use 0.0029538 ± 0.0028205
    Looking at nearby bin with index (1, 1, 2)
    Use 0.0077617 ± 0.0090099
    Looking at nearby bin with index (2, 2, 2)
    std = 0.0, perhaps the sample does not cover this bin, skipping...
    Use weighted average: 0.0033830 ± 0.0026917
  Multiplying histo eTrueToMuTag_17 and eff
  Working on index: (1, 1, 1)
    original: 0.002864361955113731
    new fac:  0.05666047909484664
  Working on index: (1, 1, 2)
    original: 0.007761729316882899
    new fac:  0.05666047909484664
  Working on index: (1, 2, 1)
    original: 0.0029538374453883342
    new fac:  0.05666047909484664
  Working on index: (1, 2, 2)
    original: 0.0033829542151820754
    new fac:  0.05666047909484664
  Working on index: (2, 1, 1)
    original: 0.0023535117833548332
    new fac:  0.03868213952247566
  Working on index: (2, 1, 2)
    original: 0.003482641566804427
    new fac:  0.03868213952247566
  Working on index: (2, 2, 1)
    original: 0.06886620392985202
    new fac:  0.03868213952247566
  Working on index: (2, 2, 2)
    original: 0.0
    new fac:  0.03868213952247566
  Working on index: (3, 1, 1)
    original: 0.0007825951547439871
    new fac:  0.06360946745562131
  Working on index: (3, 1, 2)
    original: 0.009084275167371546
    new fac:  0.06360946745562131
  Working on index: (3, 2, 1)
    original: 0.0051467196578705845
    new fac:  0.06360946745562131
  Working on index: (3, 2, 2)
    original: 0.027295283070157186
    new fac:  0.06360946745562131
  Working on index: (4, 1, 1)
    original: 0.001624430315211061
    new fac:  0.1070154577883472
  Working on index: (4, 1, 2)
    original: 0.002319879287278024
    new fac:  0.1070154577883472
  Working on index: (4, 2, 1)
    original: 0.0025685094364302436
    new fac:  0.1070154577883472
  Working on index: (4, 2, 2)
    original: 0.019232326533266255
    new fac:  0.1070154577883472
  Working on index: (5, 1, 1)
    original: 0.001200032479198714
    new fac:  0.16877637130801687
  Working on index: (5, 1, 2)
    original: 0.0014112801982922546
    new fac:  0.16877637130801687
  Working on index: (5, 2, 1)
    original: 0.0015708469869539494
    new fac:  0.16877637130801687
  Working on index: (5, 2, 2)
    original: 0.004807540634179818
    new fac:  0.16877637130801687
  Working on index: (6, 1, 1)
    original: 0.001168034381743883
    new fac:  0.18518518518518517
  Working on index: (6, 1, 2)
    original: 0.001050510162577645
    new fac:  0.18518518518518517
  Working on index: (6, 2, 1)
    original: 0.0034712870904522
    new fac:  0.18518518518518517
  Working on index: (6, 2, 2)
    original: 0.0017611473055441414
    new fac:  0.18518518518518517
Combining eTrueToMuTag_17_vmu...
  Working on index: (1, 1, 1)
    Raw mean ± std: 0.0018940 ± 0.0026619. Shifted mean: 0.0027015
    Raw mean ± std: 0.9431388 ± 0.0039030. Shifted mean: 0.9431388
  Working on index: (1, 1, 2)
    Raw mean ± std: 0.0034798 ± 0.0080766. Shifted mean: 0.0069581
    Raw mean ± std: 0.8964607 ± 0.0108595. Shifted mean: 0.8964607
  Working on index: (1, 2, 1)
    WARNING: Very large std!
    INFO: Raw mean not in [0, 1]!
    Raw mean ± std: -0.2726959 ± 0.4307962. Shifted mean: 0.2075595
    WARNING: Very large std!
    INFO: Raw mean not in [0, 1]!
    Raw mean ± std: 1.2726959 ± 0.4307962. Shifted mean: 0.7924405
  Working on index: (1, 2, 2)
    WARNING: Very large std!
    Raw mean ± std: 0.2138785 ± 0.4056100. Shifted mean: 0.3553162
    WARNING: Very large std!
    INFO: Raw mean not in [0, 1]!
    Raw mean ± std: 1.0466259 ± 0.5193411. Shifted mean: 0.6849484
  Working on index: (2, 1, 1)
    Raw mean ± std: 0.0021920 ± 0.0013587. Shifted mean: 0.0022829
    Raw mean ± std: 0.9700027 ± 0.0018847. Shifted mean: 0.9700027
  Working on index: (2, 1, 2)
    Raw mean ± std: 0.0017078 ± 0.0037939. Shifted mean: 0.0033053
    Raw mean ± std: 0.9490863 ± 0.0050600. Shifted mean: 0.9490863
  Working on index: (2, 2, 1)
    Raw mean ± std: 0.0351872 ± 0.0691640. Shifted mean: 0.0623484
    Raw mean ± std: 0.9181638 ± 0.0746011. Shifted mean: 0.9053550
  Working on index: (2, 2, 2)
  Working on index: (3, 1, 1)
    Raw mean ± std: 0.0004190 ± 0.0008709. Shifted mean: 0.0007726
    Raw mean ± std: 0.9871758 ± 0.0011299. Shifted mean: 0.9871758
  Working on index: (3, 1, 2)
    Raw mean ± std: 0.0088366 ± 0.0022990. Shifted mean: 0.0088367
    Raw mean ± std: 0.9727502 ± 0.0028637. Shifted mean: 0.9727502
  Working on index: (3, 2, 1)
    WARNING: Raw and shifted means are significantly different!
    Raw mean ± std: 0.0006909 ± 0.0070956. Shifted mean: 0.0050522
    Raw mean ± std: 0.9817363 ± 0.0078387. Shifted mean: 0.9816390
  Working on index: (3, 2, 2)
    Raw mean ± std: 0.0174684 ± 0.0261065. Shifted mean: 0.0258458
    Raw mean ± std: 0.9480940 ± 0.0283748. Shifted mean: 0.9468960
  Working on index: (4, 1, 1)
    Raw mean ± std: 0.0016089 ± 0.0006054. Shifted mean: 0.0016119
    Raw mean ± std: 0.9922956 ± 0.0007371. Shifted mean: 0.9922956
  Working on index: (4, 1, 2)
    Raw mean ± std: 0.0021580 ± 0.0014645. Shifted mean: 0.0022872
    Raw mean ± std: 0.9859346 ± 0.0018984. Shifted mean: 0.9859346
  Working on index: (4, 2, 1)
    Raw mean ± std: 0.0015903 ± 0.0026784. Shifted mean: 0.0025373
    Raw mean ± std: 0.9878338 ± 0.0030434. Shifted mean: 0.9878337
  Working on index: (4, 2, 2)
    Raw mean ± std: 0.0182844 ± 0.0089175. Shifted mean: 0.0185098
    Raw mean ± std: 0.9624310 ± 0.0100654. Shifted mean: 0.9624298
  Working on index: (5, 1, 1)
    Raw mean ± std: 0.0011935 ± 0.0004282. Shifted mean: 0.0011949
    Raw mean ± std: 0.9957241 ± 0.0005267. Shifted mean: 0.9957241
  Working on index: (5, 1, 2)
    Raw mean ± std: 0.0012906 ± 0.0009731. Shifted mean: 0.0014036
    Raw mean ± std: 0.9945246 ± 0.0012064. Shifted mean: 0.9945246
  Working on index: (5, 2, 1)
    Raw mean ± std: 0.0012296 ± 0.0013965. Shifted mean: 0.0015641
    Raw mean ± std: 0.9957146 ± 0.0015245. Shifted mean: 0.9957099
  Working on index: (5, 2, 2)
    Raw mean ± std: 0.0039094 ± 0.0040376. Shifted mean: 0.0047580
    Raw mean ± std: 0.9897450 ± 0.0044432. Shifted mean: 0.9896866
  Working on index: (6, 1, 1)
    Raw mean ± std: 0.0011245 ± 0.0006760. Shifted mean: 0.0011653
    Raw mean ± std: 0.9976787 ± 0.0007678. Shifted mean: 0.9976775
  Working on index: (6, 1, 2)
    Raw mean ± std: 0.0002599 ± 0.0014018. Shifted mean: 0.0010489
    Raw mean ± std: 0.9990008 ± 0.0015902. Shifted mean: 0.9984628
  Working on index: (6, 2, 1)
    Raw mean ± std: 0.0033999 ± 0.0017099. Shifted mean: 0.0034500
    Raw mean ± std: 0.9938651 ± 0.0019194. Shifted mean: 0.9938634
  Working on index: (6, 2, 2)
    INFO: Raw mean not in [0, 1]!
    Raw mean ± std: -0.0035384 ± 0.0040539. Shifted mean: 0.0017581
    INFO: Raw mean not in [0, 1]!
    Raw mean ± std: 1.0037921 ± 0.0040633. Shifted mean: 0.9982854
  FIX: bin (1, 2, 1) = 0.2619244 ± 0.5619708 has a large error, replace w/ weighted average of nearby bins
    Looking at nearby bin with index (1, 2, 2)
    std = 0.7108990 > 0.2, skipping...
    Looking at nearby bin with index (1, 1, 1)
    Use 0.0028644 ± 0.0028224
    Looking at nearby bin with index (2, 2, 1)
    Use 0.0688662 ± 0.0766048
    Use weighted average: 0.0029538 ± 0.0028205
  FIX: bin (1, 2, 2) = 0.5187488 ± 0.7108990 has a large error, replace w/ weighted average of nearby bins
    Looking at nearby bin with index (1, 2, 1)
    Use 0.0029538 ± 0.0028205
    Looking at nearby bin with index (1, 1, 2)
    Use 0.0077617 ± 0.0090099
    Looking at nearby bin with index (2, 2, 2)
    std = 0.0, perhaps the sample does not cover this bin, skipping...
    Use weighted average: 0.0033830 ± 0.0026917
  Multiplying histo eTrueToMuTag_17_vmu and eff
  Working on index: (1, 1, 1)
    original: 0.002864361955113731
    new fac:  0.9433395209051534
  Working on index: (1, 1, 2)
    original: 0.007761729316882899
    new fac:  0.9433395209051534
  Working on index: (1, 2, 1)
    original: 0.0029538374453883342
    new fac:  0.9433395209051534
  Working on index: (1, 2, 2)
    original: 0.0033829542151820754
    new fac:  0.9433395209051534
  Working on index: (2, 1, 1)
    original: 0.0023535117833548332
    new fac:  0.9613178604775243
  Working on index: (2, 1, 2)
    original: 0.003482641566804427
    new fac:  0.9613178604775243
  Working on index: (2, 2, 1)
    original: 0.06886620392985202
    new fac:  0.9613178604775243
  Working on index: (2, 2, 2)
    original: 0.0
    new fac:  0.9613178604775243
  Working on index: (3, 1, 1)
    original: 0.0007825951547439871
    new fac:  0.9363905325443787
  Working on index: (3, 1, 2)
    original: 0.009084275167371546
    new fac:  0.9363905325443787
  Working on index: (3, 2, 1)
    original: 0.0051467196578705845
    new fac:  0.9363905325443787
  Working on index: (3, 2, 2)
    original: 0.027295283070157186
    new fac:  0.9363905325443787
  Working on index: (4, 1, 1)
    original: 0.001624430315211061
    new fac:  0.8929845422116528
  Working on index: (4, 1, 2)
    original: 0.002319879287278024
    new fac:  0.8929845422116528
  Working on index: (4, 2, 1)
    original: 0.0025685094364302436
    new fac:  0.8929845422116528
  Working on index: (4, 2, 2)
    original: 0.019232326533266255
    new fac:  0.8929845422116528
  Working on index: (5, 1, 1)
    original: 0.001200032479198714
    new fac:  0.8312236286919831
  Working on index: (5, 1, 2)
    original: 0.0014112801982922546
    new fac:  0.8312236286919831
  Working on index: (5, 2, 1)
    original: 0.0015708469869539494
    new fac:  0.8312236286919831
  Working on index: (5, 2, 2)
    original: 0.004807540634179818
    new fac:  0.8312236286919831
  Working on index: (6, 1, 1)
    original: 0.001168034381743883
    new fac:  0.8148148148148148
  Working on index: (6, 1, 2)
    original: 0.001050510162577645
    new fac:  0.8148148148148148
  Working on index: (6, 2, 1)
    original: 0.0034712870904522
    new fac:  0.8148148148148148
  Working on index: (6, 2, 2)
    original: 0.0017611473055441414
    new fac:  0.8148148148148148
Copy eTrueToPiTag_17 and shift means...
  Working on index: (1, 1, 1)
    INFO: Raw mean not in [0, 1]!
    WARNING: Raw and shifted means are significantly different!
    Raw mean ± std: -0.0127235 ± 0.0057119. Shifted mean: 0.0014705
  Working on index: (1, 1, 2)
    INFO: Raw mean not in [0, 1]!
    WARNING: Raw and shifted means are significantly different!
    Raw mean ± std: -0.0274538 ± 0.0158652. Shifted mean: 0.0048437
  Working on index: (1, 2, 1)
    WARNING: Very large std!
    Raw mean ± std: 0.1056918 ± 0.3164119. Shifted mean: 0.2567029
  Working on index: (1, 2, 2)
    WARNING: Very large std!
    Raw mean ± std: 0.3896258 ± 0.5033192. Shifted mean: 0.4572055
  Working on index: (2, 1, 1)
    Raw mean ± std: 0.0042202 ± 0.0033236. Shifted mean: 0.0046466
  Working on index: (2, 1, 2)
    Raw mean ± std: 0.0034093 ± 0.0083132. Shifted mean: 0.0070763
  Working on index: (2, 2, 1)
    Raw mean ± std: 0.2240971 ± 0.1122654. Shifted mean: 0.2273281
  Working on index: (2, 2, 2)
    WARNING: Very large std!
    Raw mean ± std: 0.1031848 ± 1.3168385. Shifted mean: 0.4724574
  Working on index: (3, 1, 1)
    Raw mean ± std: 0.0178961 ± 0.0025418. Shifted mean: 0.0178961
  Working on index: (3, 1, 2)
    Raw mean ± std: 0.0157213 ± 0.0057879. Shifted mean: 0.0157452
  Working on index: (3, 2, 1)
    Raw mean ± std: 0.0322483 ± 0.0208770. Shifted mean: 0.0338515
  Working on index: (3, 2, 2)
    INFO: Raw mean not in [0, 1]!
    WARNING: Raw and shifted means are significantly different!
    Raw mean ± std: -0.0009038 ± 0.0603116. Shifted mean: 0.0403449
  Working on index: (4, 1, 1)
    Raw mean ± std: 0.0259248 ± 0.0019145. Shifted mean: 0.0259248
  Working on index: (4, 1, 2)
    Raw mean ± std: 0.0298742 ± 0.0042853. Shifted mean: 0.0298742
  Working on index: (4, 2, 1)
    Raw mean ± std: 0.0608847 ± 0.0085636. Shifted mean: 0.0608847
  Working on index: (4, 2, 2)
    Raw mean ± std: 0.0527516 ± 0.0248637. Shifted mean: 0.0532793
  Working on index: (5, 1, 1)
    Raw mean ± std: 0.0177944 ± 0.0014694. Shifted mean: 0.0177944
  Working on index: (5, 1, 2)
    Raw mean ± std: 0.0259947 ± 0.0032161. Shifted mean: 0.0259947
  Working on index: (5, 2, 1)
    Raw mean ± std: 0.0791237 ± 0.0052107. Shifted mean: 0.0791237
  Working on index: (5, 2, 2)
    Raw mean ± std: 0.1050786 ± 0.0123397. Shifted mean: 0.1050786
  Working on index: (6, 1, 1)
    Raw mean ± std: 0.0125839 ± 0.0025642. Shifted mean: 0.0125839
  Working on index: (6, 1, 2)
    Raw mean ± std: 0.0111627 ± 0.0050446. Shifted mean: 0.0112478
  Working on index: (6, 2, 1)
    Raw mean ± std: 0.1231157 ± 0.0070355. Shifted mean: 0.1231157
  Working on index: (6, 2, 2)
    Raw mean ± std: 0.1263952 ± 0.0167360. Shifted mean: 0.1263952
  FIX: bin (1, 2, 1) = 0.2567029 ± 0.3164119 has a large error, replace w/ weighted average of nearby bins
    Looking at nearby bin with index (1, 2, 2)
    std = 0.5033192 > 0.2, skipping...
    Looking at nearby bin with index (1, 1, 1)
    Use 0.0014705 ± 0.0057119
    Looking at nearby bin with index (2, 2, 1)
    Use 0.2273281 ± 0.1122654
    Use weighted average: 0.0020537 ± 0.0057045
  FIX: bin (1, 2, 2) = 0.4572055 ± 0.5033192 has a large error, replace w/ weighted average of nearby bins
    Looking at nearby bin with index (1, 2, 1)
    Use 0.0020537 ± 0.0057045
    Looking at nearby bin with index (1, 1, 2)
    Use 0.0048437 ± 0.0158652
    Looking at nearby bin with index (2, 2, 2)
    std = 1.3168385 > 0.2, skipping...
    Use weighted average: 0.0023731 ± 0.0053681
  FIX: bin (2, 2, 2) = 0.4724574 ± 1.3168385 has a large error, replace w/ weighted average of nearby bins
    Looking at nearby bin with index (2, 2, 1)
    Use 0.2273281 ± 0.1122654
    Looking at nearby bin with index (2, 1, 2)
    Use 0.0070763 ± 0.0083132
    Looking at nearby bin with index (1, 2, 2)
    Use 0.0023731 ± 0.0053681
    Looking at nearby bin with index (3, 2, 2)
    Use 0.0403449 ± 0.0603116
    Use weighted average: 0.0043184 ± 0.0044934
Copy eTrueToPTag_17 and shift means...
  Working on index: (1, 1, 1)
    Zero or negative efficiency uncertainty found (0.0). Manually set efficiency to 0.0.
  Working on index: (1, 1, 2)
    Zero or negative efficiency uncertainty found (0.0). Manually set efficiency to 0.0.
  Working on index: (1, 2, 1)
    Zero or negative efficiency uncertainty found (0.0). Manually set efficiency to 0.0.
  Working on index: (1, 2, 2)
    Zero or negative efficiency uncertainty found (0.0). Manually set efficiency to 0.0.
  Working on index: (2, 1, 1)
    Raw mean ± std: 0.0004851 ± 0.0002459. Shifted mean: 0.0004925
  Working on index: (2, 1, 2)
    Raw mean ± std: 0.0009191 ± 0.0005185. Shifted mean: 0.0009438
  Working on index: (2, 2, 1)
    Zero or negative efficiency uncertainty found (0.0). Manually set efficiency to 0.0.
  Working on index: (2, 2, 2)
    Zero or negative efficiency uncertainty found (0.0). Manually set efficiency to 0.0.
  Working on index: (3, 1, 1)
    Raw mean ± std: 0.0119327 ± 0.0010406. Shifted mean: 0.0119327
  Working on index: (3, 1, 2)
    Raw mean ± std: 0.0187009 ± 0.0027423. Shifted mean: 0.0187009
  Working on index: (3, 2, 1)
    Raw mean ± std: 0.0233638 ± 0.0075230. Shifted mean: 0.0233728
  Working on index: (3, 2, 2)
    Raw mean ± std: 0.0357184 ± 0.0244535. Shifted mean: 0.0379297
  Working on index: (4, 1, 1)
    Raw mean ± std: 0.0074661 ± 0.0007456. Shifted mean: 0.0074661
  Working on index: (4, 1, 2)
    Raw mean ± std: 0.0132095 ± 0.0021093. Shifted mean: 0.0132095
  Working on index: (4, 2, 1)
    Raw mean ± std: 0.0139087 ± 0.0033581. Shifted mean: 0.0139088
  Working on index: (4, 2, 2)
    Raw mean ± std: 0.0167768 ± 0.0103514. Shifted mean: 0.0174589
  Working on index: (5, 1, 1)
    Raw mean ± std: 0.0024988 ± 0.0004574. Shifted mean: 0.0024988
  Working on index: (5, 1, 2)
    Raw mean ± std: 0.0034032 ± 0.0011547. Shifted mean: 0.0034055
  Working on index: (5, 2, 1)
    Raw mean ± std: 0.0132331 ± 0.0022150. Shifted mean: 0.0132331
  Working on index: (5, 2, 2)
    Raw mean ± std: 0.0196106 ± 0.0059952. Shifted mean: 0.0196146
  Working on index: (6, 1, 1)
    Raw mean ± std: 0.0039857 ± 0.0009330. Shifted mean: 0.0039857
  Working on index: (6, 1, 2)
    Raw mean ± std: 0.0056851 ± 0.0019888. Shifted mean: 0.0056904
  Working on index: (6, 2, 1)
    Raw mean ± std: 0.0130216 ± 0.0027258. Shifted mean: 0.0130216
  Working on index: (6, 2, 2)
    Raw mean ± std: 0.0261387 ± 0.0075730. Shifted mean: 0.0261413
Copy eTrueToKTag_17 and shift means...
  Working on index: (1, 1, 1)
    Zero or negative efficiency uncertainty found (0.0). Manually set efficiency to 0.0.
  Working on index: (1, 1, 2)
    Zero or negative efficiency uncertainty found (0.0). Manually set efficiency to 0.0.
  Working on index: (1, 2, 1)
    Zero or negative efficiency uncertainty found (0.0). Manually set efficiency to 0.0.
  Working on index: (1, 2, 2)
    Zero or negative efficiency uncertainty found (0.0). Manually set efficiency to 0.0.
  Working on index: (2, 1, 1)
    Raw mean ± std: 0.0018434 ± 0.0006608. Shifted mean: 0.0018456
  Working on index: (2, 1, 2)
    Raw mean ± std: 0.0017326 ± 0.0016823. Shifted mean: 0.0020540
  Working on index: (2, 2, 1)
    INFO: Raw mean not in [0, 1]!
    Raw mean ± std: -0.0046614 ± 0.0195037. Shifted mean: 0.0115607
  Working on index: (2, 2, 2)
    WARNING: Very large std!
    INFO: Raw mean not in [0, 1]!
    Raw mean ± std: -0.6687077 ± 1.5811221. Shifted mean: 0.4434834
  Working on index: (3, 1, 1)
    Raw mean ± std: 0.0036662 ± 0.0011085. Shifted mean: 0.0036668
  Working on index: (3, 1, 2)
    WARNING: Raw and shifted means are significantly different!
    Raw mean ± std: 0.0002090 ± 0.0027885. Shifted mean: 0.0019608
  Working on index: (3, 2, 1)
    Raw mean ± std: 0.0130795 ± 0.0085958. Shifted mean: 0.0137704
  Working on index: (3, 2, 2)
    Raw mean ± std: 0.0249375 ± 0.0253556. Shifted mean: 0.0301435
  Working on index: (4, 1, 1)
    Raw mean ± std: 0.0003683 ± 0.0007748. Shifted mean: 0.0006850
  Working on index: (4, 1, 2)
    INFO: Raw mean not in [0, 1]!
    WARNING: Raw and shifted means are significantly different!
    Raw mean ± std: -0.0000718 ± 0.0019546. Shifted mean: 0.0012920
  Working on index: (4, 2, 1)
    Raw mean ± std: 0.0031533 ± 0.0038570. Shifted mean: 0.0041645
  Working on index: (4, 2, 2)
    Raw mean ± std: 0.0153337 ± 0.0119869. Shifted mean: 0.0168462
  Working on index: (5, 1, 1)
    Raw mean ± std: 0.0031807 ± 0.0007395. Shifted mean: 0.0031808
  Working on index: (5, 1, 2)
    Raw mean ± std: 0.0033039 ± 0.0016107. Shifted mean: 0.0033445
  Working on index: (5, 2, 1)
    Raw mean ± std: 0.0099600 ± 0.0025642. Shifted mean: 0.0099601
  Working on index: (5, 2, 2)
    Raw mean ± std: 0.0168569 ± 0.0064381. Shifted mean: 0.0168925
  Working on index: (6, 1, 1)
    Raw mean ± std: 0.0038583 ± 0.0016804. Shifted mean: 0.0038811
  Working on index: (6, 1, 2)
    Raw mean ± std: 0.0007428 ± 0.0029887. Shifted mean: 0.0023181
  Working on index: (6, 2, 1)
    Raw mean ± std: 0.0283132 ± 0.0039798. Shifted mean: 0.0283132
  Working on index: (6, 2, 2)
    Raw mean ± std: 0.0235152 ± 0.0099478. Shifted mean: 0.0236280
  FIX: bin (2, 2, 2) = 0.4434834 ± 1.5811221 has a large error, replace w/ weighted average of nearby bins
    Looking at nearby bin with index (2, 2, 1)
    Use 0.0115607 ± 0.0195037
    Looking at nearby bin with index (2, 1, 2)
    Use 0.0020540 ± 0.0016823
    Looking at nearby bin with index (1, 2, 2)
    std = 0.0, perhaps the sample does not cover this bin, skipping...
    Looking at nearby bin with index (3, 2, 2)
    Use 0.0301435 ± 0.0253556
    Use weighted average: 0.0022461 ± 0.0016724
Copy eTrueToGTag_17 and shift means...
  Working on index: (1, 1, 1)
    Raw mean ± std: 0.8037397 ± 0.0069749. Shifted mean: 0.8037397
  Working on index: (1, 1, 2)
    Raw mean ± std: 0.8576343 ± 0.0167260. Shifted mean: 0.8576343
  Working on index: (1, 2, 1)
    WARNING: Very large std!
    Raw mean ± std: 0.8943082 ± 0.3164119. Shifted mean: 0.7432971
  Working on index: (1, 2, 2)
    WARNING: Very large std!
    Raw mean ± std: 0.6103742 ± 0.5033192. Shifted mean: 0.5427945
  Working on index: (2, 1, 1)
    Raw mean ± std: 0.5642596 ± 0.0046218. Shifted mean: 0.5642596
  Working on index: (2, 1, 2)
    Raw mean ± std: 0.6416733 ± 0.0100742. Shifted mean: 0.6416733
  Working on index: (2, 2, 1)
    Raw mean ± std: 0.0624191 ± 0.1300539. Shifted mean: 0.1152874
  Working on index: (2, 2, 2)
    WARNING: Very large std!
    Raw mean ± std: 0.6172826 ± 1.1747591. Shifted mean: 0.5101533
  Working on index: (3, 1, 1)
    Raw mean ± std: 0.2177685 ± 0.0029112. Shifted mean: 0.2177685
  Working on index: (3, 1, 2)
    Raw mean ± std: 0.2755698 ± 0.0068152. Shifted mean: 0.2755698
  Working on index: (3, 2, 1)
    Raw mean ± std: 0.2873365 ± 0.0167264. Shifted mean: 0.2873365
  Working on index: (3, 2, 2)
    Raw mean ± std: 0.3264737 ± 0.0537508. Shifted mean: 0.3264737
  Working on index: (4, 1, 1)
    Raw mean ± std: 0.1303430 ± 0.0019853. Shifted mean: 0.1303430
  Working on index: (4, 1, 2)
    Raw mean ± std: 0.1846291 ± 0.0048834. Shifted mean: 0.1846291
  Working on index: (4, 2, 1)
    Raw mean ± std: 0.1852674 ± 0.0068593. Shifted mean: 0.1852674
  Working on index: (4, 2, 2)
    Raw mean ± std: 0.2444690 ± 0.0210477. Shifted mean: 0.2444690
  Working on index: (5, 1, 1)
    Raw mean ± std: 0.0963258 ± 0.0017042. Shifted mean: 0.0963258
  Working on index: (5, 1, 2)
    Raw mean ± std: 0.1351830 ± 0.0040705. Shifted mean: 0.1351830
  Working on index: (5, 2, 1)
    Raw mean ± std: 0.1379740 ± 0.0043201. Shifted mean: 0.1379740
  Working on index: (5, 2, 2)
    Raw mean ± std: 0.1922348 ± 0.0111306. Shifted mean: 0.1922348
  Working on index: (6, 1, 1)
    Raw mean ± std: 0.0772948 ± 0.0031600. Shifted mean: 0.0772948
  Working on index: (6, 1, 2)
    Raw mean ± std: 0.1018646 ± 0.0071760. Shifted mean: 0.1018646
  Working on index: (6, 2, 1)
    Raw mean ± std: 0.1178046 ± 0.0059315. Shifted mean: 0.1178046
  Working on index: (6, 2, 2)
    Raw mean ± std: 0.1567157 ± 0.0153359. Shifted mean: 0.1567157
  FIX: bin (1, 2, 1) = 0.7432971 ± 0.3164119 has a large error, replace w/ weighted average of nearby bins
    Looking at nearby bin with index (1, 2, 2)
    std = 0.5033192 > 0.2, skipping...
    Looking at nearby bin with index (1, 1, 1)
    Use 0.8037397 ± 0.0069749
    Looking at nearby bin with index (2, 2, 1)
    Use 0.1152874 ± 0.1300539
    Use weighted average: 0.8017652 ± 0.0069649
  FIX: bin (1, 2, 2) = 0.5427945 ± 0.5033192 has a large error, replace w/ weighted average of nearby bins
    Looking at nearby bin with index (1, 2, 1)
    Use 0.8017652 ± 0.0069649
    Looking at nearby bin with index (1, 1, 2)
    Use 0.8576343 ± 0.0167260
    Looking at nearby bin with index (2, 2, 2)
    std = 1.1747591 > 0.2, skipping...
    Use weighted average: 0.8100213 ± 0.0064297
  FIX: bin (2, 2, 2) = 0.5101533 ± 1.1747591 has a large error, replace w/ weighted average of nearby bins
    Looking at nearby bin with index (2, 2, 1)
    Use 0.1152874 ± 0.1300539
    Looking at nearby bin with index (2, 1, 2)
    Use 0.6416733 ± 0.0100742
    Looking at nearby bin with index (1, 2, 2)
    Use 0.8100213 ± 0.0064297
    Looking at nearby bin with index (3, 2, 2)
    Use 0.3264737 ± 0.0537508
    Use weighted average: 0.7558162 ± 0.0053879
Copy eTrueToETag_17 and shift means...
  Working on index: (1, 1, 1)
    Raw mean ± std: 0.2089838 ± 0.0054404. Shifted mean: 0.2089838
  Working on index: (1, 1, 2)
    Raw mean ± std: 0.1698195 ± 0.0106270. Shifted mean: 0.1698195
  Working on index: (1, 2, 1)
    Zero or negative efficiency uncertainty found (0.0). Manually set efficiency to 0.0.
  Working on index: (1, 2, 2)
    Zero or negative efficiency uncertainty found (0.0). Manually set efficiency to 0.0.
  Working on index: (2, 1, 1)
    Raw mean ± std: 0.4291917 ± 0.0044484. Shifted mean: 0.4291917
  Working on index: (2, 1, 2)
    Raw mean ± std: 0.3522657 ± 0.0089681. Shifted mean: 0.3522657
  Working on index: (2, 2, 1)
    Raw mean ± std: 0.7181451 ± 0.1452727. Shifted mean: 0.7133779
  Working on index: (2, 2, 2)
    WARNING: Very large std!
    Raw mean ± std: 0.9482404 ± 2.0045584. Shifted mean: 0.5137224
  Working on index: (3, 1, 1)
    Raw mean ± std: 0.7487365 ± 0.0036308. Shifted mean: 0.7487365
  Working on index: (3, 1, 2)
    Raw mean ± std: 0.6897991 ± 0.0081466. Shifted mean: 0.6897991
  Working on index: (3, 2, 1)
    Raw mean ± std: 0.6439718 ± 0.0218124. Shifted mean: 0.6439718
  Working on index: (3, 2, 2)
    Raw mean ± std: 0.6137742 ± 0.0636573. Shifted mean: 0.6137742
  Working on index: (4, 1, 1)
    Raw mean ± std: 0.8358979 ± 0.0027184. Shifted mean: 0.8358979
  Working on index: (4, 1, 2)
    Raw mean ± std: 0.7723590 ± 0.0062846. Shifted mean: 0.7723590
  Working on index: (4, 2, 1)
    Raw mean ± std: 0.7367859 ± 0.0100869. Shifted mean: 0.7367859
  Working on index: (4, 2, 2)
    Raw mean ± std: 0.6706690 ± 0.0279146. Shifted mean: 0.6706690
  Working on index: (5, 1, 1)
    Raw mean ± std: 0.8802003 ± 0.0022820. Shifted mean: 0.8802003
  Working on index: (5, 1, 2)
    Raw mean ± std: 0.8321152 ± 0.0051568. Shifted mean: 0.8321152
  Working on index: (5, 2, 1)
    Raw mean ± std: 0.7597092 ± 0.0065408. Shifted mean: 0.7597092
  Working on index: (5, 2, 2)
    Raw mean ± std: 0.6662192 ± 0.0149886. Shifted mean: 0.6662192
  Working on index: (6, 1, 1)
    Raw mean ± std: 0.9022773 ± 0.0042963. Shifted mean: 0.9022773
  Working on index: (6, 1, 2)
    Raw mean ± std: 0.8805447 ± 0.0090196. Shifted mean: 0.8805447
  Working on index: (6, 2, 1)
    Raw mean ± std: 0.7177450 ± 0.0089786. Shifted mean: 0.7177450
  Working on index: (6, 2, 2)
    Raw mean ± std: 0.6672352 ± 0.0212467. Shifted mean: 0.6672352
  FIX: bin (2, 2, 2) = 0.5137224 ± 2.0045584 has a large error, replace w/ weighted average of nearby bins
    Looking at nearby bin with index (2, 2, 1)
    Use 0.7133779 ± 0.1452727
    Looking at nearby bin with index (2, 1, 2)
    Use 0.3522657 ± 0.0089681
    Looking at nearby bin with index (1, 2, 2)
    std = 0.0, perhaps the sample does not cover this bin, skipping...
    Looking at nearby bin with index (3, 2, 2)
    Use 0.6137742 ± 0.0636573
    Use weighted average: 0.3586804 ± 0.0088639
Copy gTrueToPiTag_17 and shift means...
  Working on index: (1, 1, 1)
    Raw mean ± std: 0.1705161 ± 0.0004219. Shifted mean: 0.1705161
  Working on index: (1, 1, 2)
    Raw mean ± std: 0.1242689 ± 0.0006488. Shifted mean: 0.1242689
  Working on index: (1, 2, 1)
    Raw mean ± std: 0.0391094 ± 0.0001361. Shifted mean: 0.0391094
  Working on index: (1, 2, 2)
    Raw mean ± std: 0.0331933 ± 0.0002136. Shifted mean: 0.0331933
  Working on index: (2, 1, 1)
    Raw mean ± std: 0.2068550 ± 0.0007532. Shifted mean: 0.2068550
  Working on index: (2, 1, 2)
    Raw mean ± std: 0.1355978 ± 0.0011541. Shifted mean: 0.1355978
  Working on index: (2, 2, 1)
    Raw mean ± std: 0.0772701 ± 0.0002568. Shifted mean: 0.0772701
  Working on index: (2, 2, 2)
    Raw mean ± std: 0.0640694 ± 0.0004026. Shifted mean: 0.0640694
  Working on index: (3, 1, 1)
    Raw mean ± std: 0.1995324 ± 0.0010428. Shifted mean: 0.1995324
  Working on index: (3, 1, 2)
    Raw mean ± std: 0.1279845 ± 0.0016450. Shifted mean: 0.1279845
  Working on index: (3, 2, 1)
    Raw mean ± std: 0.1252138 ± 0.0004318. Shifted mean: 0.1252138
  Working on index: (3, 2, 2)
    Raw mean ± std: 0.1053144 ± 0.0006815. Shifted mean: 0.1053144
  Working on index: (4, 1, 1)
    Raw mean ± std: 0.1722441 ± 0.0012413. Shifted mean: 0.1722441
  Working on index: (4, 1, 2)
    Raw mean ± std: 0.1093062 ± 0.0021096. Shifted mean: 0.1093062
  Working on index: (4, 2, 1)
    Raw mean ± std: 0.1465983 ± 0.0005832. Shifted mean: 0.1465983
  Working on index: (4, 2, 2)
    Raw mean ± std: 0.1257830 ± 0.0009548. Shifted mean: 0.1257830
  Working on index: (5, 1, 1)
    Raw mean ± std: 0.1504922 ± 0.0016367. Shifted mean: 0.1504922
  Working on index: (5, 1, 2)
    Raw mean ± std: 0.0938208 ± 0.0030531. Shifted mean: 0.0938208
  Working on index: (5, 2, 1)
    Raw mean ± std: 0.1407013 ± 0.0007555. Shifted mean: 0.1407013
  Working on index: (5, 2, 2)
    Raw mean ± std: 0.1194750 ± 0.0013174. Shifted mean: 0.1194750
  Working on index: (6, 1, 1)
    Raw mean ± std: 0.0937997 ± 0.0033360. Shifted mean: 0.0937997
  Working on index: (6, 1, 2)
    Raw mean ± std: 0.0630499 ± 0.0072881. Shifted mean: 0.0630499
  Working on index: (6, 2, 1)
    Raw mean ± std: 0.1145885 ± 0.0015309. Shifted mean: 0.1145885
  Working on index: (6, 2, 2)
    Raw mean ± std: 0.0966202 ± 0.0029737. Shifted mean: 0.0966202
Combining gTrueToMuTag_17_vmu...
  Working on index: (1, 1, 1)
    Raw mean ± std: 0.0543362 ± 0.0002461. Shifted mean: 0.0543362
    Raw mean ± std: 0.9331420 ± 0.0002711. Shifted mean: 0.9331420
  Working on index: (1, 1, 2)
    Raw mean ± std: 0.0786123 ± 0.0005052. Shifted mean: 0.0786123
    Raw mean ± std: 0.9089467 ± 0.0005398. Shifted mean: 0.9089467
  Working on index: (1, 2, 1)
    Raw mean ± std: 0.0317797 ± 0.0001191. Shifted mean: 0.0317797
    Raw mean ± std: 0.9343081 ± 0.0001680. Shifted mean: 0.9343081
  Working on index: (1, 2, 2)
    Raw mean ± std: 0.0542075 ± 0.0002558. Shifted mean: 0.0542075
    Raw mean ± std: 0.9004281 ± 0.0003378. Shifted mean: 0.9004281
  Working on index: (2, 1, 1)
    Raw mean ± std: 0.0459771 ± 0.0003803. Shifted mean: 0.0459771
    Raw mean ± std: 0.9446796 ± 0.0004148. Shifted mean: 0.9446796
  Working on index: (2, 1, 2)
    Raw mean ± std: 0.0683596 ± 0.0008198. Shifted mean: 0.0683596
    Raw mean ± std: 0.9223856 ± 0.0008685. Shifted mean: 0.9223856
  Working on index: (2, 2, 1)
    Raw mean ± std: 0.0341258 ± 0.0001699. Shifted mean: 0.0341258
    Raw mean ± std: 0.9444129 ± 0.0002142. Shifted mean: 0.9444129
  Working on index: (2, 2, 2)
    Raw mean ± std: 0.0579325 ± 0.0003670. Shifted mean: 0.0579325
    Raw mean ± std: 0.9126566 ± 0.0004429. Shifted mean: 0.9126566
  Working on index: (3, 1, 1)
    Raw mean ± std: 0.0184371 ± 0.0003514. Shifted mean: 0.0184371
    Raw mean ± std: 0.9755684 ± 0.0004023. Shifted mean: 0.9755684
  Working on index: (3, 1, 2)
    Raw mean ± std: 0.0264267 ± 0.0007901. Shifted mean: 0.0264267
    Raw mean ± std: 0.9687185 ± 0.0008554. Shifted mean: 0.9687185
  Working on index: (3, 2, 1)
    Raw mean ± std: 0.0199698 ± 0.0001809. Shifted mean: 0.0199698
    Raw mean ± std: 0.9716589 ± 0.0002143. Shifted mean: 0.9716589
  Working on index: (3, 2, 2)
    Raw mean ± std: 0.0310947 ± 0.0003795. Shifted mean: 0.0310947
    Raw mean ± std: 0.9588732 ± 0.0004335. Shifted mean: 0.9588732
  Working on index: (4, 1, 1)
    Raw mean ± std: 0.0124359 ± 0.0003690. Shifted mean: 0.0124359
    Raw mean ± std: 0.9825290 ± 0.0004343. Shifted mean: 0.9825290
  Working on index: (4, 1, 2)
    Raw mean ± std: 0.0163404 ± 0.0008756. Shifted mean: 0.0163404
    Raw mean ± std: 0.9793912 ± 0.0009757. Shifted mean: 0.9793912
  Working on index: (4, 2, 1)
    Raw mean ± std: 0.0117323 ± 0.0001780. Shifted mean: 0.0117323
    Raw mean ± std: 0.9839660 ± 0.0002072. Shifted mean: 0.9839660
  Working on index: (4, 2, 2)
    Raw mean ± std: 0.0173763 ± 0.0003772. Shifted mean: 0.0173763
    Raw mean ± std: 0.9778085 ± 0.0004241. Shifted mean: 0.9778085
  Working on index: (5, 1, 1)
    Raw mean ± std: 0.0152118 ± 0.0005687. Shifted mean: 0.0152118
    Raw mean ± std: 0.9798248 ± 0.0006502. Shifted mean: 0.9798248
  Working on index: (5, 1, 2)
    Raw mean ± std: 0.0168279 ± 0.0013927. Shifted mean: 0.0168279
    Raw mean ± std: 0.9784361 ± 0.0015588. Shifted mean: 0.9784361
  Working on index: (5, 2, 1)
    Raw mean ± std: 0.0075166 ± 0.0001903. Shifted mean: 0.0075166
    Raw mean ± std: 0.9897606 ± 0.0002211. Shifted mean: 0.9897606
  Working on index: (5, 2, 2)
    Raw mean ± std: 0.0091294 ± 0.0003960. Shifted mean: 0.0091294
    Raw mean ± std: 0.9886841 ± 0.0004385. Shifted mean: 0.9886841
  Working on index: (6, 1, 1)
    Raw mean ± std: 0.0233828 ± 0.0017649. Shifted mean: 0.0233828
    Raw mean ± std: 0.9705638 ± 0.0019589. Shifted mean: 0.9705638
  Working on index: (6, 1, 2)
    Raw mean ± std: 0.0262598 ± 0.0049860. Shifted mean: 0.0262598
    Raw mean ± std: 0.9680625 ± 0.0054023. Shifted mean: 0.9680625
  Working on index: (6, 2, 1)
    Raw mean ± std: 0.0085208 ± 0.0004560. Shifted mean: 0.0085208
    Raw mean ± std: 0.9888095 ± 0.0005185. Shifted mean: 0.9888095
  Working on index: (6, 2, 2)
    Raw mean ± std: 0.0091553 ± 0.0010219. Shifted mean: 0.0091553
    Raw mean ± std: 0.9885795 ± 0.0011283. Shifted mean: 0.9885795
Copy gTrueToKTag_17 and shift means...
  Working on index: (1, 1, 1)
    WARNING: Raw and shifted means are significantly different!
    Raw mean ± std: 0.0000000 ± 0.0000023. Shifted mean: 0.0000016
  Working on index: (1, 1, 2)
    WARNING: Raw and shifted means are significantly different!
    Raw mean ± std: 0.0000000 ± 0.0000070. Shifted mean: 0.0000048
  Working on index: (1, 2, 1)
    WARNING: Raw and shifted means are significantly different!
    Raw mean ± std: 0.0000000 ± 0.0000009. Shifted mean: 0.0000006
  Working on index: (1, 2, 2)
    WARNING: Raw and shifted means are significantly different!
    Raw mean ± std: 0.0000000 ± 0.0000026. Shifted mean: 0.0000017
  Working on index: (2, 1, 1)
    Raw mean ± std: 0.0036561 ± 0.0001153. Shifted mean: 0.0036561
  Working on index: (2, 1, 2)
    Raw mean ± std: 0.0026704 ± 0.0001839. Shifted mean: 0.0026704
  Working on index: (2, 2, 1)
    Raw mean ± std: 0.0012375 ± 0.0000346. Shifted mean: 0.0012375
  Working on index: (2, 2, 2)
    Raw mean ± std: 0.0008596 ± 0.0000506. Shifted mean: 0.0008596
  Working on index: (3, 1, 1)
    Raw mean ± std: 0.0441377 ± 0.0005396. Shifted mean: 0.0441377
  Working on index: (3, 1, 2)
    Raw mean ± std: 0.0329772 ± 0.0008913. Shifted mean: 0.0329772
  Working on index: (3, 2, 1)
    Raw mean ± std: 0.0175165 ± 0.0001722. Shifted mean: 0.0175165
  Working on index: (3, 2, 2)
    Raw mean ± std: 0.0128954 ± 0.0002537. Shifted mean: 0.0128954
  Working on index: (4, 1, 1)
    Raw mean ± std: 0.0453117 ± 0.0006891. Shifted mean: 0.0453117
  Working on index: (4, 1, 2)
    Raw mean ± std: 0.0297147 ± 0.0011698. Shifted mean: 0.0297147
  Working on index: (4, 2, 1)
    Raw mean ± std: 0.0416525 ± 0.0003307. Shifted mean: 0.0416525
  Working on index: (4, 2, 2)
    Raw mean ± std: 0.0372073 ± 0.0005488. Shifted mean: 0.0372073
  Working on index: (5, 1, 1)
    Raw mean ± std: 0.0556604 ± 0.0010577. Shifted mean: 0.0556604
  Working on index: (5, 1, 2)
    Raw mean ± std: 0.0416066 ± 0.0021266. Shifted mean: 0.0416066
  Working on index: (5, 2, 1)
    Raw mean ± std: 0.0548607 ± 0.0004965. Shifted mean: 0.0548607
  Working on index: (5, 2, 2)
    Raw mean ± std: 0.0487683 ± 0.0008808. Shifted mean: 0.0487683
  Working on index: (6, 1, 1)
    Raw mean ± std: 0.0709307 ± 0.0029537. Shifted mean: 0.0709307
  Working on index: (6, 1, 2)
    Raw mean ± std: 0.0557185 ± 0.0069252. Shifted mean: 0.0557185
  Working on index: (6, 2, 1)
    Raw mean ± std: 0.0628403 ± 0.0011723. Shifted mean: 0.0628403
  Working on index: (6, 2, 2)
    Raw mean ± std: 0.0515562 ± 0.0022523. Shifted mean: 0.0515562
Combining gTrueToMuTag_17...
  Working on index: (1, 1, 1)
    Raw mean ± std: 0.0059197 ± 0.0000841. Shifted mean: 0.0059197
    Raw mean ± std: 0.9331420 ± 0.0002711. Shifted mean: 0.9331420
  Working on index: (1, 1, 2)
    Raw mean ± std: 0.0038095 ± 0.0001184. Shifted mean: 0.0038095
    Raw mean ± std: 0.9089467 ± 0.0005398. Shifted mean: 0.9089467
  Working on index: (1, 2, 1)
    Raw mean ± std: 0.0086377 ± 0.0000630. Shifted mean: 0.0086377
    Raw mean ± std: 0.9343081 ± 0.0001680. Shifted mean: 0.9343081
  Working on index: (1, 2, 2)
    Raw mean ± std: 0.0068178 ± 0.0000938. Shifted mean: 0.0068178
    Raw mean ± std: 0.9004281 ± 0.0003378. Shifted mean: 0.9004281
  Working on index: (2, 1, 1)
    Raw mean ± std: 0.0057370 ± 0.0001393. Shifted mean: 0.0057370
    Raw mean ± std: 0.9446796 ± 0.0004148. Shifted mean: 0.9446796
  Working on index: (2, 1, 2)
    Raw mean ± std: 0.0039163 ± 0.0002109. Shifted mean: 0.0039163
    Raw mean ± std: 0.9223856 ± 0.0008685. Shifted mean: 0.9223856
  Working on index: (2, 2, 1)
    Raw mean ± std: 0.0070450 ± 0.0000788. Shifted mean: 0.0070450
    Raw mean ± std: 0.9444129 ± 0.0002142. Shifted mean: 0.9444129
  Working on index: (2, 2, 2)
    Raw mean ± std: 0.0058330 ± 0.0001213. Shifted mean: 0.0058330
    Raw mean ± std: 0.9126566 ± 0.0004429. Shifted mean: 0.9126566
  Working on index: (3, 1, 1)
    Raw mean ± std: 0.0051006 ± 0.0001892. Shifted mean: 0.0051006
    Raw mean ± std: 0.9755684 ± 0.0004023. Shifted mean: 0.9755684
  Working on index: (3, 1, 2)
    Raw mean ± std: 0.0036869 ± 0.0003134. Shifted mean: 0.0036869
    Raw mean ± std: 0.9687185 ± 0.0008554. Shifted mean: 0.9687185
  Working on index: (3, 2, 1)
    Raw mean ± std: 0.0045330 ± 0.0000877. Shifted mean: 0.0045330
    Raw mean ± std: 0.9716589 ± 0.0002143. Shifted mean: 0.9716589
  Working on index: (3, 2, 2)
    Raw mean ± std: 0.0035369 ± 0.0001329. Shifted mean: 0.0035369
    Raw mean ± std: 0.9588732 ± 0.0004335. Shifted mean: 0.9588732
  Working on index: (4, 1, 1)
    Raw mean ± std: 0.0047420 ± 0.0002328. Shifted mean: 0.0047420
    Raw mean ± std: 0.9825290 ± 0.0004343. Shifted mean: 0.9825290
  Working on index: (4, 1, 2)
    Raw mean ± std: 0.0037941 ± 0.0004481. Shifted mean: 0.0037941
    Raw mean ± std: 0.9793912 ± 0.0009757. Shifted mean: 0.9793912
  Working on index: (4, 2, 1)
    Raw mean ± std: 0.0032455 ± 0.0000953. Shifted mean: 0.0032455
    Raw mean ± std: 0.9839660 ± 0.0002072. Shifted mean: 0.9839660
  Working on index: (4, 2, 2)
    Raw mean ± std: 0.0028907 ± 0.0001598. Shifted mean: 0.0028907
    Raw mean ± std: 0.9778085 ± 0.0004241. Shifted mean: 0.9778085
  Working on index: (5, 1, 1)
    Raw mean ± std: 0.0049031 ± 0.0003335. Shifted mean: 0.0049031
    Raw mean ± std: 0.9798248 ± 0.0006502. Shifted mean: 0.9798248
  Working on index: (5, 1, 2)
    Raw mean ± std: 0.0045345 ± 0.0007797. Shifted mean: 0.0045345
    Raw mean ± std: 0.9784361 ± 0.0015588. Shifted mean: 0.9784361
  Working on index: (5, 2, 1)
    Raw mean ± std: 0.0025102 ± 0.0001123. Shifted mean: 0.0025102
    Raw mean ± std: 0.9897606 ± 0.0002211. Shifted mean: 0.9897606
  Working on index: (5, 2, 2)
    Raw mean ± std: 0.0016918 ± 0.0001806. Shifted mean: 0.0016918
    Raw mean ± std: 0.9886841 ± 0.0004385. Shifted mean: 0.9886841
  Working on index: (6, 1, 1)
    Raw mean ± std: 0.0060534 ± 0.0009685. Shifted mean: 0.0060534
    Raw mean ± std: 0.9705638 ± 0.0019589. Shifted mean: 0.9705638
  Working on index: (6, 1, 2)
    Raw mean ± std: 0.0056778 ± 0.0027881. Shifted mean: 0.0057507
    Raw mean ± std: 0.9680625 ± 0.0054023. Shifted mean: 0.9680625
  Working on index: (6, 2, 1)
    Raw mean ± std: 0.0024917 ± 0.0002580. Shifted mean: 0.0024917
    Raw mean ± std: 0.9888095 ± 0.0005185. Shifted mean: 0.9888095
  Working on index: (6, 2, 2)
    Raw mean ± std: 0.0021708 ± 0.0005528. Shifted mean: 0.0021709
    Raw mean ± std: 0.9885795 ± 0.0011283. Shifted mean: 0.9885795
Copy gTrueToGTag_17 and shift means...
  Working on index: (1, 1, 1)
    Raw mean ± std: 0.8186015 ± 0.0004322. Shifted mean: 0.8186015
  Working on index: (1, 1, 2)
    Raw mean ± std: 0.8687802 ± 0.0006639. Shifted mean: 0.8687802
  Working on index: (1, 2, 1)
    Raw mean ± std: 0.9392921 ± 0.0001675. Shifted mean: 0.9392921
  Working on index: (1, 2, 2)
    Raw mean ± std: 0.9531627 ± 0.0002517. Shifted mean: 0.9531627
  Working on index: (2, 1, 1)
    Raw mean ± std: 0.7770305 ± 0.0007739. Shifted mean: 0.7770305
  Working on index: (2, 1, 2)
    Raw mean ± std: 0.8548156 ± 0.0011871. Shifted mean: 0.8548156
  Working on index: (2, 2, 1)
    Raw mean ± std: 0.9007872 ± 0.0002874. Shifted mean: 0.9007872
  Working on index: (2, 2, 2)
    Raw mean ± std: 0.9217119 ± 0.0004414. Shifted mean: 0.9217119
  Working on index: (3, 1, 1)
    Raw mean ± std: 0.6856396 ± 0.0012097. Shifted mean: 0.6856396
  Working on index: (3, 1, 2)
    Raw mean ± std: 0.7922557 ± 0.0019913. Shifted mean: 0.7922557
  Working on index: (3, 2, 1)
    Raw mean ± std: 0.8228839 ± 0.0004977. Shifted mean: 0.8228839
  Working on index: (3, 2, 2)
    Raw mean ± std: 0.8600334 ± 0.0007695. Shifted mean: 0.8600334
  Working on index: (4, 1, 1)
    Raw mean ± std: 0.6949319 ± 0.0015103. Shifted mean: 0.6949319
  Working on index: (4, 1, 2)
    Raw mean ± std: 0.8006691 ± 0.0026859. Shifted mean: 0.8006691
  Working on index: (4, 2, 1)
    Raw mean ± std: 0.7401870 ± 0.0007222. Shifted mean: 0.7401870
  Working on index: (4, 2, 2)
    Raw mean ± std: 0.7956537 ± 0.0011588. Shifted mean: 0.7956537
  Working on index: (5, 1, 1)
    Raw mean ± std: 0.7211649 ± 0.0020456. Shifted mean: 0.7211649
  Working on index: (5, 1, 2)
    Raw mean ± std: 0.8086509 ± 0.0040755. Shifted mean: 0.8086509
  Working on index: (5, 2, 1)
    Raw mean ± std: 0.7151084 ± 0.0009788. Shifted mean: 0.7151084
  Working on index: (5, 2, 2)
    Raw mean ± std: 0.7719627 ± 0.0016982. Shifted mean: 0.7719627
  Working on index: (6, 1, 1)
    Raw mean ± std: 0.7733888 ± 0.0047244. Shifted mean: 0.7733888
  Working on index: (6, 1, 2)
    Raw mean ± std: 0.8321114 ± 0.0107370. Shifted mean: 0.8321114
  Working on index: (6, 2, 1)
    Raw mean ± std: 0.7360842 ± 0.0021072. Shifted mean: 0.7360842
  Working on index: (6, 2, 2)
    Raw mean ± std: 0.7819362 ± 0.0041096. Shifted mean: 0.7819362
Copy gTrueToPTag_17 and shift means...
  Working on index: (1, 1, 1)
    WARNING: Raw and shifted means are significantly different!
    Raw mean ± std: 0.0000000 ± 0.0000023. Shifted mean: 0.0000016
  Working on index: (1, 1, 2)
    WARNING: Raw and shifted means are significantly different!
    Raw mean ± std: 0.0000000 ± 0.0000070. Shifted mean: 0.0000048
  Working on index: (1, 2, 1)
    WARNING: Raw and shifted means are significantly different!
    Raw mean ± std: 0.0000000 ± 0.0000009. Shifted mean: 0.0000006
  Working on index: (1, 2, 2)
    WARNING: Raw and shifted means are significantly different!
    Raw mean ± std: 0.0000000 ± 0.0000026. Shifted mean: 0.0000017
  Working on index: (2, 1, 1)
    Raw mean ± std: 0.0014178 ± 0.0000732. Shifted mean: 0.0014178
  Working on index: (2, 1, 2)
    Raw mean ± std: 0.0006927 ± 0.0000996. Shifted mean: 0.0006927
  Working on index: (2, 2, 1)
    Raw mean ± std: 0.0003574 ± 0.0000190. Shifted mean: 0.0003574
  Working on index: (2, 2, 2)
    Raw mean ± std: 0.0001388 ± 0.0000220. Shifted mean: 0.0001388
  Working on index: (3, 1, 1)
    Raw mean ± std: 0.0466710 ± 0.0005540. Shifted mean: 0.0466710
  Working on index: (3, 1, 2)
    Raw mean ± std: 0.0347501 ± 0.0009135. Shifted mean: 0.0347501
  Working on index: (3, 2, 1)
    Raw mean ± std: 0.0124997 ± 0.0001461. Shifted mean: 0.0124997
  Working on index: (3, 2, 2)
    Raw mean ± std: 0.0084331 ± 0.0002066. Shifted mean: 0.0084331
  Working on index: (4, 1, 1)
    Raw mean ± std: 0.0608240 ± 0.0007902. Shifted mean: 0.0608240
  Working on index: (4, 1, 2)
    Raw mean ± std: 0.0474115 ± 0.0014523. Shifted mean: 0.0474115
  Working on index: (4, 2, 1)
    Raw mean ± std: 0.0345540 ± 0.0003026. Shifted mean: 0.0345540
  Working on index: (4, 2, 2)
    Raw mean ± std: 0.0191100 ± 0.0003993. Shifted mean: 0.0191100
  Working on index: (5, 1, 1)
    Raw mean ± std: 0.0465340 ± 0.0009736. Shifted mean: 0.0465340
  Working on index: (5, 1, 2)
    Raw mean ± std: 0.0397528 ± 0.0020831. Shifted mean: 0.0397528
  Working on index: (5, 2, 1)
    Raw mean ± std: 0.0688070 ± 0.0005514. Shifted mean: 0.0688070
  Working on index: (5, 2, 2)
    Raw mean ± std: 0.0487521 ± 0.0008807. Shifted mean: 0.0487521
  Working on index: (6, 1, 1)
    Raw mean ± std: 0.0409686 ± 0.0023112. Shifted mean: 0.0409686
  Working on index: (6, 1, 2)
    Raw mean ± std: 0.0300587 ± 0.0053681. Shifted mean: 0.0300587
  Working on index: (6, 2, 1)
    Raw mean ± std: 0.0761823 ± 0.0012792. Shifted mean: 0.0761823
  Working on index: (6, 2, 2)
    Raw mean ± std: 0.0643498 ± 0.0024879. Shifted mean: 0.0643498
Copy gTrueToETag_17 and shift means...
  Working on index: (1, 1, 1)
    Raw mean ± std: 0.0108824 ± 0.0001173. Shifted mean: 0.0108824
  Working on index: (1, 1, 2)
    Raw mean ± std: 0.0069508 ± 0.0001664. Shifted mean: 0.0069508
  Working on index: (1, 2, 1)
    Raw mean ± std: 0.0215985 ± 0.0001022. Shifted mean: 0.0215985
  Working on index: (1, 2, 2)
    Raw mean ± std: 0.0136440 ± 0.0001388. Shifted mean: 0.0136440
  Working on index: (2, 1, 1)
    Raw mean ± std: 0.0110405 ± 0.0001970. Shifted mean: 0.0110405
  Working on index: (2, 1, 2)
    Raw mean ± std: 0.0062235 ± 0.0002741. Shifted mean: 0.0062235
  Working on index: (2, 2, 1)
    Raw mean ± std: 0.0203478 ± 0.0001362. Shifted mean: 0.0203478
  Working on index: (2, 2, 2)
    Raw mean ± std: 0.0132202 ± 0.0001893. Shifted mean: 0.0132202
  Working on index: (3, 1, 1)
    Raw mean ± std: 0.0240194 ± 0.0004040. Shifted mean: 0.0240194
  Working on index: (3, 1, 2)
    Raw mean ± std: 0.0120325 ± 0.0005538. Shifted mean: 0.0120325
  Working on index: (3, 2, 1)
    Raw mean ± std: 0.0218860 ± 0.0001919. Shifted mean: 0.0218860
  Working on index: (3, 2, 2)
    Raw mean ± std: 0.0133237 ± 0.0002578. Shifted mean: 0.0133237
  Working on index: (4, 1, 1)
    Raw mean ± std: 0.0266884 ± 0.0005365. Shifted mean: 0.0266884
  Working on index: (4, 1, 2)
    Raw mean ± std: 0.0128984 ± 0.0007929. Shifted mean: 0.0128984
  Working on index: (4, 2, 1)
    Raw mean ± std: 0.0370083 ± 0.0003126. Shifted mean: 0.0370083
  Working on index: (4, 2, 2)
    Raw mean ± std: 0.0222460 ± 0.0004295. Shifted mean: 0.0222460
  Working on index: (5, 1, 1)
    Raw mean ± std: 0.0261485 ± 0.0007428. Shifted mean: 0.0261485
  Working on index: (5, 1, 2)
    Raw mean ± std: 0.0161689 ± 0.0013838. Shifted mean: 0.0161689
  Working on index: (5, 2, 1)
    Raw mean ± std: 0.0205225 ± 0.0003110. Shifted mean: 0.0205225
  Working on index: (5, 2, 2)
    Raw mean ± std: 0.0110419 ± 0.0004360. Shifted mean: 0.0110419
  Working on index: (6, 1, 1)
    Raw mean ± std: 0.0209123 ± 0.0017050. Shifted mean: 0.0209123
  Working on index: (6, 1, 2)
    Raw mean ± std: 0.0190616 ± 0.0044659. Shifted mean: 0.0190616
  Working on index: (6, 2, 1)
    Raw mean ± std: 0.0103046 ± 0.0005016. Shifted mean: 0.0103046
  Working on index: (6, 2, 2)
    Raw mean ± std: 0.0055375 ± 0.0008241. Shifted mean: 0.0055375
Merging true_to_tag using ['../histos/rdx-26_04_26_04_05-true_to_tag_glacier-2018-no_DLLmu_cut-corrected', '../histos/rdx-26_02_06_15_45-true_to_tag_lxplus-2018-no_DLLmu_cut', '../histos/rdx-26_02_09_06_33-true_to_tag_local-2018-no_DLLmu_cut']...
Copy piTrueToGTag_18 and shift means...
  Working on index: (1, 1, 1)
    Raw mean ± std: 0.0857131 ± 0.0001629. Shifted mean: 0.0857131
  Working on index: (1, 1, 2)
    Raw mean ± std: 0.1609053 ± 0.0003286. Shifted mean: 0.1609053
  Working on index: (1, 2, 1)
    Raw mean ± std: 0.1478634 ± 0.0019756. Shifted mean: 0.1478634
  Working on index: (1, 2, 2)
    Raw mean ± std: 0.2804619 ± 0.0039246. Shifted mean: 0.2804619
  Working on index: (2, 1, 1)
    Raw mean ± std: 0.0777026 ± 0.0001012. Shifted mean: 0.0777026
  Working on index: (2, 1, 2)
    Raw mean ± std: 0.1399240 ± 0.0001954. Shifted mean: 0.1399240
  Working on index: (2, 2, 1)
    Raw mean ± std: 0.1348127 ± 0.0005688. Shifted mean: 0.1348127
  Working on index: (2, 2, 2)
    Raw mean ± std: 0.2429074 ± 0.0011249. Shifted mean: 0.2429074
  Working on index: (3, 1, 1)
    Raw mean ± std: 0.0556341 ± 0.0000726. Shifted mean: 0.0556341
  Working on index: (3, 1, 2)
    Raw mean ± std: 0.1024168 ± 0.0001397. Shifted mean: 0.1024168
  Working on index: (3, 2, 1)
    Raw mean ± std: 0.0903228 ± 0.0003029. Shifted mean: 0.0903228
  Working on index: (3, 2, 2)
    Raw mean ± std: 0.1570506 ± 0.0005760. Shifted mean: 0.1570506
  Working on index: (4, 1, 1)
    Raw mean ± std: 0.0426010 ± 0.0000557. Shifted mean: 0.0426010
  Working on index: (4, 1, 2)
    Raw mean ± std: 0.0819263 ± 0.0001065. Shifted mean: 0.0819263
  Working on index: (4, 2, 1)
    Raw mean ± std: 0.0640566 ± 0.0001640. Shifted mean: 0.0640566
  Working on index: (4, 2, 2)
    Raw mean ± std: 0.1119095 ± 0.0003055. Shifted mean: 0.1119095
  Working on index: (5, 1, 1)
    Raw mean ± std: 0.0220059 ± 0.0000467. Shifted mean: 0.0220059
  Working on index: (5, 1, 2)
    Raw mean ± std: 0.0490936 ± 0.0000905. Shifted mean: 0.0490936
  Working on index: (5, 2, 1)
    Raw mean ± std: 0.0376824 ± 0.0000890. Shifted mean: 0.0376824
  Working on index: (5, 2, 2)
    Raw mean ± std: 0.0717075 ± 0.0001655. Shifted mean: 0.0717075
  Working on index: (6, 1, 1)
    Raw mean ± std: 0.0333638 ± 0.0001298. Shifted mean: 0.0333638
  Working on index: (6, 1, 2)
    Raw mean ± std: 0.0580451 ± 0.0002276. Shifted mean: 0.0580451
  Working on index: (6, 2, 1)
    Raw mean ± std: 0.0518437 ± 0.0001452. Shifted mean: 0.0518437
  Working on index: (6, 2, 2)
    Raw mean ± std: 0.0829396 ± 0.0002478. Shifted mean: 0.0829396
Combining kTrueToMuTag_18...
  Working on index: (1, 1, 1)
    Raw mean ± std: 0.0075613 ± 0.0006445. Shifted mean: 0.0075613
    Raw mean ± std: 0.9189116 ± 0.0003835. Shifted mean: 0.9189116
  Working on index: (1, 1, 2)
    Raw mean ± std: 0.0080296 ± 0.0004146. Shifted mean: 0.0080296
    Raw mean ± std: 0.8989571 ± 0.0006400. Shifted mean: 0.8989571
  Working on index: (1, 2, 1)
    Raw mean ± std: 0.0265119 ± 0.0049229. Shifted mean: 0.0265119
    Raw mean ± std: 0.8903086 ± 0.0064520. Shifted mean: 0.8903086
  Working on index: (1, 2, 2)
    Raw mean ± std: 0.0227116 ± 0.0034382. Shifted mean: 0.0227116
    Raw mean ± std: 0.8544964 ± 0.0322500. Shifted mean: 0.8544963
  Working on index: (2, 1, 1)
    Raw mean ± std: 0.0041813 ± 0.0000810. Shifted mean: 0.0041813
    Raw mean ± std: 0.9441485 ± 0.0001184. Shifted mean: 0.9441485
  Working on index: (2, 1, 2)
    Raw mean ± std: 0.0053642 ± 0.0001404. Shifted mean: 0.0053642
    Raw mean ± std: 0.9283419 ± 0.0003458. Shifted mean: 0.9283419
  Working on index: (2, 2, 1)
    Raw mean ± std: 0.0098681 ± 0.0007586. Shifted mean: 0.0098681
    Raw mean ± std: 0.9347352 ± 0.0009586. Shifted mean: 0.9347352
  Working on index: (2, 2, 2)
    Raw mean ± std: 0.0118788 ± 0.0010903. Shifted mean: 0.0118788
    Raw mean ± std: 0.9024545 ± 0.0014151. Shifted mean: 0.9024545
  Working on index: (3, 1, 1)
    Raw mean ± std: 0.0016630 ± 0.0000622. Shifted mean: 0.0016630
    Raw mean ± std: 0.9740793 ± 0.0000697. Shifted mean: 0.9740793
  Working on index: (3, 1, 2)
    Raw mean ± std: 0.0021210 ± 0.0001035. Shifted mean: 0.0021210
    Raw mean ± std: 0.9677455 ± 0.0001145. Shifted mean: 0.9677455
  Working on index: (3, 2, 1)
    Raw mean ± std: 0.0041749 ± 0.0003127. Shifted mean: 0.0041749
    Raw mean ± std: 0.9677095 ± 0.0004540. Shifted mean: 0.9677095
  Working on index: (3, 2, 2)
    Raw mean ± std: 0.0047524 ± 0.0005388. Shifted mean: 0.0047524
    Raw mean ± std: 0.9531347 ± 0.0005096. Shifted mean: 0.9531347
  Working on index: (4, 1, 1)
    Raw mean ± std: 0.0009541 ± 0.0000497. Shifted mean: 0.0009541
    Raw mean ± std: 0.9830228 ± 0.0000559. Shifted mean: 0.9830228
  Working on index: (4, 1, 2)
    Raw mean ± std: 0.0010370 ± 0.0000716. Shifted mean: 0.0010370
    Raw mean ± std: 0.9808963 ± 0.0000835. Shifted mean: 0.9808963
  Working on index: (4, 2, 1)
    Raw mean ± std: 0.0022752 ± 0.0001559. Shifted mean: 0.0022752
    Raw mean ± std: 0.9796051 ± 0.0002235. Shifted mean: 0.9796051
  Working on index: (4, 2, 2)
    Raw mean ± std: 0.0022654 ± 0.0002049. Shifted mean: 0.0022654
    Raw mean ± std: 0.9696996 ± 0.0002773. Shifted mean: 0.9696996
  Working on index: (5, 1, 1)
    Raw mean ± std: 0.0024200 ± 0.0000346. Shifted mean: 0.0024200
    Raw mean ± std: 0.9881117 ± 0.0000600. Shifted mean: 0.9881117
  Working on index: (5, 1, 2)
    Raw mean ± std: 0.0021231 ± 0.0000436. Shifted mean: 0.0021231
    Raw mean ± std: 0.9879025 ± 0.0000845. Shifted mean: 0.9879025
  Working on index: (5, 2, 1)
    Raw mean ± std: 0.0021427 ± 0.0000565. Shifted mean: 0.0021427
    Raw mean ± std: 0.9893622 ± 0.0001194. Shifted mean: 0.9893622
  Working on index: (5, 2, 2)
    Raw mean ± std: 0.0019751 ± 0.0000752. Shifted mean: 0.0019751
    Raw mean ± std: 0.9864321 ± 0.0001728. Shifted mean: 0.9864321
  Working on index: (6, 1, 1)
    Raw mean ± std: 0.0037611 ± 0.0000956. Shifted mean: 0.0037611
    Raw mean ± std: 0.9912173 ± 0.0001495. Shifted mean: 0.9912173
  Working on index: (6, 1, 2)
    Raw mean ± std: 0.0034300 ± 0.0001210. Shifted mean: 0.0034300
    Raw mean ± std: 0.9906979 ± 0.0002220. Shifted mean: 0.9906979
  Working on index: (6, 2, 1)
    Raw mean ± std: 0.0019965 ± 0.0000586. Shifted mean: 0.0019965
    Raw mean ± std: 0.9922331 ± 0.0001297. Shifted mean: 0.9922331
  Working on index: (6, 2, 2)
    Raw mean ± std: 0.0017168 ± 0.0000743. Shifted mean: 0.0017168
    Raw mean ± std: 0.9900040 ± 0.0001900. Shifted mean: 0.9900040
Combining kTrueToMuTag_18_vmu...
  Working on index: (1, 1, 1)
    Raw mean ± std: 0.0728450 ± 0.0002388. Shifted mean: 0.0728450
    Raw mean ± std: 0.9189116 ± 0.0003835. Shifted mean: 0.9189116
  Working on index: (1, 1, 2)
    Raw mean ± std: 0.0908861 ± 0.0004306. Shifted mean: 0.0908861
    Raw mean ± std: 0.8989571 ± 0.0006400. Shifted mean: 0.8989571
  Working on index: (1, 2, 1)
    Raw mean ± std: 0.0672815 ± 0.0022413. Shifted mean: 0.0672815
    Raw mean ± std: 0.8903086 ± 0.0064520. Shifted mean: 0.8903086
  Working on index: (1, 2, 2)
    Raw mean ± std: 0.1044217 ± 0.0044690. Shifted mean: 0.1044217
    Raw mean ± std: 0.8544964 ± 0.0322500. Shifted mean: 0.8544963
  Working on index: (2, 1, 1)
    Raw mean ± std: 0.0508452 ± 0.0000883. Shifted mean: 0.0508452
    Raw mean ± std: 0.9441485 ± 0.0001184. Shifted mean: 0.9441485
  Working on index: (2, 1, 2)
    Raw mean ± std: 0.0644916 ± 0.0001564. Shifted mean: 0.0644916
    Raw mean ± std: 0.9283419 ± 0.0003458. Shifted mean: 0.9283419
  Working on index: (2, 2, 1)
    Raw mean ± std: 0.0543061 ± 0.0004812. Shifted mean: 0.0543061
    Raw mean ± std: 0.9347352 ± 0.0009586. Shifted mean: 0.9347352
  Working on index: (2, 2, 2)
    Raw mean ± std: 0.0834999 ± 0.0008203. Shifted mean: 0.0834999
    Raw mean ± std: 0.9024545 ± 0.0014151. Shifted mean: 0.9024545
  Working on index: (3, 1, 1)
    Raw mean ± std: 0.0239839 ± 0.0000467. Shifted mean: 0.0239839
    Raw mean ± std: 0.9740793 ± 0.0000697. Shifted mean: 0.9740793
  Working on index: (3, 1, 2)
    Raw mean ± std: 0.0294462 ± 0.0000859. Shifted mean: 0.0294462
    Raw mean ± std: 0.9677455 ± 0.0001145. Shifted mean: 0.9677455
  Working on index: (3, 2, 1)
    Raw mean ± std: 0.0275359 ± 0.0002476. Shifted mean: 0.0275359
    Raw mean ± std: 0.9677095 ± 0.0004540. Shifted mean: 0.9677095
  Working on index: (3, 2, 2)
    Raw mean ± std: 0.0411430 ± 0.0003535. Shifted mean: 0.0411430
    Raw mean ± std: 0.9531347 ± 0.0005096. Shifted mean: 0.9531347
  Working on index: (4, 1, 1)
    Raw mean ± std: 0.0161362 ± 0.0000362. Shifted mean: 0.0161362
    Raw mean ± std: 0.9830228 ± 0.0000559. Shifted mean: 0.9830228
  Working on index: (4, 1, 2)
    Raw mean ± std: 0.0180871 ± 0.0000581. Shifted mean: 0.0180871
    Raw mean ± std: 0.9808963 ± 0.0000835. Shifted mean: 0.9808963
  Working on index: (4, 2, 1)
    Raw mean ± std: 0.0180580 ± 0.0001224. Shifted mean: 0.0180580
    Raw mean ± std: 0.9796051 ± 0.0002235. Shifted mean: 0.9796051
  Working on index: (4, 2, 2)
    Raw mean ± std: 0.0275156 ± 0.0001937. Shifted mean: 0.0275156
    Raw mean ± std: 0.9696996 ± 0.0002773. Shifted mean: 0.9696996
  Working on index: (5, 1, 1)
    Raw mean ± std: 0.0097988 ± 0.0000379. Shifted mean: 0.0097988
    Raw mean ± std: 0.9881117 ± 0.0000600. Shifted mean: 0.9881117
  Working on index: (5, 1, 2)
    Raw mean ± std: 0.0103057 ± 0.0000556. Shifted mean: 0.0103057
    Raw mean ± std: 0.9879025 ± 0.0000845. Shifted mean: 0.9879025
  Working on index: (5, 2, 1)
    Raw mean ± std: 0.0088540 ± 0.0000669. Shifted mean: 0.0088540
    Raw mean ± std: 0.9893622 ± 0.0001194. Shifted mean: 0.9893622
  Working on index: (5, 2, 2)
    Raw mean ± std: 0.0118706 ± 0.0001062. Shifted mean: 0.0118706
    Raw mean ± std: 0.9864321 ± 0.0001728. Shifted mean: 0.9864321
  Working on index: (6, 1, 1)
    Raw mean ± std: 0.0054049 ± 0.0000940. Shifted mean: 0.0054049
    Raw mean ± std: 0.9912173 ± 0.0001495. Shifted mean: 0.9912173
  Working on index: (6, 1, 2)
    Raw mean ± std: 0.0065058 ± 0.0001429. Shifted mean: 0.0065058
    Raw mean ± std: 0.9906979 ± 0.0002220. Shifted mean: 0.9906979
  Working on index: (6, 2, 1)
    Raw mean ± std: 0.0059896 ± 0.0001071. Shifted mean: 0.0059896
    Raw mean ± std: 0.9922331 ± 0.0001297. Shifted mean: 0.9922331
  Working on index: (6, 2, 2)
    Raw mean ± std: 0.0085709 ± 0.0001757. Shifted mean: 0.0085709
    Raw mean ± std: 0.9900040 ± 0.0001900. Shifted mean: 0.9900040
Combining pTrueToMuTag_18...
  Working on index: (1, 1, 1)
    Raw mean ± std: 0.0006265 ± 0.0000835. Shifted mean: 0.0006265
    Raw mean ± std: 0.9899160 ± 0.0002574. Shifted mean: 0.9899160
  Working on index: (1, 1, 2)
    Raw mean ± std: 0.0012398 ± 0.0001293. Shifted mean: 0.0012398
    Raw mean ± std: 0.9822830 ± 0.0004023. Shifted mean: 0.9822830
  Working on index: (1, 2, 1)
    INFO: Raw mean not in [0, 1]!
    WARNING: Raw and shifted means are significantly different!
    Raw mean ± std: -0.0000885 ± 0.0011932. Shifted mean: 0.0007727
    Raw mean ± std: 0.9755381 ± 0.0025977. Shifted mean: 0.9755381
  Working on index: (1, 2, 2)
    INFO: Raw mean not in [0, 1]!
    WARNING: Raw and shifted means are significantly different!
    Raw mean ± std: -0.0172806 ± 0.0050019. Shifted mean: 0.0009136
    INFO: Raw mean not in [0, 1]!
    Raw mean ± std: 1.0407551 ± 0.0131111. Shifted mean: 0.9973865
  Working on index: (2, 1, 1)
    Raw mean ± std: 0.0003224 ± 0.0000184. Shifted mean: 0.0003224
    Raw mean ± std: 0.9827124 ± 0.0000838. Shifted mean: 0.9827124
  Working on index: (2, 1, 2)
    Raw mean ± std: 0.0006923 ± 0.0000263. Shifted mean: 0.0006923
    Raw mean ± std: 0.9732487 ± 0.0001176. Shifted mean: 0.9732487
  Working on index: (2, 2, 1)
    Raw mean ± std: 0.0021286 ± 0.0000672. Shifted mean: 0.0021286
    Raw mean ± std: 0.9685037 ± 0.0001897. Shifted mean: 0.9685037
  Working on index: (2, 2, 2)
    Raw mean ± std: 0.0037408 ± 0.0001069. Shifted mean: 0.0037408
    Raw mean ± std: 0.9418717 ± 0.0003341. Shifted mean: 0.9418717
  Working on index: (3, 1, 1)
    Raw mean ± std: 0.0001017 ± 0.0000128. Shifted mean: 0.0001017
    Raw mean ± std: 0.9904324 ± 0.0000538. Shifted mean: 0.9904324
  Working on index: (3, 1, 2)
    Raw mean ± std: 0.0002276 ± 0.0000157. Shifted mean: 0.0002276
    Raw mean ± std: 0.9808035 ± 0.0000832. Shifted mean: 0.9808035
  Working on index: (3, 2, 1)
    Raw mean ± std: 0.0008806 ± 0.0000279. Shifted mean: 0.0008806
    Raw mean ± std: 0.9867529 ± 0.0000767. Shifted mean: 0.9867529
  Working on index: (3, 2, 2)
    Raw mean ± std: 0.0014814 ± 0.0000408. Shifted mean: 0.0014814
    Raw mean ± std: 0.9721753 ± 0.0001326. Shifted mean: 0.9721753
  Working on index: (4, 1, 1)
    Raw mean ± std: 0.0000667 ± 0.0000104. Shifted mean: 0.0000667
    Raw mean ± std: 0.9978038 ± 0.0000235. Shifted mean: 0.9978038
  Working on index: (4, 1, 2)
    Raw mean ± std: 0.0000802 ± 0.0000105. Shifted mean: 0.0000802
    Raw mean ± std: 0.9953788 ± 0.0000353. Shifted mean: 0.9953788
  Working on index: (4, 2, 1)
    Raw mean ± std: 0.0003023 ± 0.0000134. Shifted mean: 0.0003023
    Raw mean ± std: 0.9924628 ± 0.0000443. Shifted mean: 0.9924628
  Working on index: (4, 2, 2)
    Raw mean ± std: 0.0006338 ± 0.0000197. Shifted mean: 0.0006338
    Raw mean ± std: 0.9825014 ± 0.0000774. Shifted mean: 0.9825014
  Working on index: (5, 1, 1)
    Raw mean ± std: 0.0000597 ± 0.0000103. Shifted mean: 0.0000597
    Raw mean ± std: 0.9992137 ± 0.0000163. Shifted mean: 0.9992137
  Working on index: (5, 1, 2)
    Raw mean ± std: 0.0000224 ± 0.0000114. Shifted mean: 0.0000227
    Raw mean ± std: 0.9989715 ± 0.0000203. Shifted mean: 0.9989715
  Working on index: (5, 2, 1)
    Raw mean ± std: 0.0001190 ± 0.0000099. Shifted mean: 0.0001190
    Raw mean ± std: 0.9969050 ± 0.0000316. Shifted mean: 0.9969050
  Working on index: (5, 2, 2)
    Raw mean ± std: 0.0002369 ± 0.0000138. Shifted mean: 0.0002369
    Raw mean ± std: 0.9920783 ± 0.0000561. Shifted mean: 0.9920783
  Working on index: (6, 1, 1)
    Raw mean ± std: 0.0000364 ± 0.0000256. Shifted mean: 0.0000389
    Raw mean ± std: 0.9989482 ± 0.0000421. Shifted mean: 0.9989482
  Working on index: (6, 1, 2)
    Raw mean ± std: 0.0000161 ± 0.0000332. Shifted mean: 0.0000295
    Raw mean ± std: 0.9987728 ± 0.0000573. Shifted mean: 0.9987728
  Working on index: (6, 2, 1)
    Raw mean ± std: 0.0000383 ± 0.0000138. Shifted mean: 0.0000384
    Raw mean ± std: 0.9985170 ± 0.0000332. Shifted mean: 0.9985170
  Working on index: (6, 2, 2)
    Raw mean ± std: 0.0000593 ± 0.0000165. Shifted mean: 0.0000593
    Raw mean ± std: 0.9969527 ± 0.0000516. Shifted mean: 0.9969527
Copy piTrueToPiTag_18 and shift means...
  Working on index: (1, 1, 1)
    Raw mean ± std: 0.9132584 ± 0.0001641. Shifted mean: 0.9132584
  Working on index: (1, 1, 2)
    Raw mean ± std: 0.8367514 ± 0.0003307. Shifted mean: 0.8367514
  Working on index: (1, 2, 1)
    Raw mean ± std: 0.8491591 ± 0.0019914. Shifted mean: 0.8491591
  Working on index: (1, 2, 2)
    Raw mean ± std: 0.7136526 ± 0.0039479. Shifted mean: 0.7136526
  Working on index: (2, 1, 1)
    Raw mean ± std: 0.9128908 ± 0.0001065. Shifted mean: 0.9128908
  Working on index: (2, 1, 2)
    Raw mean ± std: 0.8453876 ± 0.0002035. Shifted mean: 0.8453876
  Working on index: (2, 2, 1)
    Raw mean ± std: 0.8557877 ± 0.0005860. Shifted mean: 0.8557877
  Working on index: (2, 2, 2)
    Raw mean ± std: 0.7414731 ± 0.0011460. Shifted mean: 0.7414731
  Working on index: (3, 1, 1)
    Raw mean ± std: 0.8945827 ± 0.0000965. Shifted mean: 0.8945827
  Working on index: (3, 1, 2)
    Raw mean ± std: 0.8270993 ± 0.0001735. Shifted mean: 0.8270993
  Working on index: (3, 2, 1)
    Raw mean ± std: 0.8686504 ± 0.0003557. Shifted mean: 0.8686504
  Working on index: (3, 2, 2)
    Raw mean ± std: 0.7768332 ± 0.0006533. Shifted mean: 0.7768332
  Working on index: (4, 1, 1)
    Raw mean ± std: 0.9085452 ± 0.0000786. Shifted mean: 0.9085452
  Working on index: (4, 1, 2)
    Raw mean ± std: 0.8492899 ± 0.0001387. Shifted mean: 0.8492899
  Working on index: (4, 2, 1)
    Raw mean ± std: 0.8779673 ± 0.0002160. Shifted mean: 0.8779673
  Working on index: (4, 2, 2)
    Raw mean ± std: 0.8031906 ± 0.0003807. Shifted mean: 0.8031906
  Working on index: (5, 1, 1)
    Raw mean ± std: 0.9009687 ± 0.0000861. Shifted mean: 0.9009687
  Working on index: (5, 1, 2)
    Raw mean ± std: 0.8593210 ± 0.0001408. Shifted mean: 0.8593210
  Working on index: (5, 2, 1)
    Raw mean ± std: 0.8749255 ± 0.0001449. Shifted mean: 0.8749255
  Working on index: (5, 2, 2)
    Raw mean ± std: 0.8136570 ± 0.0002420. Shifted mean: 0.8136570
  Working on index: (6, 1, 1)
    Raw mean ± std: 0.7666570 ± 0.0002603. Shifted mean: 0.7666570
  Working on index: (6, 1, 2)
    Raw mean ± std: 0.7223494 ± 0.0003921. Shifted mean: 0.7223494
  Working on index: (6, 2, 1)
    Raw mean ± std: 0.7410127 ± 0.0002607. Shifted mean: 0.7410127
  Working on index: (6, 2, 2)
    Raw mean ± std: 0.6788025 ± 0.0003912. Shifted mean: 0.6788025
Copy kTrueToPiTag_18 and shift means...
  Working on index: (1, 1, 1)
    Raw mean ± std: 0.0361323 ± 0.0005452. Shifted mean: 0.0361323
  Working on index: (1, 1, 2)
    Raw mean ± std: 0.0537508 ± 0.0008185. Shifted mean: 0.0537508
  Working on index: (1, 2, 1)
    Raw mean ± std: 0.1185412 ± 0.0070414. Shifted mean: 0.1185412
  Working on index: (1, 2, 2)
    Raw mean ± std: 0.1114010 ± 0.0107938. Shifted mean: 0.1114010
  Working on index: (2, 1, 1)
    Raw mean ± std: 0.0103648 ± 0.0001417. Shifted mean: 0.0103648
  Working on index: (2, 1, 2)
    Raw mean ± std: 0.0191308 ± 0.0002157. Shifted mean: 0.0191308
  Working on index: (2, 2, 1)
    Raw mean ± std: 0.0893969 ± 0.0011513. Shifted mean: 0.0893969
  Working on index: (2, 2, 2)
    Raw mean ± std: 0.1259935 ± 0.0017657. Shifted mean: 0.1259935
  Working on index: (3, 1, 1)
    Raw mean ± std: 0.0030978 ± 0.0000696. Shifted mean: 0.0030978
  Working on index: (3, 1, 2)
    Raw mean ± std: 0.0049394 ± 0.0001030. Shifted mean: 0.0049394
  Working on index: (3, 2, 1)
    Raw mean ± std: 0.0356794 ± 0.0004285. Shifted mean: 0.0356794
  Working on index: (3, 2, 2)
    Raw mean ± std: 0.0649288 ± 0.0006792. Shifted mean: 0.0649288
  Working on index: (4, 1, 1)
    Raw mean ± std: 0.0014759 ± 0.0000389. Shifted mean: 0.0014759
  Working on index: (4, 1, 2)
    Raw mean ± std: 0.0022303 ± 0.0000555. Shifted mean: 0.0022303
  Working on index: (4, 2, 1)
    Raw mean ± std: 0.0149876 ± 0.0001750. Shifted mean: 0.0149876
  Working on index: (4, 2, 2)
    Raw mean ± std: 0.0291471 ± 0.0002805. Shifted mean: 0.0291471
  Working on index: (5, 1, 1)
    Raw mean ± std: 0.0195791 ± 0.0000430. Shifted mean: 0.0195791
  Working on index: (5, 1, 2)
    Raw mean ± std: 0.0232584 ± 0.0000635. Shifted mean: 0.0232584
  Working on index: (5, 2, 1)
    Raw mean ± std: 0.0236982 ± 0.0000874. Shifted mean: 0.0236982
  Working on index: (5, 2, 2)
    Raw mean ± std: 0.0338079 ± 0.0001364. Shifted mean: 0.0338079
  Working on index: (6, 1, 1)
    Raw mean ± std: 0.0917908 ± 0.0001622. Shifted mean: 0.0917908
  Working on index: (6, 1, 2)
    Raw mean ± std: 0.1008897 ± 0.0002398. Shifted mean: 0.1008897
  Working on index: (6, 2, 1)
    Raw mean ± std: 0.1175145 ± 0.0001832. Shifted mean: 0.1175145
  Working on index: (6, 2, 2)
    Raw mean ± std: 0.1301673 ± 0.0002670. Shifted mean: 0.1301673
Copy kTrueToETag_18 and shift means...
  Working on index: (1, 1, 1)
    Raw mean ± std: 0.0011615 ± 0.0000913. Shifted mean: 0.0011615
  Working on index: (1, 1, 2)
    Raw mean ± std: 0.0025212 ± 0.0001514. Shifted mean: 0.0025212
  Working on index: (1, 2, 1)
    Raw mean ± std: 0.0051468 ± 0.0012481. Shifted mean: 0.0051468
  Working on index: (1, 2, 2)
    Raw mean ± std: 0.0096782 ± 0.0019661. Shifted mean: 0.0096782
  Working on index: (2, 1, 1)
    Raw mean ± std: 0.0006862 ± 0.0000252. Shifted mean: 0.0006862
  Working on index: (2, 1, 2)
    Raw mean ± std: 0.0015432 ± 0.0000435. Shifted mean: 0.0015432
  Working on index: (2, 2, 1)
    Raw mean ± std: 0.0020924 ± 0.0002324. Shifted mean: 0.0020924
  Working on index: (2, 2, 2)
    Raw mean ± std: 0.0040021 ± 0.0003857. Shifted mean: 0.0040021
  Working on index: (3, 1, 1)
    Raw mean ± std: 0.0002065 ± 0.0000151. Shifted mean: 0.0002065
  Working on index: (3, 1, 2)
    Raw mean ± std: 0.0004292 ± 0.0000243. Shifted mean: 0.0004292
  Working on index: (3, 2, 1)
    Raw mean ± std: 0.0011091 ± 0.0000893. Shifted mean: 0.0011091
  Working on index: (3, 2, 2)
    Raw mean ± std: 0.0019279 ± 0.0001483. Shifted mean: 0.0019279
  Working on index: (4, 1, 1)
    Raw mean ± std: 0.0000852 ± 0.0000088. Shifted mean: 0.0000852
  Working on index: (4, 1, 2)
    Raw mean ± std: 0.0001877 ± 0.0000135. Shifted mean: 0.0001877
  Working on index: (4, 2, 1)
    Raw mean ± std: 0.0003066 ± 0.0000338. Shifted mean: 0.0003066
  Working on index: (4, 2, 2)
    Raw mean ± std: 0.0007191 ± 0.0000548. Shifted mean: 0.0007191
  Working on index: (5, 1, 1)
    Raw mean ± std: 0.0017282 ± 0.0000123. Shifted mean: 0.0017282
  Working on index: (5, 1, 2)
    Raw mean ± std: 0.0020718 ± 0.0000184. Shifted mean: 0.0020718
  Working on index: (5, 2, 1)
    Raw mean ± std: 0.0006267 ± 0.0000160. Shifted mean: 0.0006267
  Working on index: (5, 2, 2)
    Raw mean ± std: 0.0009636 ± 0.0000253. Shifted mean: 0.0009636
  Working on index: (6, 1, 1)
    Raw mean ± std: 0.0051394 ± 0.0000405. Shifted mean: 0.0051394
  Working on index: (6, 1, 2)
    Raw mean ± std: 0.0052350 ± 0.0000579. Shifted mean: 0.0052350
  Working on index: (6, 2, 1)
    Raw mean ± std: 0.0022927 ± 0.0000287. Shifted mean: 0.0022927
  Working on index: (6, 2, 2)
    Raw mean ± std: 0.0024294 ± 0.0000411. Shifted mean: 0.0024294
Copy piTrueToPTag_18 and shift means...
  Working on index: (1, 1, 1)
    Zero or negative efficiency uncertainty found (0.0). Manually set efficiency to 0.0.
  Working on index: (1, 1, 2)
    Zero or negative efficiency uncertainty found (0.0). Manually set efficiency to 0.0.
  Working on index: (1, 2, 1)
    Zero or negative efficiency uncertainty found (0.0). Manually set efficiency to 0.0.
  Working on index: (1, 2, 2)
    Zero or negative efficiency uncertainty found (0.0). Manually set efficiency to 0.0.
  Working on index: (2, 1, 1)
    Raw mean ± std: 0.0014559 ± 0.0000141. Shifted mean: 0.0014559
  Working on index: (2, 1, 2)
    Raw mean ± std: 0.0013987 ± 0.0000207. Shifted mean: 0.0013987
  Working on index: (2, 2, 1)
    Raw mean ± std: 0.0004378 ± 0.0000350. Shifted mean: 0.0004378
  Working on index: (2, 2, 2)
    Raw mean ± std: 0.0006715 ± 0.0000672. Shifted mean: 0.0006715
  Working on index: (3, 1, 1)
    Raw mean ± std: 0.0257622 ± 0.0000489. Shifted mean: 0.0257622
  Working on index: (3, 1, 2)
    Raw mean ± std: 0.0365233 ± 0.0000852. Shifted mean: 0.0365233
  Working on index: (3, 2, 1)
    Raw mean ± std: 0.0166178 ± 0.0001309. Shifted mean: 0.0166178
  Working on index: (3, 2, 2)
    Raw mean ± std: 0.0296153 ± 0.0002607. Shifted mean: 0.0296153
  Working on index: (4, 1, 1)
    Raw mean ± std: 0.0204331 ± 0.0000374. Shifted mean: 0.0204331
  Working on index: (4, 1, 2)
    Raw mean ± std: 0.0361072 ± 0.0000708. Shifted mean: 0.0361072
  Working on index: (4, 2, 1)
    Raw mean ± std: 0.0312099 ± 0.0001114. Shifted mean: 0.0312099
  Working on index: (4, 2, 2)
    Raw mean ± std: 0.0469653 ± 0.0001982. Shifted mean: 0.0469653
  Working on index: (5, 1, 1)
    Raw mean ± std: 0.0067154 ± 0.0000246. Shifted mean: 0.0067154
  Working on index: (5, 1, 2)
    Raw mean ± std: 0.0135580 ± 0.0000483. Shifted mean: 0.0135580
  Working on index: (5, 2, 1)
    Raw mean ± std: 0.0332120 ± 0.0000751. Shifted mean: 0.0332120
  Working on index: (5, 2, 2)
    Raw mean ± std: 0.0462166 ± 0.0001267. Shifted mean: 0.0462166
  Working on index: (6, 1, 1)
    Raw mean ± std: 0.0199740 ± 0.0000867. Shifted mean: 0.0199740
  Working on index: (6, 1, 2)
    Raw mean ± std: 0.0267811 ± 0.0001424. Shifted mean: 0.0267811
  Working on index: (6, 2, 1)
    Raw mean ± std: 0.0347005 ± 0.0001101. Shifted mean: 0.0347005
  Working on index: (6, 2, 2)
    Raw mean ± std: 0.0486464 ± 0.0001832. Shifted mean: 0.0486464
Copy pTrueToETag_18 and shift means...
  Working on index: (1, 1, 1)
    Raw mean ± std: 0.0020681 ± 0.0001195. Shifted mean: 0.0020681
  Working on index: (1, 1, 2)
    Raw mean ± std: 0.0049731 ± 0.0002026. Shifted mean: 0.0049731
  Working on index: (1, 2, 1)
    Raw mean ± std: 0.0094136 ± 0.0011780. Shifted mean: 0.0094136
  Working on index: (1, 2, 2)
    Raw mean ± std: 0.0181810 ± 0.0036832. Shifted mean: 0.0181810
  Working on index: (2, 1, 1)
    Raw mean ± std: 0.0012505 ± 0.0000245. Shifted mean: 0.0012505
  Working on index: (2, 1, 2)
    Raw mean ± std: 0.0023771 ± 0.0000365. Shifted mean: 0.0023771
  Working on index: (2, 2, 1)
    Raw mean ± std: 0.0055624 ± 0.0000838. Shifted mean: 0.0055624
  Working on index: (2, 2, 2)
    Raw mean ± std: 0.0071452 ± 0.0001209. Shifted mean: 0.0071452
  Working on index: (3, 1, 1)
    Raw mean ± std: 0.0005092 ± 0.0000161. Shifted mean: 0.0005092
  Working on index: (3, 1, 2)
    Raw mean ± std: 0.0010411 ± 0.0000222. Shifted mean: 0.0010411
  Working on index: (3, 2, 1)
    Raw mean ± std: 0.0024326 ± 0.0000350. Shifted mean: 0.0024326
  Working on index: (3, 2, 2)
    Raw mean ± std: 0.0038935 ± 0.0000527. Shifted mean: 0.0038935
  Working on index: (4, 1, 1)
    Raw mean ± std: 0.0003717 ± 0.0000155. Shifted mean: 0.0003717
  Working on index: (4, 1, 2)
    Raw mean ± std: 0.0006407 ± 0.0000178. Shifted mean: 0.0006407
  Working on index: (4, 2, 1)
    Raw mean ± std: 0.0010958 ± 0.0000193. Shifted mean: 0.0010958
  Working on index: (4, 2, 2)
    Raw mean ± std: 0.0019194 ± 0.0000287. Shifted mean: 0.0019194
  Working on index: (5, 1, 1)
    Raw mean ± std: 0.0003079 ± 0.0000157. Shifted mean: 0.0003079
  Working on index: (5, 1, 2)
    Raw mean ± std: 0.0004289 ± 0.0000180. Shifted mean: 0.0004289
  Working on index: (5, 2, 1)
    Raw mean ± std: 0.0004640 ± 0.0000148. Shifted mean: 0.0004640
  Working on index: (5, 2, 2)
    Raw mean ± std: 0.0008578 ± 0.0000211. Shifted mean: 0.0008578
  Working on index: (6, 1, 1)
    Raw mean ± std: 0.0006395 ± 0.0000386. Shifted mean: 0.0006395
  Working on index: (6, 1, 2)
    Raw mean ± std: 0.0007955 ± 0.0000489. Shifted mean: 0.0007955
  Working on index: (6, 2, 1)
    Raw mean ± std: 0.0002465 ± 0.0000206. Shifted mean: 0.0002465
  Working on index: (6, 2, 2)
    Raw mean ± std: 0.0003483 ± 0.0000230. Shifted mean: 0.0003483
Copy kTrueToKTag_18 and shift means...
  Working on index: (1, 1, 1)
    Zero or negative efficiency uncertainty found (0.0). Manually set efficiency to 0.0.
  Working on index: (1, 1, 2)
    Zero or negative efficiency uncertainty found (0.0). Manually set efficiency to 0.0.
  Working on index: (1, 2, 1)
    Zero or negative efficiency uncertainty found (0.0). Manually set efficiency to 0.0.
  Working on index: (1, 2, 2)
    Zero or negative efficiency uncertainty found (0.0). Manually set efficiency to 0.0.
  Working on index: (2, 1, 1)
    Raw mean ± std: 0.1422675 ± 0.0001674. Shifted mean: 0.1422675
  Working on index: (2, 1, 2)
    Raw mean ± std: 0.1317060 ± 0.0002333. Shifted mean: 0.1317060
  Working on index: (2, 2, 1)
    Raw mean ± std: 0.1440839 ± 0.0007663. Shifted mean: 0.1440839
  Working on index: (2, 2, 2)
    Raw mean ± std: 0.1131422 ± 0.0010348. Shifted mean: 0.1131422
  Working on index: (3, 1, 1)
    Raw mean ± std: 0.8639850 ± 0.0001341. Shifted mean: 0.8639850
  Working on index: (3, 1, 2)
    Raw mean ± std: 0.7887485 ± 0.0002208. Shifted mean: 0.7887485
  Working on index: (3, 2, 1)
    Raw mean ± std: 0.7200771 ± 0.0006040. Shifted mean: 0.7200771
  Working on index: (3, 2, 2)
    Raw mean ± std: 0.5823076 ± 0.0009285. Shifted mean: 0.5823076
  Working on index: (4, 1, 1)
    Raw mean ± std: 0.9280863 ± 0.0000801. Shifted mean: 0.9280863
  Working on index: (4, 1, 2)
    Raw mean ± std: 0.8606918 ± 0.0001429. Shifted mean: 0.8606918
  Working on index: (4, 2, 1)
    Raw mean ± std: 0.8324655 ± 0.0002886. Shifted mean: 0.8324655
  Working on index: (4, 2, 2)
    Raw mean ± std: 0.7334151 ± 0.0004752. Shifted mean: 0.7334151
  Working on index: (5, 1, 1)
    Raw mean ± std: 0.9426995 ± 0.0000683. Shifted mean: 0.9426995
  Working on index: (5, 1, 2)
    Raw mean ± std: 0.8995206 ± 0.0001173. Shifted mean: 0.8995206
  Working on index: (5, 2, 1)
    Raw mean ± std: 0.8999588 ± 0.0001413. Shifted mean: 0.8999588
  Working on index: (5, 2, 2)
    Raw mean ± std: 0.8392203 ± 0.0002353. Shifted mean: 0.8392203
  Working on index: (6, 1, 1)
    Raw mean ± std: 0.8257239 ± 0.0002181. Shifted mean: 0.8257239
  Working on index: (6, 1, 2)
    Raw mean ± std: 0.7829208 ± 0.0003345. Shifted mean: 0.7829208
  Working on index: (6, 2, 1)
    Raw mean ± std: 0.7791731 ± 0.0002377. Shifted mean: 0.7791731
  Working on index: (6, 2, 2)
    Raw mean ± std: 0.7209480 ± 0.0003573. Shifted mean: 0.7209480
Combining piTrueToMuTag_18...
  Working on index: (1, 1, 1)
    Raw mean ± std: 0.0162575 ± 0.0008170. Shifted mean: 0.0162575
    Raw mean ± std: 0.8840626 ± 0.0003370. Shifted mean: 0.8840626
  Working on index: (1, 1, 2)
    Raw mean ± std: 0.0120115 ± 0.0013902. Shifted mean: 0.0120115
    Raw mean ± std: 0.8516792 ± 0.0005526. Shifted mean: 0.8516792
  Working on index: (1, 2, 1)
    Raw mean ± std: 0.0339293 ± 0.0120348. Shifted mean: 0.0339656
    Raw mean ± std: 0.9227285 ± 0.0041606. Shifted mean: 0.9227285
  Working on index: (1, 2, 2)
    Raw mean ± std: 0.0343291 ± 0.0173652. Shifted mean: 0.0348521
    Raw mean ± std: 0.8901601 ± 0.0121973. Shifted mean: 0.8901601
  Working on index: (2, 1, 1)
    Raw mean ± std: 0.0194516 ± 0.0005578. Shifted mean: 0.0194516
    Raw mean ± std: 0.9317528 ± 0.0001840. Shifted mean: 0.9317528
  Working on index: (2, 1, 2)
    Raw mean ± std: 0.0159930 ± 0.0008373. Shifted mean: 0.0159930
    Raw mean ± std: 0.9079573 ± 0.0003063. Shifted mean: 0.9079573
  Working on index: (2, 2, 1)
    Raw mean ± std: 0.0180748 ± 0.0033474. Shifted mean: 0.0180748
    Raw mean ± std: 0.9353633 ± 0.0014348. Shifted mean: 0.9353633
  Working on index: (2, 2, 2)
    Raw mean ± std: 0.0145919 ± 0.0010448. Shifted mean: 0.0145919
    Raw mean ± std: 0.9043814 ± 0.0021227. Shifted mean: 0.9043814
  Working on index: (3, 1, 1)
    Raw mean ± std: 0.0151869 ± 0.0004417. Shifted mean: 0.0151869
    Raw mean ± std: 0.9753578 ± 0.0000977. Shifted mean: 0.9753578
  Working on index: (3, 1, 2)
    Raw mean ± std: 0.0142497 ± 0.0006502. Shifted mean: 0.0142497
    Raw mean ± std: 0.9674167 ± 0.0001680. Shifted mean: 0.9674167
  Working on index: (3, 2, 1)
    Raw mean ± std: 0.0156506 ± 0.0016640. Shifted mean: 0.0156506
    Raw mean ± std: 0.9681953 ± 0.0005566. Shifted mean: 0.9681953
  Working on index: (3, 2, 2)
    Raw mean ± std: 0.0137905 ± 0.0018944. Shifted mean: 0.0137905
    Raw mean ± std: 0.9547391 ± 0.0009367. Shifted mean: 0.9547391
  Working on index: (4, 1, 1)
    Raw mean ± std: 0.0098830 ± 0.0002418. Shifted mean: 0.0098830
    Raw mean ± std: 0.9872718 ± 0.0000637. Shifted mean: 0.9872718
  Working on index: (4, 1, 2)
    Raw mean ± std: 0.0094380 ± 0.0003198. Shifted mean: 0.0094380
    Raw mean ± std: 0.9846777 ± 0.0000933. Shifted mean: 0.9846777
  Working on index: (4, 2, 1)
    Raw mean ± std: 0.0111715 ± 0.0007351. Shifted mean: 0.0111715
    Raw mean ± std: 0.9815556 ± 0.0002295. Shifted mean: 0.9815556
  Working on index: (4, 2, 2)
    Raw mean ± std: 0.0104527 ± 0.0008815. Shifted mean: 0.0104527
    Raw mean ± std: 0.9733655 ± 0.0004100. Shifted mean: 0.9733655
  Working on index: (5, 1, 1)
    Raw mean ± std: 0.0072777 ± 0.0001435. Shifted mean: 0.0072777
    Raw mean ± std: 0.9932004 ± 0.0000454. Shifted mean: 0.9932004
  Working on index: (5, 1, 2)
    Raw mean ± std: 0.0067043 ± 0.0001988. Shifted mean: 0.0067043
    Raw mean ± std: 0.9925805 ± 0.0000686. Shifted mean: 0.9925805
  Working on index: (5, 2, 1)
    Raw mean ± std: 0.0062485 ± 0.0002529. Shifted mean: 0.0062485
    Raw mean ± std: 0.9920013 ± 0.0000892. Shifted mean: 0.9920013
  Working on index: (5, 2, 2)
    Raw mean ± std: 0.0057747 ± 0.0003788. Shifted mean: 0.0057747
    Raw mean ± std: 0.9891189 ± 0.0001468. Shifted mean: 0.9891189
  Working on index: (6, 1, 1)
    Raw mean ± std: 0.0033853 ± 0.0001497. Shifted mean: 0.0033853
    Raw mean ± std: 0.9957430 ± 0.0000870. Shifted mean: 0.9957430
  Working on index: (6, 1, 2)
    Raw mean ± std: 0.0028138 ± 0.0001756. Shifted mean: 0.0028138
    Raw mean ± std: 0.9956336 ± 0.0001262. Shifted mean: 0.9956336
  Working on index: (6, 2, 1)
    Raw mean ± std: 0.0033505 ± 0.0002958. Shifted mean: 0.0033505
    Raw mean ± std: 0.9948550 ± 0.0001305. Shifted mean: 0.9948550
  Working on index: (6, 2, 2)
    Raw mean ± std: 0.0026197 ± 0.0003090. Shifted mean: 0.0026197
    Raw mean ± std: 0.9929421 ± 0.0001979. Shifted mean: 0.9929421
Combining piTrueToMuTag_18_vmu...
  Working on index: (1, 1, 1)
    Raw mean ± std: 0.1012805 ± 0.0000894. Shifted mean: 0.1012805
    Raw mean ± std: 0.8840626 ± 0.0003370. Shifted mean: 0.8840626
  Working on index: (1, 1, 2)
    Raw mean ± std: 0.1339523 ± 0.0001753. Shifted mean: 0.1339523
    Raw mean ± std: 0.8516792 ± 0.0005526. Shifted mean: 0.8516792
  Working on index: (1, 2, 1)
    Raw mean ± std: 0.0681610 ± 0.0010002. Shifted mean: 0.0681610
    Raw mean ± std: 0.9227285 ± 0.0041606. Shifted mean: 0.9227285
  Working on index: (1, 2, 2)
    Raw mean ± std: 0.0987119 ± 0.0042324. Shifted mean: 0.0987119
    Raw mean ± std: 0.8901601 ± 0.0121973. Shifted mean: 0.8901601
  Working on index: (2, 1, 1)
    Raw mean ± std: 0.0543536 ± 0.0000499. Shifted mean: 0.0543536
    Raw mean ± std: 0.9317528 ± 0.0001840. Shifted mean: 0.9317528
  Working on index: (2, 1, 2)
    Raw mean ± std: 0.0773668 ± 0.0000947. Shifted mean: 0.0773668
    Raw mean ± std: 0.9079573 ± 0.0003063. Shifted mean: 0.9079573
  Working on index: (2, 2, 1)
    Raw mean ± std: 0.0474714 ± 0.0002933. Shifted mean: 0.0474714
    Raw mean ± std: 0.9353633 ± 0.0014348. Shifted mean: 0.9353633
  Working on index: (2, 2, 2)
    Raw mean ± std: 0.0785307 ± 0.0005828. Shifted mean: 0.0785307
    Raw mean ± std: 0.9043814 ± 0.0021227. Shifted mean: 0.9043814
  Working on index: (3, 1, 1)
    Raw mean ± std: 0.0119890 ± 0.0000317. Shifted mean: 0.0119890
    Raw mean ± std: 0.9753578 ± 0.0000977. Shifted mean: 0.9753578
  Working on index: (3, 1, 2)
    Raw mean ± std: 0.0197280 ± 0.0000608. Shifted mean: 0.0197280
    Raw mean ± std: 0.9674167 ± 0.0001680. Shifted mean: 0.9674167
  Working on index: (3, 2, 1)
    Raw mean ± std: 0.0178022 ± 0.0001164. Shifted mean: 0.0178022
    Raw mean ± std: 0.9681953 ± 0.0005566. Shifted mean: 0.9681953
  Working on index: (3, 2, 2)
    Raw mean ± std: 0.0314972 ± 0.0002279. Shifted mean: 0.0314972
    Raw mean ± std: 0.9547391 ± 0.0009367. Shifted mean: 0.9547391
  Working on index: (4, 1, 1)
    Raw mean ± std: 0.0037635 ± 0.0000236. Shifted mean: 0.0037635
    Raw mean ± std: 0.9872718 ± 0.0000637. Shifted mean: 0.9872718
  Working on index: (4, 1, 2)
    Raw mean ± std: 0.0066311 ± 0.0000655. Shifted mean: 0.0066311
    Raw mean ± std: 0.9846777 ± 0.0000933. Shifted mean: 0.9846777
  Working on index: (4, 2, 1)
    Raw mean ± std: 0.0088271 ± 0.0000921. Shifted mean: 0.0088271
    Raw mean ± std: 0.9815556 ± 0.0002295. Shifted mean: 0.9815556
  Working on index: (4, 2, 2)
    Raw mean ± std: 0.0172588 ± 0.0001819. Shifted mean: 0.0172588
    Raw mean ± std: 0.9733655 ± 0.0004100. Shifted mean: 0.9733655
  Working on index: (5, 1, 1)
    Raw mean ± std: 0.0014690 ± 0.0000229. Shifted mean: 0.0014690
    Raw mean ± std: 0.9932004 ± 0.0000454. Shifted mean: 0.9932004
  Working on index: (5, 1, 2)
    Raw mean ± std: 0.0024636 ± 0.0000426. Shifted mean: 0.0024636
    Raw mean ± std: 0.9925805 ± 0.0000686. Shifted mean: 0.9925805
  Working on index: (5, 2, 1)
    Raw mean ± std: 0.0032826 ± 0.0000549. Shifted mean: 0.0032826
    Raw mean ± std: 0.9920013 ± 0.0000892. Shifted mean: 0.9920013
  Working on index: (5, 2, 2)
    Raw mean ± std: 0.0063621 ± 0.0001168. Shifted mean: 0.0063621
    Raw mean ± std: 0.9891189 ± 0.0001468. Shifted mean: 0.9891189
  Working on index: (6, 1, 1)
    Raw mean ± std: 0.0013635 ± 0.0000311. Shifted mean: 0.0013635
    Raw mean ± std: 0.9957430 ± 0.0000870. Shifted mean: 0.9957430
  Working on index: (6, 1, 2)
    Raw mean ± std: 0.0018559 ± 0.0000552. Shifted mean: 0.0018559
    Raw mean ± std: 0.9956336 ± 0.0001262. Shifted mean: 0.9956336
  Working on index: (6, 2, 1)
    Raw mean ± std: 0.0026820 ± 0.0000529. Shifted mean: 0.0026820
    Raw mean ± std: 0.9948550 ± 0.0001305. Shifted mean: 0.9948550
  Working on index: (6, 2, 2)
    Raw mean ± std: 0.0048585 ± 0.0000981. Shifted mean: 0.0048585
    Raw mean ± std: 0.9929421 ± 0.0001979. Shifted mean: 0.9929421
Copy pTrueToKTag_18 and shift means...
  Working on index: (1, 1, 1)
    Zero or negative efficiency uncertainty found (0.0). Manually set efficiency to 0.0.
  Working on index: (1, 1, 2)
    Zero or negative efficiency uncertainty found (0.0). Manually set efficiency to 0.0.
  Working on index: (1, 2, 1)
    Zero or negative efficiency uncertainty found (0.0). Manually set efficiency to 0.0.
  Working on index: (1, 2, 2)
    Zero or negative efficiency uncertainty found (0.0). Manually set efficiency to 0.0.
  Working on index: (2, 1, 1)
    Raw mean ± std: 0.0934553 ± 0.0001838. Shifted mean: 0.0934553
  Working on index: (2, 1, 2)
    Raw mean ± std: 0.0907425 ± 0.0002041. Shifted mean: 0.0907425
  Working on index: (2, 2, 1)
    Raw mean ± std: 0.0843118 ± 0.0002815. Shifted mean: 0.0843118
  Working on index: (2, 2, 2)
    Raw mean ± std: 0.0663028 ± 0.0003114. Shifted mean: 0.0663028
  Working on index: (3, 1, 1)
    Raw mean ± std: 0.1483526 ± 0.0001911. Shifted mean: 0.1483526
  Working on index: (3, 1, 2)
    Raw mean ± std: 0.1718321 ± 0.0002266. Shifted mean: 0.1718321
  Working on index: (3, 2, 1)
    Raw mean ± std: 0.2277654 ± 0.0002655. Shifted mean: 0.2277654
  Working on index: (3, 2, 2)
    Raw mean ± std: 0.2056553 ± 0.0003078. Shifted mean: 0.2056553
  Working on index: (4, 1, 1)
    Raw mean ± std: 0.0146961 ± 0.0000584. Shifted mean: 0.0146961
  Working on index: (4, 1, 2)
    Raw mean ± std: 0.0230252 ± 0.0000771. Shifted mean: 0.0230252
  Working on index: (4, 2, 1)
    Raw mean ± std: 0.1608503 ± 0.0001811. Shifted mean: 0.1608503
  Working on index: (4, 2, 2)
    Raw mean ± std: 0.1875446 ± 0.0002242. Shifted mean: 0.1875446
  Working on index: (5, 1, 1)
    Raw mean ± std: 0.0052079 ± 0.0000454. Shifted mean: 0.0052079
  Working on index: (5, 1, 2)
    Raw mean ± std: 0.0074082 ± 0.0000544. Shifted mean: 0.0074082
  Working on index: (5, 2, 1)
    Raw mean ± std: 0.0455978 ± 0.0001140. Shifted mean: 0.0455978
  Working on index: (5, 2, 2)
    Raw mean ± std: 0.0742622 ± 0.0001623. Shifted mean: 0.0742622
  Working on index: (6, 1, 1)
    Raw mean ± std: 0.0182032 ± 0.0001470. Shifted mean: 0.0182032
  Working on index: (6, 1, 2)
    Raw mean ± std: 0.0216450 ± 0.0001939. Shifted mean: 0.0216450
  Working on index: (6, 2, 1)
    Raw mean ± std: 0.0271487 ± 0.0001321. Shifted mean: 0.0271487
  Working on index: (6, 2, 2)
    Raw mean ± std: 0.0345747 ± 0.0001668. Shifted mean: 0.0345747
Copy kTrueToPTag_18 and shift means...
  Working on index: (1, 1, 1)
    Zero or negative efficiency uncertainty found (0.0). Manually set efficiency to 0.0.
  Working on index: (1, 1, 2)
    Zero or negative efficiency uncertainty found (0.0). Manually set efficiency to 0.0.
  Working on index: (1, 2, 1)
    Zero or negative efficiency uncertainty found (0.0). Manually set efficiency to 0.0.
  Working on index: (1, 2, 2)
    Zero or negative efficiency uncertainty found (0.0). Manually set efficiency to 0.0.
  Working on index: (2, 1, 1)
    Raw mean ± std: 0.0066050 ± 0.0000385. Shifted mean: 0.0066050
  Working on index: (2, 1, 2)
    Raw mean ± std: 0.0054510 ± 0.0000509. Shifted mean: 0.0054510
  Working on index: (2, 2, 1)
    Raw mean ± std: 0.0041878 ± 0.0001395. Shifted mean: 0.0041878
  Working on index: (2, 2, 2)
    Raw mean ± std: 0.0031347 ± 0.0001878. Shifted mean: 0.0031347
  Working on index: (3, 1, 1)
    Raw mean ± std: 0.0423120 ± 0.0000704. Shifted mean: 0.0423120
  Working on index: (3, 1, 2)
    Raw mean ± std: 0.0605736 ± 0.0001205. Shifted mean: 0.0605736
  Working on index: (3, 2, 1)
    Raw mean ± std: 0.0733912 ± 0.0003055. Shifted mean: 0.0733912
  Working on index: (3, 2, 2)
    Raw mean ± std: 0.1053632 ± 0.0005351. Shifted mean: 0.1053632
  Working on index: (4, 1, 1)
    Raw mean ± std: 0.0302787 ± 0.0000466. Shifted mean: 0.0302787
  Working on index: (4, 1, 2)
    Raw mean ± std: 0.0543223 ± 0.0000877. Shifted mean: 0.0543223
  Working on index: (4, 2, 1)
    Raw mean ± std: 0.0683892 ± 0.0001702. Shifted mean: 0.0683892
  Working on index: (4, 2, 2)
    Raw mean ± std: 0.0991773 ± 0.0002960. Shifted mean: 0.0991773
  Working on index: (5, 1, 1)
    Raw mean ± std: 0.0095368 ± 0.0000256. Shifted mean: 0.0095368
  Working on index: (5, 1, 2)
    Raw mean ± std: 0.0175111 ± 0.0000483. Shifted mean: 0.0175111
  Working on index: (5, 2, 1)
    Raw mean ± std: 0.0315128 ± 0.0000737. Shifted mean: 0.0315128
  Working on index: (5, 2, 2)
    Raw mean ± std: 0.0445070 ± 0.0001240. Shifted mean: 0.0445070
  Working on index: (6, 1, 1)
    Raw mean ± std: 0.0368473 ± 0.0001044. Shifted mean: 0.0368473
  Working on index: (6, 1, 2)
    Raw mean ± std: 0.0437650 ± 0.0001602. Shifted mean: 0.0437650
  Working on index: (6, 2, 1)
    Raw mean ± std: 0.0417361 ± 0.0001120. Shifted mean: 0.0417361
  Working on index: (6, 2, 2)
    Raw mean ± std: 0.0545096 ± 0.0001783. Shifted mean: 0.0545096
Copy pTrueToPTag_18 and shift means...
  Working on index: (1, 1, 1)
    Zero or negative efficiency uncertainty found (0.0). Manually set efficiency to 0.0.
  Working on index: (1, 1, 2)
    Zero or negative efficiency uncertainty found (0.0). Manually set efficiency to 0.0.
  Working on index: (1, 2, 1)
    Zero or negative efficiency uncertainty found (0.0). Manually set efficiency to 0.0.
  Working on index: (1, 2, 2)
    Zero or negative efficiency uncertainty found (0.0). Manually set efficiency to 0.0.
  Working on index: (2, 1, 1)
    Raw mean ± std: 0.0171557 ± 0.0000819. Shifted mean: 0.0171557
  Working on index: (2, 1, 2)
    Raw mean ± std: 0.0108164 ± 0.0000734. Shifted mean: 0.0108164
  Working on index: (2, 2, 1)
    Raw mean ± std: 0.0125882 ± 0.0001123. Shifted mean: 0.0125882
  Working on index: (2, 2, 2)
    Raw mean ± std: 0.0055568 ± 0.0000928. Shifted mean: 0.0055568
  Working on index: (3, 1, 1)
    Raw mean ± std: 0.6394265 ± 0.0002594. Shifted mean: 0.6394265
  Working on index: (3, 1, 2)
    Raw mean ± std: 0.5331441 ± 0.0003007. Shifted mean: 0.5331441
  Working on index: (3, 2, 1)
    Raw mean ± std: 0.3527241 ± 0.0003034. Shifted mean: 0.3527241
  Working on index: (3, 2, 2)
    Raw mean ± std: 0.2706458 ± 0.0003391. Shifted mean: 0.2706458
  Working on index: (4, 1, 1)
    Raw mean ± std: 0.8948131 ± 0.0001435. Shifted mean: 0.8948131
  Working on index: (4, 1, 2)
    Raw mean ± std: 0.8296807 ± 0.0001902. Shifted mean: 0.8296807
  Working on index: (4, 2, 1)
    Raw mean ± std: 0.6024220 ± 0.0002434. Shifted mean: 0.6024220
  Working on index: (4, 2, 2)
    Raw mean ± std: 0.4768067 ± 0.0002892. Shifted mean: 0.4768067
  Working on index: (5, 1, 1)
    Raw mean ± std: 0.9140670 ± 0.0001273. Shifted mean: 0.9140670
  Working on index: (5, 1, 2)
    Raw mean ± std: 0.8627026 ± 0.0001704. Shifted mean: 0.8627026
  Working on index: (5, 2, 1)
    Raw mean ± std: 0.8113640 ± 0.0002170. Shifted mean: 0.8113640
  Working on index: (5, 2, 2)
    Raw mean ± std: 0.6982427 ± 0.0002876. Shifted mean: 0.6982427
  Working on index: (6, 1, 1)
    Raw mean ± std: 0.8718633 ± 0.0003369. Shifted mean: 0.8718633
  Working on index: (6, 1, 2)
    Raw mean ± std: 0.8170964 ± 0.0004643. Shifted mean: 0.8170964
  Working on index: (6, 2, 1)
    Raw mean ± std: 0.8417501 ± 0.0002920. Shifted mean: 0.8417501
  Working on index: (6, 2, 2)
    Raw mean ± std: 0.7747203 ± 0.0003747. Shifted mean: 0.7747203
Copy pTrueToGTag_18 and shift means...
  Working on index: (1, 1, 1)
    Raw mean ± std: 0.9666420 ± 0.0004988. Shifted mean: 0.9666420
  Working on index: (1, 1, 2)
    Raw mean ± std: 0.9430608 ± 0.0007277. Shifted mean: 0.9430608
  Working on index: (1, 2, 1)
    Raw mean ± std: 0.8126784 ± 0.0047329. Shifted mean: 0.8126784
  Working on index: (1, 2, 2)
    Raw mean ± std: 0.7344901 ± 0.0146849. Shifted mean: 0.7344901
  Working on index: (2, 1, 1)
    Raw mean ± std: 0.8712510 ± 0.0002159. Shifted mean: 0.8712510
  Working on index: (2, 1, 2)
    Raw mean ± std: 0.8689826 ± 0.0002473. Shifted mean: 0.8689826
  Working on index: (2, 2, 1)
    Raw mean ± std: 0.7269078 ± 0.0004710. Shifted mean: 0.7269078
  Working on index: (2, 2, 2)
    Raw mean ± std: 0.7172611 ± 0.0006157. Shifted mean: 0.7172611
  Working on index: (3, 1, 1)
    Raw mean ± std: 0.2052028 ± 0.0002174. Shifted mean: 0.2052028
  Working on index: (3, 1, 2)
    Raw mean ± std: 0.2826388 ± 0.0002716. Shifted mean: 0.2826388
  Working on index: (3, 2, 1)
    Raw mean ± std: 0.3356879 ± 0.0003028. Shifted mean: 0.3356879
  Working on index: (3, 2, 2)
    Raw mean ± std: 0.3951940 ± 0.0003846. Shifted mean: 0.3951940
  Working on index: (4, 1, 1)
    Raw mean ± std: 0.0862739 ± 0.0001244. Shifted mean: 0.0862739
  Working on index: (4, 1, 2)
    Raw mean ± std: 0.1410505 ± 0.0001720. Shifted mean: 0.1410505
  Working on index: (4, 2, 1)
    Raw mean ± std: 0.1837958 ± 0.0001930. Shifted mean: 0.1837958
  Working on index: (4, 2, 2)
    Raw mean ± std: 0.2471418 ± 0.0002533. Shifted mean: 0.2471418
  Working on index: (5, 1, 1)
    Raw mean ± std: 0.0769930 ± 0.0001083. Shifted mean: 0.0769930
  Working on index: (5, 1, 2)
    Raw mean ± std: 0.1249236 ± 0.0001543. Shifted mean: 0.1249236
  Working on index: (5, 2, 1)
    Raw mean ± std: 0.1170352 ± 0.0001766. Shifted mean: 0.1170352
  Working on index: (5, 2, 2)
    Raw mean ± std: 0.1816016 ± 0.0002414. Shifted mean: 0.1816016
  Working on index: (6, 1, 1)
    Raw mean ± std: 0.1006718 ± 0.0002834. Shifted mean: 0.1006718
  Working on index: (6, 1, 2)
    Raw mean ± std: 0.1496649 ± 0.0004097. Shifted mean: 0.1496649
  Working on index: (6, 2, 1)
    Raw mean ± std: 0.1168714 ± 0.0002514. Shifted mean: 0.1168714
  Working on index: (6, 2, 2)
    Raw mean ± std: 0.1715542 ± 0.0003344. Shifted mean: 0.1715542
Copy piTrueToETag_18 and shift means...
  Working on index: (1, 1, 1)
    Raw mean ± std: 0.0010285 ± 0.0000214. Shifted mean: 0.0010285
  Working on index: (1, 1, 2)
    Raw mean ± std: 0.0023433 ± 0.0000456. Shifted mean: 0.0023433
  Working on index: (1, 2, 1)
    Raw mean ± std: 0.0029775 ± 0.0003065. Shifted mean: 0.0029775
  Working on index: (1, 2, 2)
    Raw mean ± std: 0.0058855 ± 0.0007016. Shifted mean: 0.0058855
  Working on index: (2, 1, 1)
    Raw mean ± std: 0.0047009 ± 0.0000262. Shifted mean: 0.0047009
  Working on index: (2, 1, 2)
    Raw mean ± std: 0.0075049 ± 0.0000486. Shifted mean: 0.0075049
  Working on index: (2, 2, 1)
    Raw mean ± std: 0.0030829 ± 0.0001039. Shifted mean: 0.0030829
  Working on index: (2, 2, 2)
    Raw mean ± std: 0.0051551 ± 0.0001974. Shifted mean: 0.0051551
  Working on index: (3, 1, 1)
    Raw mean ± std: 0.0185751 ± 0.0000418. Shifted mean: 0.0185751
  Working on index: (3, 1, 2)
    Raw mean ± std: 0.0220462 ± 0.0000666. Shifted mean: 0.0220462
  Working on index: (3, 2, 1)
    Raw mean ± std: 0.0051561 ± 0.0000785. Shifted mean: 0.0051561
  Working on index: (3, 2, 2)
    Raw mean ± std: 0.0072751 ± 0.0001352. Shifted mean: 0.0072751
  Working on index: (4, 1, 1)
    Raw mean ± std: 0.0259218 ± 0.0000414. Shifted mean: 0.0259218
  Working on index: (4, 1, 2)
    Raw mean ± std: 0.0274347 ± 0.0000612. Shifted mean: 0.0274347
  Working on index: (4, 2, 1)
    Raw mean ± std: 0.0101800 ± 0.0000649. Shifted mean: 0.0101800
  Working on index: (4, 2, 2)
    Raw mean ± std: 0.0109742 ± 0.0000986. Shifted mean: 0.0109742
  Working on index: (5, 1, 1)
    Raw mean ± std: 0.0284041 ± 0.0000441. Shifted mean: 0.0284041
  Working on index: (5, 1, 2)
    Raw mean ± std: 0.0281268 ± 0.0000621. Shifted mean: 0.0281268
  Working on index: (5, 2, 1)
    Raw mean ± std: 0.0135017 ± 0.0000477. Shifted mean: 0.0135017
  Working on index: (5, 2, 2)
    Raw mean ± std: 0.0130117 ± 0.0000675. Shifted mean: 0.0130117
  Working on index: (6, 1, 1)
    Raw mean ± std: 0.0220389 ± 0.0000875. Shifted mean: 0.0220389
  Working on index: (6, 1, 2)
    Raw mean ± std: 0.0206375 ± 0.0001207. Shifted mean: 0.0206375
  Working on index: (6, 2, 1)
    Raw mean ± std: 0.0108867 ± 0.0000602. Shifted mean: 0.0108867
  Working on index: (6, 2, 2)
    Raw mean ± std: 0.0097379 ± 0.0000808. Shifted mean: 0.0097379
Copy pTrueToPiTag_18 and shift means...
  Working on index: (1, 1, 1)
    Raw mean ± std: 0.0312899 ± 0.0004855. Shifted mean: 0.0312899
  Working on index: (1, 1, 2)
    Raw mean ± std: 0.0519661 ± 0.0007028. Shifted mean: 0.0519661
  Working on index: (1, 2, 1)
    Raw mean ± std: 0.1779080 ± 0.0046422. Shifted mean: 0.1779080
  Working on index: (1, 2, 2)
    Raw mean ± std: 0.2473289 ± 0.0143173. Shifted mean: 0.2473289
  Working on index: (2, 1, 1)
    Raw mean ± std: 0.0168875 ± 0.0000946. Shifted mean: 0.0168875
  Working on index: (2, 1, 2)
    Raw mean ± std: 0.0270814 ± 0.0001332. Shifted mean: 0.0270814
  Working on index: (2, 2, 1)
    Raw mean ± std: 0.1706298 ± 0.0004069. Shifted mean: 0.1706298
  Working on index: (2, 2, 2)
    Raw mean ± std: 0.2037341 ± 0.0005614. Shifted mean: 0.2037341
  Working on index: (3, 1, 1)
    Raw mean ± std: 0.0065089 ± 0.0000604. Shifted mean: 0.0065089
  Working on index: (3, 1, 2)
    Raw mean ± std: 0.0113440 ± 0.0000797. Shifted mean: 0.0113440
  Working on index: (3, 2, 1)
    Raw mean ± std: 0.0813900 ± 0.0001880. Shifted mean: 0.0813900
  Working on index: (3, 2, 2)
    Raw mean ± std: 0.1246114 ± 0.0002739. Shifted mean: 0.1246114
  Working on index: (4, 1, 1)
    Raw mean ± std: 0.0038452 ± 0.0000522. Shifted mean: 0.0038452
  Working on index: (4, 1, 2)
    Raw mean ± std: 0.0056028 ± 0.0000572. Shifted mean: 0.0056028
  Working on index: (4, 2, 1)
    Raw mean ± std: 0.0518362 ± 0.0001180. Shifted mean: 0.0518362
  Working on index: (4, 2, 2)
    Raw mean ± std: 0.0865874 ± 0.0001730. Shifted mean: 0.0865874
  Working on index: (5, 1, 1)
    Raw mean ± std: 0.0034242 ± 0.0000555. Shifted mean: 0.0034242
  Working on index: (5, 1, 2)
    Raw mean ± std: 0.0045367 ± 0.0000621. Shifted mean: 0.0045367
  Working on index: (5, 2, 1)
    Raw mean ± std: 0.0255390 ± 0.0000960. Shifted mean: 0.0255390
  Working on index: (5, 2, 2)
    Raw mean ± std: 0.0450358 ± 0.0001394. Shifted mean: 0.0450358
  Working on index: (6, 1, 1)
    Raw mean ± std: 0.0086224 ± 0.0001466. Shifted mean: 0.0086224
  Working on index: (6, 1, 2)
    Raw mean ± std: 0.0107983 ± 0.0001862. Shifted mean: 0.0107983
  Working on index: (6, 2, 1)
    Raw mean ± std: 0.0139833 ± 0.0001135. Shifted mean: 0.0139833
  Working on index: (6, 2, 2)
    Raw mean ± std: 0.0188026 ± 0.0001402. Shifted mean: 0.0188026
Copy piTrueToKTag_18 and shift means...
  Working on index: (1, 1, 1)
    Zero or negative efficiency uncertainty found (0.0). Manually set efficiency to 0.0.
  Working on index: (1, 1, 2)
    Zero or negative efficiency uncertainty found (0.0). Manually set efficiency to 0.0.
  Working on index: (1, 2, 1)
    Zero or negative efficiency uncertainty found (0.0). Manually set efficiency to 0.0.
  Working on index: (1, 2, 2)
    Zero or negative efficiency uncertainty found (0.0). Manually set efficiency to 0.0.
  Working on index: (2, 1, 1)
    Raw mean ± std: 0.0032498 ± 0.0000214. Shifted mean: 0.0032498
  Working on index: (2, 1, 2)
    Raw mean ± std: 0.0057848 ± 0.0000428. Shifted mean: 0.0057848
  Working on index: (2, 2, 1)
    Raw mean ± std: 0.0058789 ± 0.0001275. Shifted mean: 0.0058789
  Working on index: (2, 2, 2)
    Raw mean ± std: 0.0097930 ± 0.0002492. Shifted mean: 0.0097930
  Working on index: (3, 1, 1)
    Raw mean ± std: 0.0054459 ± 0.0000251. Shifted mean: 0.0054459
  Working on index: (3, 1, 2)
    Raw mean ± std: 0.0119143 ± 0.0000524. Shifted mean: 0.0119143
  Working on index: (3, 2, 1)
    Raw mean ± std: 0.0192529 ± 0.0001476. Shifted mean: 0.0192529
  Working on index: (3, 2, 2)
    Raw mean ± std: 0.0292258 ± 0.0002668. Shifted mean: 0.0292258
  Working on index: (4, 1, 1)
    Raw mean ± std: 0.0024989 ± 0.0000205. Shifted mean: 0.0024989
  Working on index: (4, 1, 2)
    Raw mean ± std: 0.0052419 ± 0.0000384. Shifted mean: 0.0052419
  Working on index: (4, 2, 1)
    Raw mean ± std: 0.0165862 ± 0.0000877. Shifted mean: 0.0165862
  Working on index: (4, 2, 2)
    Raw mean ± std: 0.0269603 ± 0.0001612. Shifted mean: 0.0269603
  Working on index: (5, 1, 1)
    Raw mean ± std: 0.0419060 ± 0.0000579. Shifted mean: 0.0419060
  Working on index: (5, 1, 2)
    Raw mean ± std: 0.0499006 ± 0.0000902. Shifted mean: 0.0499006
  Working on index: (5, 2, 1)
    Raw mean ± std: 0.0406783 ± 0.0000875. Shifted mean: 0.0406783
  Working on index: (5, 2, 2)
    Raw mean ± std: 0.0554073 ± 0.0001460. Shifted mean: 0.0554073
  Working on index: (6, 1, 1)
    Raw mean ± std: 0.1579663 ± 0.0002198. Shifted mean: 0.1579663
  Working on index: (6, 1, 2)
    Raw mean ± std: 0.1721869 ± 0.0003249. Shifted mean: 0.1721869
  Working on index: (6, 2, 1)
    Raw mean ± std: 0.1615564 ± 0.0002158. Shifted mean: 0.1615564
  Working on index: (6, 2, 2)
    Raw mean ± std: 0.1798735 ± 0.0003190. Shifted mean: 0.1798735
Combining pTrueToMuTag_18_vmu...
  Working on index: (1, 1, 1)
    Raw mean ± std: 0.0088844 ± 0.0002356. Shifted mean: 0.0088844
    Raw mean ± std: 0.9899160 ± 0.0002574. Shifted mean: 0.9899160
  Working on index: (1, 1, 2)
    Raw mean ± std: 0.0150444 ± 0.0003653. Shifted mean: 0.0150444
    Raw mean ± std: 0.9822830 ± 0.0004023. Shifted mean: 0.9822830
  Working on index: (1, 2, 1)
    Raw mean ± std: 0.0262882 ± 0.0021698. Shifted mean: 0.0262882
    Raw mean ± std: 0.9755381 ± 0.0025977. Shifted mean: 0.9755381
  Working on index: (1, 2, 2)
    Raw mean ± std: 0.0153741 ± 0.0100274. Shifted mean: 0.0161618
    INFO: Raw mean not in [0, 1]!
    Raw mean ± std: 1.0407551 ± 0.0131111. Shifted mean: 0.9973865
  Working on index: (2, 1, 1)
    Raw mean ± std: 0.0164111 ± 0.0000805. Shifted mean: 0.0164111
    Raw mean ± std: 0.9827124 ± 0.0000838. Shifted mean: 0.9827124
  Working on index: (2, 1, 2)
    Raw mean ± std: 0.0249390 ± 0.0001123. Shifted mean: 0.0249390
    Raw mean ± std: 0.9732487 ± 0.0001176. Shifted mean: 0.9732487
  Working on index: (2, 2, 1)
    Raw mean ± std: 0.0284145 ± 0.0001740. Shifted mean: 0.0284145
    Raw mean ± std: 0.9685037 ± 0.0001897. Shifted mean: 0.9685037
  Working on index: (2, 2, 2)
    Raw mean ± std: 0.0519409 ± 0.0003065. Shifted mean: 0.0519409
    Raw mean ± std: 0.9418717 ± 0.0003341. Shifted mean: 0.9418717
  Working on index: (3, 1, 1)
    Raw mean ± std: 0.0091637 ± 0.0000514. Shifted mean: 0.0091637
    Raw mean ± std: 0.9904324 ± 0.0000538. Shifted mean: 0.9904324
  Working on index: (3, 1, 2)
    Raw mean ± std: 0.0181947 ± 0.0000801. Shifted mean: 0.0181947
    Raw mean ± std: 0.9808035 ± 0.0000832. Shifted mean: 0.9808035
  Working on index: (3, 2, 1)
    Raw mean ± std: 0.0119294 ± 0.0000702. Shifted mean: 0.0119294
    Raw mean ± std: 0.9867529 ± 0.0000767. Shifted mean: 0.9867529
  Working on index: (3, 2, 2)
    Raw mean ± std: 0.0251645 ± 0.0001232. Shifted mean: 0.0251645
    Raw mean ± std: 0.9721753 ± 0.0001326. Shifted mean: 0.9721753
  Working on index: (4, 1, 1)
    Raw mean ± std: 0.0020605 ± 0.0000208. Shifted mean: 0.0020605
    Raw mean ± std: 0.9978038 ± 0.0000235. Shifted mean: 0.9978038
  Working on index: (4, 1, 2)
    Raw mean ± std: 0.0043777 ± 0.0000331. Shifted mean: 0.0043777
    Raw mean ± std: 0.9953788 ± 0.0000353. Shifted mean: 0.9953788
  Working on index: (4, 2, 1)
    Raw mean ± std: 0.0070348 ± 0.0000417. Shifted mean: 0.0070348
    Raw mean ± std: 0.9924628 ± 0.0000443. Shifted mean: 0.9924628
  Working on index: (4, 2, 2)
    Raw mean ± std: 0.0162742 ± 0.0000736. Shifted mean: 0.0162742
    Raw mean ± std: 0.9825014 ± 0.0000774. Shifted mean: 0.9825014
  Working on index: (5, 1, 1)
    Raw mean ± std: 0.0007055 ± 0.0000125. Shifted mean: 0.0007055
    Raw mean ± std: 0.9992137 ± 0.0000163. Shifted mean: 0.9992137
  Working on index: (5, 1, 2)
    Raw mean ± std: 0.0009788 ± 0.0000166. Shifted mean: 0.0009788
    Raw mean ± std: 0.9989715 ± 0.0000203. Shifted mean: 0.9989715
  Working on index: (5, 2, 1)
    Raw mean ± std: 0.0029296 ± 0.0000298. Shifted mean: 0.0029296
    Raw mean ± std: 0.9969050 ± 0.0000316. Shifted mean: 0.9969050
  Working on index: (5, 2, 2)
    Raw mean ± std: 0.0075263 ± 0.0000539. Shifted mean: 0.0075263
    Raw mean ± std: 0.9920783 ± 0.0000561. Shifted mean: 0.9920783
  Working on index: (6, 1, 1)
    Raw mean ± std: 0.0009905 ± 0.0000330. Shifted mean: 0.0009905
    Raw mean ± std: 0.9989482 ± 0.0000421. Shifted mean: 0.9989482
  Working on index: (6, 1, 2)
    Raw mean ± std: 0.0011816 ± 0.0000463. Shifted mean: 0.0011816
    Raw mean ± std: 0.9987728 ± 0.0000573. Shifted mean: 0.9987728
  Working on index: (6, 2, 1)
    Raw mean ± std: 0.0014348 ± 0.0000302. Shifted mean: 0.0014348
    Raw mean ± std: 0.9985170 ± 0.0000332. Shifted mean: 0.9985170
  Working on index: (6, 2, 2)
    Raw mean ± std: 0.0029641 ± 0.0000487. Shifted mean: 0.0029641
    Raw mean ± std: 0.9969527 ± 0.0000516. Shifted mean: 0.9969527
Copy kTrueToGTag_18 and shift means...
  Working on index: (1, 1, 1)
    Raw mean ± std: 0.9627062 ± 0.0005517. Shifted mean: 0.9627062
  Working on index: (1, 1, 2)
    Raw mean ± std: 0.9437280 ± 0.0008292. Shifted mean: 0.9437280
  Working on index: (1, 2, 1)
    Raw mean ± std: 0.8763120 ± 0.0070938. Shifted mean: 0.8763120
  Working on index: (1, 2, 2)
    Raw mean ± std: 0.8789209 ± 0.0108459. Shifted mean: 0.8789209
  Working on index: (2, 1, 1)
    Raw mean ± std: 0.8400766 ± 0.0002087. Shifted mean: 0.8400766
  Working on index: (2, 1, 2)
    Raw mean ± std: 0.8421690 ± 0.0003020. Shifted mean: 0.8421690
  Working on index: (2, 2, 1)
    Raw mean ± std: 0.7602390 ± 0.0012396. Shifted mean: 0.7602390
  Working on index: (2, 2, 2)
    Raw mean ± std: 0.7537275 ± 0.0018771. Shifted mean: 0.7537275
  Working on index: (3, 1, 1)
    Raw mean ± std: 0.0903987 ± 0.0001014. Shifted mean: 0.0903987
  Working on index: (3, 1, 2)
    Raw mean ± std: 0.1453092 ± 0.0001797. Shifted mean: 0.1453092
  Working on index: (3, 2, 1)
    Raw mean ± std: 0.1697432 ± 0.0004626. Shifted mean: 0.1697432
  Working on index: (3, 2, 2)
    Raw mean ± std: 0.2454725 ± 0.0007956. Shifted mean: 0.2454725
  Working on index: (4, 1, 1)
    Raw mean ± std: 0.0400738 ± 0.0000555. Shifted mean: 0.0400738
  Working on index: (4, 1, 2)
    Raw mean ± std: 0.0825679 ± 0.0001087. Shifted mean: 0.0825679
  Working on index: (4, 2, 1)
    Raw mean ± std: 0.0838511 ± 0.0001955. Shifted mean: 0.0838511
  Working on index: (4, 2, 2)
    Raw mean ± std: 0.1375415 ± 0.0003557. Shifted mean: 0.1375415
  Working on index: (5, 1, 1)
    Raw mean ± std: 0.0264563 ± 0.0000472. Shifted mean: 0.0264563
  Working on index: (5, 1, 2)
    Raw mean ± std: 0.0576382 ± 0.0000902. Shifted mean: 0.0576382
  Working on index: (5, 2, 1)
    Raw mean ± std: 0.0442035 ± 0.0000926. Shifted mean: 0.0442035
  Working on index: (5, 2, 2)
    Raw mean ± std: 0.0815012 ± 0.0001708. Shifted mean: 0.0815012
  Working on index: (6, 1, 1)
    Raw mean ± std: 0.0404986 ± 0.0001259. Shifted mean: 0.0404986
  Working on index: (6, 1, 2)
    Raw mean ± std: 0.0671895 ± 0.0002181. Shifted mean: 0.0671895
  Working on index: (6, 2, 1)
    Raw mean ± std: 0.0592837 ± 0.0001436. Shifted mean: 0.0592837
  Working on index: (6, 2, 2)
    Raw mean ± std: 0.0919456 ± 0.0002407. Shifted mean: 0.0919456
Combining eTrueToMuTag_18...
  Working on index: (1, 1, 1)
    INFO: Raw mean not in [0, 1]!
    Raw mean ± std: -0.0028320 ± 0.0022796. Shifted mean: 0.0008417
    Raw mean ± std: 0.9365463 ± 0.0037105. Shifted mean: 0.9365463
  Working on index: (1, 1, 2)
    Raw mean ± std: 0.0014005 ± 0.0062970. Shifted mean: 0.0048118
    Raw mean ± std: 0.8940769 ± 0.0090423. Shifted mean: 0.8940769
  Working on index: (1, 2, 1)
    Raw mean ± std: 0.1006241 ± 0.1648790. Shifted mean: 0.1577111
    Raw mean ± std: 0.8336494 ± 0.1824750. Shifted mean: 0.7918986
  Working on index: (1, 2, 2)
    WARNING: Very large std!
    Raw mean ± std: 0.5858982 ± 1.0194481. Shifted mean: 0.5097320
    WARNING: Very large std!
    Raw mean ± std: 0.1965768 ± 1.2868839. Shifted mean: 0.4779689
  Working on index: (2, 1, 1)
    Raw mean ± std: 0.0010921 ± 0.0013268. Shifted mean: 0.0014372
    Raw mean ± std: 0.9663944 ± 0.0018746. Shifted mean: 0.9663944
  Working on index: (2, 1, 2)
    Raw mean ± std: 0.0027012 ± 0.0032026. Shifted mean: 0.0035104
    Raw mean ± std: 0.9496684 ± 0.0043331. Shifted mean: 0.9496684
  Working on index: (2, 2, 1)
    INFO: Raw mean not in [0, 1]!
    WARNING: Raw and shifted means are significantly different!
    Raw mean ± std: -0.0007204 ± 0.0514855. Shifted mean: 0.0344596
    INFO: Raw mean not in [0, 1]!
    Raw mean ± std: 1.0007204 ± 0.0514855. Shifted mean: 0.9655404
  Working on index: (2, 2, 2)
    INFO: Raw mean not in [0, 1]!
    Raw mean ± std: -0.0326808 ± 0.1909341. Shifted mean: 0.1173346
    WARNING: Very large std!
    Raw mean ± std: 0.9738893 ± 0.2274307. Shifted mean: 0.8364756
  Working on index: (3, 1, 1)
    Raw mean ± std: 0.0008481 ± 0.0008599. Shifted mean: 0.0010239
    Raw mean ± std: 0.9839253 ± 0.0011457. Shifted mean: 0.9839253
  Working on index: (3, 1, 2)
    Raw mean ± std: 0.0063844 ± 0.0020904. Shifted mean: 0.0063873
    Raw mean ± std: 0.9715279 ± 0.0026999. Shifted mean: 0.9715279
  Working on index: (3, 2, 1)
    INFO: Raw mean not in [0, 1]!
    WARNING: Raw and shifted means are significantly different!
    Raw mean ± std: -0.0002590 ± 0.0069844. Shifted mean: 0.0046157
    Raw mean ± std: 0.9854514 ± 0.0077508. Shifted mean: 0.9851574
  Working on index: (3, 2, 2)
    INFO: Raw mean not in [0, 1]!
    Raw mean ± std: -0.0113053 ± 0.0215722. Shifted mean: 0.0110475
    Raw mean ± std: 0.9903792 ± 0.0230805. Shifted mean: 0.9802768
  Working on index: (4, 1, 1)
    Raw mean ± std: 0.0012454 ± 0.0005916. Shifted mean: 0.0012585
    Raw mean ± std: 0.9909625 ± 0.0007487. Shifted mean: 0.9909625
  Working on index: (4, 1, 2)
    INFO: Raw mean not in [0, 1]!
    Raw mean ± std: -0.0004460 ± 0.0011853. Shifted mean: 0.0006541
    Raw mean ± std: 0.9875774 ± 0.0016046. Shifted mean: 0.9875774
  Working on index: (4, 2, 1)
    Raw mean ± std: 0.0004829 ± 0.0026890. Shifted mean: 0.0020054
    Raw mean ± std: 0.9870752 ± 0.0031291. Shifted mean: 0.9870751
  Working on index: (4, 2, 2)
    Raw mean ± std: 0.0121409 ± 0.0075500. Shifted mean: 0.0126514
    Raw mean ± std: 0.9703141 ± 0.0084751. Shifted mean: 0.9703117
  Working on index: (5, 1, 1)
    Raw mean ± std: 0.0009463 ± 0.0003926. Shifted mean: 0.0009502
    Raw mean ± std: 0.9960803 ± 0.0004861. Shifted mean: 0.9960803
  Working on index: (5, 1, 2)
    Raw mean ± std: 0.0021512 ± 0.0008991. Shifted mean: 0.0021607
    Raw mean ± std: 0.9917437 ± 0.0011689. Shifted mean: 0.9917437
  Working on index: (5, 2, 1)
    Raw mean ± std: 0.0016107 ± 0.0014786. Shifted mean: 0.0018678
    Raw mean ± std: 0.9949337 ± 0.0016215. Shifted mean: 0.9949319
  Working on index: (5, 2, 2)
    Raw mean ± std: 0.0045913 ± 0.0036494. Shifted mean: 0.0050692
    Raw mean ± std: 0.9868266 ± 0.0041027. Shifted mean: 0.9868232
  Working on index: (6, 1, 1)
    INFO: Raw mean not in [0, 1]!
    WARNING: Raw and shifted means are significantly different!
    Raw mean ± std: -0.0012970 ± 0.0007409. Shifted mean: 0.0002246
    Raw mean ± std: 0.9996570 ± 0.0008695. Shifted mean: 0.9992666
  Working on index: (6, 1, 2)
    INFO: Raw mean not in [0, 1]!
    Raw mean ± std: -0.0009678 ± 0.0016060. Shifted mean: 0.0007913
    Raw mean ± std: 0.9993292 ± 0.0017754. Shifted mean: 0.9985168
  Working on index: (6, 2, 1)
    Raw mean ± std: 0.0008629 ± 0.0015493. Shifted mean: 0.0014365
    Raw mean ± std: 0.9976672 ± 0.0016607. Shifted mean: 0.9975003
  Working on index: (6, 2, 2)
    INFO: Raw mean not in [0, 1]!
    Raw mean ± std: -0.0041195 ± 0.0040025. Shifted mean: 0.0016185
    Raw mean ± std: 0.9985693 ± 0.0047485. Shifted mean: 0.9962040
  FIX: bin (1, 2, 1) = 0.1991557 ± 0.2132046 has a large error, replace w/ weighted average of nearby bins
    Looking at nearby bin with index (1, 2, 2)
    std = 3.5768219 > 0.2, skipping...
    Looking at nearby bin with index (1, 1, 1)
    Use 0.0008988 ± 0.0024341
    Looking at nearby bin with index (2, 2, 1)
    Use 0.0356894 ± 0.0533569
    Use weighted average: 0.0009710 ± 0.0024316
  FIX: bin (1, 2, 2) = 1.0664544 ± 3.5768219 has a large error, replace w/ weighted average of nearby bins
    Looking at nearby bin with index (1, 2, 1)
    Use 0.0009710 ± 0.0024316
    Looking at nearby bin with index (1, 1, 2)
    Use 0.0053819 ± 0.0070432
    Looking at nearby bin with index (2, 2, 2)
    std = 0.2314245 > 0.2, skipping...
    Use weighted average: 0.0014407 ± 0.0022984
  FIX: bin (2, 2, 2) = 0.1402726 ± 0.2314245 has a large error, replace w/ weighted average of nearby bins
    Looking at nearby bin with index (2, 2, 1)
    Use 0.0356894 ± 0.0533569
    Looking at nearby bin with index (2, 1, 2)
    Use 0.0036965 ± 0.0033724
    Looking at nearby bin with index (1, 2, 2)
    Use 0.0014407 ± 0.0022984
    Looking at nearby bin with index (3, 2, 2)
    Use 0.0112698 ± 0.0220078
    Use weighted average: 0.0022656 ± 0.0018910
  Multiplying histo eTrueToMuTag_18 and eff
  Working on index: (1, 1, 1)
    original: 0.0008987502162370309
    new fac:  0.059712807706029256
  Working on index: (1, 1, 2)
    original: 0.0053818669715767565
    new fac:  0.059712807706029256
  Working on index: (1, 2, 1)
    original: 0.0009710027878159291
    new fac:  0.059712807706029256
  Working on index: (1, 2, 2)
    original: 0.0014407363273347832
    new fac:  0.059712807706029256
  Working on index: (2, 1, 1)
    original: 0.001487197595760906
    new fac:  0.03595385028172793
  Working on index: (2, 1, 2)
    original: 0.0036964844015428687
    new fac:  0.03595385028172793
  Working on index: (2, 2, 1)
    original: 0.03568940198533226
    new fac:  0.03595385028172793
  Working on index: (2, 2, 2)
    original: 0.002265628552249532
    new fac:  0.03595385028172793
  Working on index: (3, 1, 1)
    original: 0.001040594440408003
    new fac:  0.05598866052445074
  Working on index: (3, 1, 2)
    original: 0.0065745279087658925
    new fac:  0.05598866052445074
  Working on index: (3, 2, 1)
    original: 0.004685286943321339
    new fac:  0.05598866052445074
  Working on index: (3, 2, 2)
    original: 0.011269773875143586
    new fac:  0.05598866052445074
  Working on index: (4, 1, 1)
    original: 0.001270003260880673
    new fac:  0.1055753262158956
  Working on index: (4, 1, 2)
    original: 0.000662296856338229
    new fac:  0.1055753262158956
  Working on index: (4, 2, 1)
    original: 0.0020316274928436654
    new fac:  0.1055753262158956
  Working on index: (4, 2, 2)
    original: 0.013038463909376116
    new fac:  0.1055753262158956
  Working on index: (5, 1, 1)
    original: 0.0009539493548803313
    new fac:  0.1940928270042194
  Working on index: (5, 1, 2)
    original: 0.002178643492868161
    new fac:  0.1940928270042194
  Working on index: (5, 2, 1)
    original: 0.001877291161895724
    new fac:  0.1940928270042194
  Working on index: (5, 2, 2)
    original: 0.0051368853142497155
    new fac:  0.1940928270042194
  Working on index: (6, 1, 1)
    original: 0.00022474332008066367
    new fac:  0.14893617021276595
  Working on index: (6, 1, 2)
    original: 0.0007924764765603456
    new fac:  0.14893617021276595
  Working on index: (6, 2, 1)
    original: 0.0014401078029975215
    new fac:  0.14893617021276595
  Working on index: (6, 2, 2)
    original: 0.0016246621850818214
    new fac:  0.14893617021276595
Combining eTrueToMuTag_18_vmu...
  Working on index: (1, 1, 1)
    INFO: Raw mean not in [0, 1]!
    Raw mean ± std: -0.0028320 ± 0.0022796. Shifted mean: 0.0008417
    Raw mean ± std: 0.9365463 ± 0.0037105. Shifted mean: 0.9365463
  Working on index: (1, 1, 2)
    Raw mean ± std: 0.0014005 ± 0.0062970. Shifted mean: 0.0048118
    Raw mean ± std: 0.8940769 ± 0.0090423. Shifted mean: 0.8940769
  Working on index: (1, 2, 1)
    Raw mean ± std: 0.1006241 ± 0.1648790. Shifted mean: 0.1577111
    Raw mean ± std: 0.8336494 ± 0.1824750. Shifted mean: 0.7918986
  Working on index: (1, 2, 2)
    WARNING: Very large std!
    Raw mean ± std: 0.5858982 ± 1.0194481. Shifted mean: 0.5097320
    WARNING: Very large std!
    Raw mean ± std: 0.1965768 ± 1.2868839. Shifted mean: 0.4779689
  Working on index: (2, 1, 1)
    Raw mean ± std: 0.0010921 ± 0.0013268. Shifted mean: 0.0014372
    Raw mean ± std: 0.9663944 ± 0.0018746. Shifted mean: 0.9663944
  Working on index: (2, 1, 2)
    Raw mean ± std: 0.0027012 ± 0.0032026. Shifted mean: 0.0035104
    Raw mean ± std: 0.9496684 ± 0.0043331. Shifted mean: 0.9496684
  Working on index: (2, 2, 1)
    INFO: Raw mean not in [0, 1]!
    WARNING: Raw and shifted means are significantly different!
    Raw mean ± std: -0.0007204 ± 0.0514855. Shifted mean: 0.0344596
    INFO: Raw mean not in [0, 1]!
    Raw mean ± std: 1.0007204 ± 0.0514855. Shifted mean: 0.9655404
  Working on index: (2, 2, 2)
    INFO: Raw mean not in [0, 1]!
    Raw mean ± std: -0.0326808 ± 0.1909341. Shifted mean: 0.1173346
    WARNING: Very large std!
    Raw mean ± std: 0.9738893 ± 0.2274307. Shifted mean: 0.8364756
  Working on index: (3, 1, 1)
    Raw mean ± std: 0.0008481 ± 0.0008599. Shifted mean: 0.0010239
    Raw mean ± std: 0.9839253 ± 0.0011457. Shifted mean: 0.9839253
  Working on index: (3, 1, 2)
    Raw mean ± std: 0.0063844 ± 0.0020904. Shifted mean: 0.0063873
    Raw mean ± std: 0.9715279 ± 0.0026999. Shifted mean: 0.9715279
  Working on index: (3, 2, 1)
    INFO: Raw mean not in [0, 1]!
    WARNING: Raw and shifted means are significantly different!
    Raw mean ± std: -0.0002590 ± 0.0069844. Shifted mean: 0.0046157
    Raw mean ± std: 0.9854514 ± 0.0077508. Shifted mean: 0.9851574
  Working on index: (3, 2, 2)
    INFO: Raw mean not in [0, 1]!
    Raw mean ± std: -0.0113053 ± 0.0215722. Shifted mean: 0.0110475
    Raw mean ± std: 0.9903792 ± 0.0230805. Shifted mean: 0.9802768
  Working on index: (4, 1, 1)
    Raw mean ± std: 0.0012454 ± 0.0005916. Shifted mean: 0.0012585
    Raw mean ± std: 0.9909625 ± 0.0007487. Shifted mean: 0.9909625
  Working on index: (4, 1, 2)
    INFO: Raw mean not in [0, 1]!
    Raw mean ± std: -0.0004460 ± 0.0011853. Shifted mean: 0.0006541
    Raw mean ± std: 0.9875774 ± 0.0016046. Shifted mean: 0.9875774
  Working on index: (4, 2, 1)
    Raw mean ± std: 0.0004829 ± 0.0026890. Shifted mean: 0.0020054
    Raw mean ± std: 0.9870752 ± 0.0031291. Shifted mean: 0.9870751
  Working on index: (4, 2, 2)
    Raw mean ± std: 0.0121409 ± 0.0075500. Shifted mean: 0.0126514
    Raw mean ± std: 0.9703141 ± 0.0084751. Shifted mean: 0.9703117
  Working on index: (5, 1, 1)
    Raw mean ± std: 0.0009463 ± 0.0003926. Shifted mean: 0.0009502
    Raw mean ± std: 0.9960803 ± 0.0004861. Shifted mean: 0.9960803
  Working on index: (5, 1, 2)
    Raw mean ± std: 0.0021512 ± 0.0008991. Shifted mean: 0.0021607
    Raw mean ± std: 0.9917437 ± 0.0011689. Shifted mean: 0.9917437
  Working on index: (5, 2, 1)
    Raw mean ± std: 0.0016107 ± 0.0014786. Shifted mean: 0.0018678
    Raw mean ± std: 0.9949337 ± 0.0016215. Shifted mean: 0.9949319
  Working on index: (5, 2, 2)
    Raw mean ± std: 0.0045913 ± 0.0036494. Shifted mean: 0.0050692
    Raw mean ± std: 0.9868266 ± 0.0041027. Shifted mean: 0.9868232
  Working on index: (6, 1, 1)
    INFO: Raw mean not in [0, 1]!
    WARNING: Raw and shifted means are significantly different!
    Raw mean ± std: -0.0012970 ± 0.0007409. Shifted mean: 0.0002246
    Raw mean ± std: 0.9996570 ± 0.0008695. Shifted mean: 0.9992666
  Working on index: (6, 1, 2)
    INFO: Raw mean not in [0, 1]!
    Raw mean ± std: -0.0009678 ± 0.0016060. Shifted mean: 0.0007913
    Raw mean ± std: 0.9993292 ± 0.0017754. Shifted mean: 0.9985168
  Working on index: (6, 2, 1)
    Raw mean ± std: 0.0008629 ± 0.0015493. Shifted mean: 0.0014365
    Raw mean ± std: 0.9976672 ± 0.0016607. Shifted mean: 0.9975003
  Working on index: (6, 2, 2)
    INFO: Raw mean not in [0, 1]!
    Raw mean ± std: -0.0041195 ± 0.0040025. Shifted mean: 0.0016185
    Raw mean ± std: 0.9985693 ± 0.0047485. Shifted mean: 0.9962040
  FIX: bin (1, 2, 1) = 0.1991557 ± 0.2132046 has a large error, replace w/ weighted average of nearby bins
    Looking at nearby bin with index (1, 2, 2)
    std = 3.5768219 > 0.2, skipping...
    Looking at nearby bin with index (1, 1, 1)
    Use 0.0008988 ± 0.0024341
    Looking at nearby bin with index (2, 2, 1)
    Use 0.0356894 ± 0.0533569
    Use weighted average: 0.0009710 ± 0.0024316
  FIX: bin (1, 2, 2) = 1.0664544 ± 3.5768219 has a large error, replace w/ weighted average of nearby bins
    Looking at nearby bin with index (1, 2, 1)
    Use 0.0009710 ± 0.0024316
    Looking at nearby bin with index (1, 1, 2)
    Use 0.0053819 ± 0.0070432
    Looking at nearby bin with index (2, 2, 2)
    std = 0.2314245 > 0.2, skipping...
    Use weighted average: 0.0014407 ± 0.0022984
  FIX: bin (2, 2, 2) = 0.1402726 ± 0.2314245 has a large error, replace w/ weighted average of nearby bins
    Looking at nearby bin with index (2, 2, 1)
    Use 0.0356894 ± 0.0533569
    Looking at nearby bin with index (2, 1, 2)
    Use 0.0036965 ± 0.0033724
    Looking at nearby bin with index (1, 2, 2)
    Use 0.0014407 ± 0.0022984
    Looking at nearby bin with index (3, 2, 2)
    Use 0.0112698 ± 0.0220078
    Use weighted average: 0.0022656 ± 0.0018910
  Multiplying histo eTrueToMuTag_18_vmu and eff
  Working on index: (1, 1, 1)
    original: 0.0008987502162370309
    new fac:  0.9402871922939707
  Working on index: (1, 1, 2)
    original: 0.0053818669715767565
    new fac:  0.9402871922939707
  Working on index: (1, 2, 1)
    original: 0.0009710027878159291
    new fac:  0.9402871922939707
  Working on index: (1, 2, 2)
    original: 0.0014407363273347832
    new fac:  0.9402871922939707
  Working on index: (2, 1, 1)
    original: 0.001487197595760906
    new fac:  0.9640461497182721
  Working on index: (2, 1, 2)
    original: 0.0036964844015428687
    new fac:  0.9640461497182721
  Working on index: (2, 2, 1)
    original: 0.03568940198533226
    new fac:  0.9640461497182721
  Working on index: (2, 2, 2)
    original: 0.002265628552249532
    new fac:  0.9640461497182721
  Working on index: (3, 1, 1)
    original: 0.001040594440408003
    new fac:  0.9440113394755493
  Working on index: (3, 1, 2)
    original: 0.0065745279087658925
    new fac:  0.9440113394755493
  Working on index: (3, 2, 1)
    original: 0.004685286943321339
    new fac:  0.9440113394755493
  Working on index: (3, 2, 2)
    original: 0.011269773875143586
    new fac:  0.9440113394755493
  Working on index: (4, 1, 1)
    original: 0.001270003260880673
    new fac:  0.8944246737841044
  Working on index: (4, 1, 2)
    original: 0.000662296856338229
    new fac:  0.8944246737841044
  Working on index: (4, 2, 1)
    original: 0.0020316274928436654
    new fac:  0.8944246737841044
  Working on index: (4, 2, 2)
    original: 0.013038463909376116
    new fac:  0.8944246737841044
  Working on index: (5, 1, 1)
    original: 0.0009539493548803313
    new fac:  0.8059071729957806
  Working on index: (5, 1, 2)
    original: 0.002178643492868161
    new fac:  0.8059071729957806
  Working on index: (5, 2, 1)
    original: 0.001877291161895724
    new fac:  0.8059071729957806
  Working on index: (5, 2, 2)
    original: 0.0051368853142497155
    new fac:  0.8059071729957806
  Working on index: (6, 1, 1)
    original: 0.00022474332008066367
    new fac:  0.851063829787234
  Working on index: (6, 1, 2)
    original: 0.0007924764765603456
    new fac:  0.851063829787234
  Working on index: (6, 2, 1)
    original: 0.0014401078029975215
    new fac:  0.851063829787234
  Working on index: (6, 2, 2)
    original: 0.0016246621850818214
    new fac:  0.851063829787234
Copy eTrueToPiTag_18 and shift means...
  Working on index: (1, 1, 1)
    Raw mean ± std: 0.0042551 ± 0.0053418. Shifted mean: 0.0056975
  Working on index: (1, 1, 2)
    INFO: Raw mean not in [0, 1]!
    Raw mean ± std: -0.0107045 ± 0.0133170. Shifted mean: 0.0059618
  Working on index: (1, 2, 1)
    WARNING: Very large std!
    INFO: Raw mean not in [0, 1]!
    Raw mean ± std: -0.2183684 ± 0.5923321. Shifted mean: 0.3059748
  Working on index: (1, 2, 2)
    WARNING: Very large std!
    INFO: Raw mean not in [0, 1]!
    Raw mean ± std: 2.3834231 ± 17.6883954. Shifted mean: 0.5007523
  Working on index: (2, 1, 1)
    Raw mean ± std: 0.0008896 ± 0.0031542. Shifted mean: 0.0024938
  Working on index: (2, 1, 2)
    Raw mean ± std: 0.0117426 ± 0.0067952. Shifted mean: 0.0121003
  Working on index: (2, 2, 1)
    Raw mean ± std: 0.2162920 ± 0.0934873. Shifted mean: 0.2175041
  Working on index: (2, 2, 2)
    WARNING: Very large std!
    INFO: Raw mean not in [0, 1]!
    WARNING: Raw and shifted means are significantly different!
    Raw mean ± std: -0.0200518 ± 0.2604167. Shifted mean: 0.1683664
  Working on index: (3, 1, 1)
    Raw mean ± std: 0.0174256 ± 0.0024438. Shifted mean: 0.0174256
  Working on index: (3, 1, 2)
    Raw mean ± std: 0.0150572 ± 0.0051787. Shifted mean: 0.0150690
  Working on index: (3, 2, 1)
    Raw mean ± std: 0.0052849 ± 0.0192517. Shifted mean: 0.0151554
  Working on index: (3, 2, 2)
    Raw mean ± std: 0.0283864 ± 0.0550077. Shifted mean: 0.0497984
  Working on index: (4, 1, 1)
    Raw mean ± std: 0.0229230 ± 0.0018117. Shifted mean: 0.0229230
  Working on index: (4, 1, 2)
    Raw mean ± std: 0.0278771 ± 0.0037176. Shifted mean: 0.0278771
  Working on index: (4, 2, 1)
    Raw mean ± std: 0.0471848 ± 0.0082239. Shifted mean: 0.0471848
  Working on index: (4, 2, 2)
    Raw mean ± std: 0.0462060 ± 0.0206731. Shifted mean: 0.0465352
  Working on index: (5, 1, 1)
    Raw mean ± std: 0.0181063 ± 0.0014017. Shifted mean: 0.0181063
  Working on index: (5, 1, 2)
    Raw mean ± std: 0.0226673 ± 0.0027710. Shifted mean: 0.0226673
  Working on index: (5, 2, 1)
    Raw mean ± std: 0.0925216 ± 0.0050684. Shifted mean: 0.0925216
  Working on index: (5, 2, 2)
    Raw mean ± std: 0.0932418 ± 0.0111981. Shifted mean: 0.0932418
  Working on index: (6, 1, 1)
    Raw mean ± std: 0.0149877 ± 0.0023131. Shifted mean: 0.0149877
  Working on index: (6, 1, 2)
    Raw mean ± std: 0.0057550 ± 0.0044841. Shifted mean: 0.0063167
  Working on index: (6, 2, 1)
    Raw mean ± std: 0.1148504 ± 0.0068906. Shifted mean: 0.1148504
  Working on index: (6, 2, 2)
    Raw mean ± std: 0.1193888 ± 0.0137863. Shifted mean: 0.1193888
  FIX: bin (1, 2, 1) = 0.3059748 ± 0.5923321 has a large error, replace w/ weighted average of nearby bins
    Looking at nearby bin with index (1, 2, 2)
    std = 17.6883954 > 0.2, skipping...
    Looking at nearby bin with index (1, 1, 1)
    Use 0.0056975 ± 0.0053418
    Looking at nearby bin with index (2, 2, 1)
    Use 0.2175041 ± 0.0934873
    Use weighted average: 0.0063868 ± 0.0053331
  FIX: bin (1, 2, 2) = 0.5007523 ± 17.6883954 has a large error, replace w/ weighted average of nearby bins
    Looking at nearby bin with index (1, 2, 1)
    Use 0.0063868 ± 0.0053331
    Looking at nearby bin with index (1, 1, 2)
    Use 0.0059618 ± 0.0133170
    Looking at nearby bin with index (2, 2, 2)
    std = 0.2604167 > 0.2, skipping...
    Use weighted average: 0.0063280 ± 0.0049508
  FIX: bin (2, 2, 2) = 0.1683664 ± 0.2604167 has a large error, replace w/ weighted average of nearby bins
    Looking at nearby bin with index (2, 2, 1)
    Use 0.2175041 ± 0.0934873
    Looking at nearby bin with index (2, 1, 2)
    Use 0.0121003 ± 0.0067952
    Looking at nearby bin with index (1, 2, 2)
    Use 0.0063280 ± 0.0049508
    Looking at nearby bin with index (3, 2, 2)
    Use 0.0497984 ± 0.0550077
    Use weighted average: 0.0089280 ± 0.0039873
Copy eTrueToPTag_18 and shift means...
  Working on index: (1, 1, 1)
    Zero or negative efficiency uncertainty found (0.0). Manually set efficiency to 0.0.
  Working on index: (1, 1, 2)
    Zero or negative efficiency uncertainty found (0.0). Manually set efficiency to 0.0.
  Working on index: (1, 2, 1)
    Zero or negative efficiency uncertainty found (0.0). Manually set efficiency to 0.0.
  Working on index: (1, 2, 2)
    Zero or negative efficiency uncertainty found (0.0). Manually set efficiency to 0.0.
  Working on index: (2, 1, 1)
    Raw mean ± std: 0.0009175 ± 0.0002866. Shifted mean: 0.0009177
  Working on index: (2, 1, 2)
    Raw mean ± std: 0.0002104 ± 0.0003370. Shifted mean: 0.0003250
  Working on index: (2, 2, 1)
    INFO: Raw mean not in [0, 1]!
    Raw mean ± std: -0.0078471 ± 0.0080583. Shifted mean: 0.0033393
  Working on index: (2, 2, 2)
    Zero or negative efficiency uncertainty found (0.0). Manually set efficiency to 0.0.
  Working on index: (3, 1, 1)
    Raw mean ± std: 0.0139821 ± 0.0010524. Shifted mean: 0.0139821
  Working on index: (3, 1, 2)
    Raw mean ± std: 0.0192918 ± 0.0023739. Shifted mean: 0.0192918
  Working on index: (3, 2, 1)
    Raw mean ± std: 0.0320080 ± 0.0079241. Shifted mean: 0.0320083
  Working on index: (3, 2, 2)
    Raw mean ± std: 0.0486908 ± 0.0242728. Shifted mean: 0.0493732
  Working on index: (4, 1, 1)
    Raw mean ± std: 0.0097736 ± 0.0007833. Shifted mean: 0.0097736
  Working on index: (4, 1, 2)
    Raw mean ± std: 0.0181118 ± 0.0019813. Shifted mean: 0.0181118
  Working on index: (4, 2, 1)
    Raw mean ± std: 0.0125935 ± 0.0031238. Shifted mean: 0.0125936
  Working on index: (4, 2, 2)
    Raw mean ± std: 0.0201640 ± 0.0089748. Shifted mean: 0.0203027
  Working on index: (5, 1, 1)
    Raw mean ± std: 0.0033392 ± 0.0004570. Shifted mean: 0.0033392
  Working on index: (5, 1, 2)
    Raw mean ± std: 0.0037071 ± 0.0010427. Shifted mean: 0.0037074
  Working on index: (5, 2, 1)
    Raw mean ± std: 0.0150053 ± 0.0022448. Shifted mean: 0.0150053
  Working on index: (5, 2, 2)
    Raw mean ± std: 0.0195862 ± 0.0054166. Shifted mean: 0.0195872
  Working on index: (6, 1, 1)
    Raw mean ± std: 0.0030876 ± 0.0007970. Shifted mean: 0.0030877
  Working on index: (6, 1, 2)
    Raw mean ± std: 0.0047375 ± 0.0017050. Shifted mean: 0.0047433
  Working on index: (6, 2, 1)
    Raw mean ± std: 0.0149159 ± 0.0027843. Shifted mean: 0.0149159
  Working on index: (6, 2, 2)
    Raw mean ± std: 0.0143751 ± 0.0058314. Shifted mean: 0.0144252
Copy eTrueToKTag_18 and shift means...
  Working on index: (1, 1, 1)
    Zero or negative efficiency uncertainty found (0.0). Manually set efficiency to 0.0.
  Working on index: (1, 1, 2)
    Zero or negative efficiency uncertainty found (0.0). Manually set efficiency to 0.0.
  Working on index: (1, 2, 1)
    Zero or negative efficiency uncertainty found (0.0). Manually set efficiency to 0.0.
  Working on index: (1, 2, 2)
    Zero or negative efficiency uncertainty found (0.0). Manually set efficiency to 0.0.
  Working on index: (2, 1, 1)
    Raw mean ± std: 0.0022938 ± 0.0006024. Shifted mean: 0.0022938
  Working on index: (2, 1, 2)
    Raw mean ± std: 0.0049658 ± 0.0016182. Shifted mean: 0.0049680
  Working on index: (2, 2, 1)
    Raw mean ± std: 0.0236240 ± 0.0437326. Shifted mean: 0.0401528
  Working on index: (2, 2, 2)
    Raw mean ± std: 0.0794911 ± 0.1440946. Shifted mean: 0.1331879
  Working on index: (3, 1, 1)
    Raw mean ± std: 0.0034076 ± 0.0010465. Shifted mean: 0.0034083
  Working on index: (3, 1, 2)
    Raw mean ± std: 0.0061636 ± 0.0025791. Shifted mean: 0.0061908
  Working on index: (3, 2, 1)
    Raw mean ± std: 0.0084484 ± 0.0076728. Shifted mean: 0.0097571
  Working on index: (3, 2, 2)
    WARNING: Raw and shifted means are significantly different!
    Raw mean ± std: 0.0021838 ± 0.0216393. Shifted mean: 0.0154384
  Working on index: (4, 1, 1)
    Raw mean ± std: 0.0020835 ± 0.0007435. Shifted mean: 0.0020859
  Working on index: (4, 1, 2)
    WARNING: Raw and shifted means are significantly different!
    Raw mean ± std: 0.0001755 ± 0.0016167. Shifted mean: 0.0011584
  Working on index: (4, 2, 1)
    Raw mean ± std: 0.0099341 ± 0.0040035. Shifted mean: 0.0099669
  Working on index: (4, 2, 2)
    Raw mean ± std: 0.0148281 ± 0.0099445. Shifted mean: 0.0156762
  Working on index: (5, 1, 1)
    Raw mean ± std: 0.0036541 ± 0.0007183. Shifted mean: 0.0036541
  Working on index: (5, 1, 2)
    Raw mean ± std: 0.0050181 ± 0.0014159. Shifted mean: 0.0050185
  Working on index: (5, 2, 1)
    Raw mean ± std: 0.0054995 ± 0.0023655. Shifted mean: 0.0055293
  Working on index: (5, 2, 2)
    Raw mean ± std: 0.0053189 ± 0.0057990. Shifted mean: 0.0066349
  Working on index: (6, 1, 1)
    Raw mean ± std: 0.0028583 ± 0.0015243. Shifted mean: 0.0029163
  Working on index: (6, 1, 2)
    Raw mean ± std: 0.0069430 ± 0.0030730. Shifted mean: 0.0069890
  Working on index: (6, 2, 1)
    Raw mean ± std: 0.0275702 ± 0.0038070. Shifted mean: 0.0275702
  Working on index: (6, 2, 2)
    Raw mean ± std: 0.0182997 ± 0.0078145. Shifted mean: 0.0183937
Copy eTrueToGTag_18 and shift means...
  Working on index: (1, 1, 1)
    Raw mean ± std: 0.7879625 ± 0.0065158. Shifted mean: 0.7879625
  Working on index: (1, 1, 2)
    Raw mean ± std: 0.8461241 ± 0.0142469. Shifted mean: 0.8461241
  Working on index: (1, 2, 1)
    WARNING: Very large std!
    INFO: Raw mean not in [0, 1]!
    Raw mean ± std: 1.3554055 ± 0.6860704. Shifted mean: 0.6819882
  Working on index: (1, 2, 2)
    WARNING: Very large std!
    INFO: Raw mean not in [0, 1]!
    Raw mean ± std: -1.3834231 ± 17.6883954. Shifted mean: 0.4992477
  Working on index: (2, 1, 1)
    Raw mean ± std: 0.5825833 ± 0.0043936. Shifted mean: 0.5825833
  Working on index: (2, 1, 2)
    Raw mean ± std: 0.6214931 ± 0.0084955. Shifted mean: 0.6214931
  Working on index: (2, 2, 1)
    Raw mean ± std: 0.2398840 ± 0.0828038. Shifted mean: 0.2400795
  Working on index: (2, 2, 2)
    WARNING: Very large std!
    Raw mean ± std: 0.7512220 ± 0.2747473. Shifted mean: 0.6888886
  Working on index: (3, 1, 1)
    Raw mean ± std: 0.2247013 ± 0.0028441. Shifted mean: 0.2247013
  Working on index: (3, 1, 2)
    Raw mean ± std: 0.2764068 ± 0.0060287. Shifted mean: 0.2764068
  Working on index: (3, 2, 1)
    Raw mean ± std: 0.2893259 ± 0.0165623. Shifted mean: 0.2893259
  Working on index: (3, 2, 2)
    Raw mean ± std: 0.3089234 ± 0.0487039. Shifted mean: 0.3089234
  Working on index: (4, 1, 1)
    Raw mean ± std: 0.1333960 ± 0.0019345. Shifted mean: 0.1333960
  Working on index: (4, 1, 2)
    Raw mean ± std: 0.1798940 ± 0.0042567. Shifted mean: 0.1798940
  Working on index: (4, 2, 1)
    Raw mean ± std: 0.1959957 ± 0.0067803. Shifted mean: 0.1959957
  Working on index: (4, 2, 2)
    Raw mean ± std: 0.2814952 ± 0.0184142. Shifted mean: 0.2814952
  Working on index: (5, 1, 1)
    Raw mean ± std: 0.0970754 ± 0.0016204. Shifted mean: 0.0970754
  Working on index: (5, 1, 2)
    Raw mean ± std: 0.1422175 ± 0.0036070. Shifted mean: 0.1422175
  Working on index: (5, 2, 1)
    Raw mean ± std: 0.1386997 ± 0.0042479. Shifted mean: 0.1386997
  Working on index: (5, 2, 2)
    Raw mean ± std: 0.2099968 ± 0.0105032. Shifted mean: 0.2099968
  Working on index: (6, 1, 1)
    Raw mean ± std: 0.0839020 ± 0.0030563. Shifted mean: 0.0839020
  Working on index: (6, 1, 2)
    Raw mean ± std: 0.1359477 ± 0.0071146. Shifted mean: 0.1359477
  Working on index: (6, 2, 1)
    Raw mean ± std: 0.1373959 ± 0.0062389. Shifted mean: 0.1373959
  Working on index: (6, 2, 2)
    Raw mean ± std: 0.1585791 ± 0.0137293. Shifted mean: 0.1585791
  FIX: bin (1, 2, 1) = 0.6819882 ± 0.6860704 has a large error, replace w/ weighted average of nearby bins
    Looking at nearby bin with index (1, 2, 2)
    std = 17.6883954 > 0.2, skipping...
    Looking at nearby bin with index (1, 1, 1)
    Use 0.7879625 ± 0.0065158
    Looking at nearby bin with index (2, 2, 1)
    Use 0.2400795 ± 0.0828038
    Use weighted average: 0.7845908 ± 0.0064958
  FIX: bin (1, 2, 2) = 0.4992477 ± 17.6883954 has a large error, replace w/ weighted average of nearby bins
    Looking at nearby bin with index (1, 2, 1)
    Use 0.7845908 ± 0.0064958
    Looking at nearby bin with index (1, 1, 2)
    Use 0.8461241 ± 0.0142469
    Looking at nearby bin with index (2, 2, 2)
    std = 0.2747473 > 0.2, skipping...
    Use weighted average: 0.7951810 ± 0.0059104
  FIX: bin (2, 2, 2) = 0.6888886 ± 0.2747473 has a large error, replace w/ weighted average of nearby bins
    Looking at nearby bin with index (2, 2, 1)
    Use 0.2400795 ± 0.0828038
    Looking at nearby bin with index (2, 1, 2)
    Use 0.6214931 ± 0.0084955
    Looking at nearby bin with index (1, 2, 2)
    Use 0.7951810 ± 0.0059104
    Looking at nearby bin with index (3, 2, 2)
    Use 0.3089234 ± 0.0487039
    Use weighted average: 0.7326364 ± 0.0048197
Copy eTrueToETag_18 and shift means...
  Working on index: (1, 1, 1)
    Raw mean ± std: 0.2077824 ± 0.0050795. Shifted mean: 0.2077824
  Working on index: (1, 1, 2)
    Raw mean ± std: 0.1645804 ± 0.0091510. Shifted mean: 0.1645804
  Working on index: (1, 2, 1)
    INFO: Raw mean not in [0, 1]!
    Raw mean ± std: -0.1370371 ± 0.1481228. Shifted mean: 0.0627323
  Working on index: (1, 2, 2)
    Zero or negative efficiency uncertainty found (0.0). Manually set efficiency to 0.0.
  Working on index: (2, 1, 1)
    Raw mean ± std: 0.4133158 ± 0.0041885. Shifted mean: 0.4133158
  Working on index: (2, 1, 2)
    Raw mean ± std: 0.3615881 ± 0.0076907. Shifted mean: 0.3615881
  Working on index: (2, 2, 1)
    Raw mean ± std: 0.5280471 ± 0.0997700. Shifted mean: 0.5280469
  Working on index: (2, 2, 2)
    Raw mean ± std: 0.1893388 ± 0.1662306. Shifted mean: 0.2159841
  Working on index: (3, 1, 1)
    Raw mean ± std: 0.7404835 ± 0.0035134. Shifted mean: 0.7404835
  Working on index: (3, 1, 2)
    Raw mean ± std: 0.6830805 ± 0.0072074. Shifted mean: 0.6830805
  Working on index: (3, 2, 1)
    Raw mean ± std: 0.6649328 ± 0.0212039. Shifted mean: 0.6649328
  Working on index: (3, 2, 2)
    Raw mean ± std: 0.6118156 ± 0.0581786. Shifted mean: 0.6118156
  Working on index: (4, 1, 1)
    Raw mean ± std: 0.8318238 ± 0.0026227. Shifted mean: 0.8318238
  Working on index: (4, 1, 2)
    Raw mean ± std: 0.7739417 ± 0.0054903. Shifted mean: 0.7739417
  Working on index: (4, 2, 1)
    Raw mean ± std: 0.7342919 ± 0.0097814. Shifted mean: 0.7342919
  Working on index: (4, 2, 2)
    Raw mean ± std: 0.6373067 ± 0.0230841. Shifted mean: 0.6373067
  Working on index: (5, 1, 1)
    Raw mean ± std: 0.8778250 ± 0.0021771. Shifted mean: 0.8778250
  Working on index: (5, 1, 2)
    Raw mean ± std: 0.8263900 ± 0.0045194. Shifted mean: 0.8263900
  Working on index: (5, 2, 1)
    Raw mean ± std: 0.7482738 ± 0.0063513. Shifted mean: 0.7482738
  Working on index: (5, 2, 2)
    Raw mean ± std: 0.6718563 ± 0.0138180. Shifted mean: 0.6718563
  Working on index: (6, 1, 1)
    Raw mean ± std: 0.8951644 ± 0.0040115. Shifted mean: 0.8951644
  Working on index: (6, 1, 2)
    Raw mean ± std: 0.8466167 ± 0.0085797. Shifted mean: 0.8466167
  Working on index: (6, 2, 1)
    Raw mean ± std: 0.7052676 ± 0.0089345. Shifted mean: 0.7052676
  Working on index: (6, 2, 2)
    Raw mean ± std: 0.6893574 ± 0.0182717. Shifted mean: 0.6893574
Copy gTrueToPiTag_18 and shift means...
  Working on index: (1, 1, 1)
    Raw mean ± std: 0.1719461 ± 0.0004605. Shifted mean: 0.1719461
  Working on index: (1, 1, 2)
    Raw mean ± std: 0.1242086 ± 0.0007006. Shifted mean: 0.1242086
  Working on index: (1, 2, 1)
    Raw mean ± std: 0.0396532 ± 0.0001500. Shifted mean: 0.0396532
  Working on index: (1, 2, 2)
    Raw mean ± std: 0.0326640 ± 0.0002298. Shifted mean: 0.0326640
  Working on index: (2, 1, 1)
    Raw mean ± std: 0.2055609 ± 0.0008172. Shifted mean: 0.2055609
  Working on index: (2, 1, 2)
    Raw mean ± std: 0.1367635 ± 0.0012480. Shifted mean: 0.1367635
  Working on index: (2, 2, 1)
    Raw mean ± std: 0.0773759 ± 0.0002815. Shifted mean: 0.0773759
  Working on index: (2, 2, 2)
    Raw mean ± std: 0.0646368 ± 0.0004392. Shifted mean: 0.0646368
  Working on index: (3, 1, 1)
    Raw mean ± std: 0.1983509 ± 0.0011248. Shifted mean: 0.1983509
  Working on index: (3, 1, 2)
    Raw mean ± std: 0.1274637 ± 0.0017751. Shifted mean: 0.1274637
  Working on index: (3, 2, 1)
    Raw mean ± std: 0.1260441 ± 0.0004728. Shifted mean: 0.1260441
  Working on index: (3, 2, 2)
    Raw mean ± std: 0.1053358 ± 0.0007397. Shifted mean: 0.1053358
  Working on index: (4, 1, 1)
    Raw mean ± std: 0.1713841 ± 0.0013354. Shifted mean: 0.1713841
  Working on index: (4, 1, 2)
    Raw mean ± std: 0.1147931 ± 0.0023124. Shifted mean: 0.1147931
  Working on index: (4, 2, 1)
    Raw mean ± std: 0.1473700 ± 0.0006365. Shifted mean: 0.1473700
  Working on index: (4, 2, 2)
    Raw mean ± std: 0.1277520 ± 0.0010423. Shifted mean: 0.1277520
  Working on index: (5, 1, 1)
    Raw mean ± std: 0.1493689 ± 0.0017465. Shifted mean: 0.1493689
  Working on index: (5, 1, 2)
    Raw mean ± std: 0.0994348 ± 0.0033187. Shifted mean: 0.0994348
  Working on index: (5, 2, 1)
    Raw mean ± std: 0.1441549 ± 0.0008309. Shifted mean: 0.1441549
  Working on index: (5, 2, 2)
    Raw mean ± std: 0.1216636 ± 0.0014343. Shifted mean: 0.1216636
  Working on index: (6, 1, 1)
    Raw mean ± std: 0.0931044 ± 0.0034885. Shifted mean: 0.0931044
  Working on index: (6, 1, 2)
    Raw mean ± std: 0.0627547 ± 0.0077111. Shifted mean: 0.0627547
  Working on index: (6, 2, 1)
    Raw mean ± std: 0.1122752 ± 0.0016349. Shifted mean: 0.1122752
  Working on index: (6, 2, 2)
    Raw mean ± std: 0.0946448 ± 0.0031600. Shifted mean: 0.0946448
Combining gTrueToMuTag_18_vmu...
  Working on index: (1, 1, 1)
    Raw mean ± std: 0.0535777 ± 0.0002662. Shifted mean: 0.0535777
    Raw mean ± std: 0.9341281 ± 0.0002931. Shifted mean: 0.9341281
  Working on index: (1, 1, 2)
    Raw mean ± std: 0.0781240 ± 0.0005444. Shifted mean: 0.0781240
    Raw mean ± std: 0.9095310 ± 0.0005816. Shifted mean: 0.9095310
  Working on index: (1, 2, 1)
    Raw mean ± std: 0.0318170 ± 0.0001304. Shifted mean: 0.0318170
    Raw mean ± std: 0.9343854 ± 0.0001838. Shifted mean: 0.9343854
  Working on index: (1, 2, 2)
    Raw mean ± std: 0.0537699 ± 0.0002763. Shifted mean: 0.0537699
    Raw mean ± std: 0.9014090 ± 0.0003646. Shifted mean: 0.9014090
  Working on index: (2, 1, 1)
    Raw mean ± std: 0.0464941 ± 0.0004157. Shifted mean: 0.0464941
    Raw mean ± std: 0.9440225 ± 0.0004535. Shifted mean: 0.9440225
  Working on index: (2, 1, 2)
    Raw mean ± std: 0.0695775 ± 0.0008904. Shifted mean: 0.0695775
    Raw mean ± std: 0.9216925 ± 0.0009395. Shifted mean: 0.9216925
  Working on index: (2, 2, 1)
    Raw mean ± std: 0.0343613 ± 0.0001868. Shifted mean: 0.0343613
    Raw mean ± std: 0.9443482 ± 0.0002349. Shifted mean: 0.9443482
  Working on index: (2, 2, 2)
    Raw mean ± std: 0.0577511 ± 0.0003984. Shifted mean: 0.0577511
    Raw mean ± std: 0.9138566 ± 0.0004785. Shifted mean: 0.9138566
  Working on index: (3, 1, 1)
    Raw mean ± std: 0.0180567 ± 0.0003765. Shifted mean: 0.0180567
    Raw mean ± std: 0.9757554 ± 0.0004337. Shifted mean: 0.9757554
  Working on index: (3, 1, 2)
    Raw mean ± std: 0.0274418 ± 0.0008694. Shifted mean: 0.0274418
    Raw mean ± std: 0.9665104 ± 0.0009546. Shifted mean: 0.9665104
  Working on index: (3, 2, 1)
    Raw mean ± std: 0.0196383 ± 0.0001961. Shifted mean: 0.0196383
    Raw mean ± std: 0.9722217 ± 0.0002319. Shifted mean: 0.9722217
  Working on index: (3, 2, 2)
    Raw mean ± std: 0.0308349 ± 0.0004104. Shifted mean: 0.0308349
    Raw mean ± std: 0.9590992 ± 0.0004694. Shifted mean: 0.9590992
  Working on index: (4, 1, 1)
    Raw mean ± std: 0.0127509 ± 0.0004031. Shifted mean: 0.0127509
    Raw mean ± std: 0.9820758 ± 0.0004744. Shifted mean: 0.9820758
  Working on index: (4, 1, 2)
    Raw mean ± std: 0.0166823 ± 0.0009507. Shifted mean: 0.0166823
    Raw mean ± std: 0.9784664 ± 0.0010704. Shifted mean: 0.9784664
  Working on index: (4, 2, 1)
    Raw mean ± std: 0.0113319 ± 0.0001909. Shifted mean: 0.0113319
    Raw mean ± std: 0.9843128 ± 0.0002235. Shifted mean: 0.9843128
  Working on index: (4, 2, 2)
    Raw mean ± std: 0.0176079 ± 0.0004121. Shifted mean: 0.0176079
    Raw mean ± std: 0.9778705 ± 0.0004598. Shifted mean: 0.9778705
  Working on index: (5, 1, 1)
    Raw mean ± std: 0.0143584 ± 0.0005936. Shifted mean: 0.0143584
    Raw mean ± std: 0.9808325 ± 0.0006805. Shifted mean: 0.9808325
  Working on index: (5, 1, 2)
    Raw mean ± std: 0.0186916 ± 0.0015503. Shifted mean: 0.0186916
    Raw mean ± std: 0.9761288 ± 0.0017321. Shifted mean: 0.9761288
  Working on index: (5, 2, 1)
    Raw mean ± std: 0.0073502 ± 0.0002054. Shifted mean: 0.0073502
    Raw mean ± std: 0.9899824 ± 0.0002385. Shifted mean: 0.9899824
  Working on index: (5, 2, 2)
    Raw mean ± std: 0.0088947 ± 0.0004237. Shifted mean: 0.0088947
    Raw mean ± std: 0.9892631 ± 0.0004632. Shifted mean: 0.9892631
  Working on index: (6, 1, 1)
    Raw mean ± std: 0.0197128 ± 0.0017196. Shifted mean: 0.0197128
    Raw mean ± std: 0.9731070 ± 0.0019781. Shifted mean: 0.9731070
  Working on index: (6, 1, 2)
    Raw mean ± std: 0.0305643 ± 0.0056154. Shifted mean: 0.0305643
    Raw mean ± std: 0.9615987 ± 0.0061650. Shifted mean: 0.9615987
  Working on index: (6, 2, 1)
    Raw mean ± std: 0.0082745 ± 0.0004860. Shifted mean: 0.0082745
    Raw mean ± std: 0.9890705 ± 0.0005538. Shifted mean: 0.9890705
  Working on index: (6, 2, 2)
    Raw mean ± std: 0.0092923 ± 0.0011081. Shifted mean: 0.0092923
    Raw mean ± std: 0.9886548 ± 0.0012111. Shifted mean: 0.9886548
Copy gTrueToKTag_18 and shift means...
  Working on index: (1, 1, 1)
    WARNING: Raw and shifted means are significantly different!
    Raw mean ± std: 0.0000000 ± 0.0000027. Shifted mean: 0.0000018
  Working on index: (1, 1, 2)
    WARNING: Raw and shifted means are significantly different!
    Raw mean ± std: 0.0000000 ± 0.0000082. Shifted mean: 0.0000055
  Working on index: (1, 2, 1)
    WARNING: Raw and shifted means are significantly different!
    Raw mean ± std: 0.0000000 ± 0.0000011. Shifted mean: 0.0000007
  Working on index: (1, 2, 2)
    WARNING: Raw and shifted means are significantly different!
    Raw mean ± std: 0.0000000 ± 0.0000030. Shifted mean: 0.0000020
  Working on index: (2, 1, 1)
    Raw mean ± std: 0.0035826 ± 0.0001244. Shifted mean: 0.0035826
  Working on index: (2, 1, 2)
    Raw mean ± std: 0.0028117 ± 0.0002038. Shifted mean: 0.0028117
  Working on index: (2, 2, 1)
    Raw mean ± std: 0.0012002 ± 0.0000375. Shifted mean: 0.0012002
  Working on index: (2, 2, 2)
    Raw mean ± std: 0.0007933 ± 0.0000532. Shifted mean: 0.0007933
  Working on index: (3, 1, 1)
    Raw mean ± std: 0.0443909 ± 0.0005853. Shifted mean: 0.0443909
  Working on index: (3, 1, 2)
    Raw mean ± std: 0.0326653 ± 0.0009602. Shifted mean: 0.0326653
  Working on index: (3, 2, 1)
    Raw mean ± std: 0.0177079 ± 0.0001892. Shifted mean: 0.0177079
  Working on index: (3, 2, 2)
    Raw mean ± std: 0.0129057 ± 0.0002758. Shifted mean: 0.0129057
  Working on index: (4, 1, 1)
    Raw mean ± std: 0.0459868 ± 0.0007484. Shifted mean: 0.0459868
  Working on index: (4, 1, 2)
    Raw mean ± std: 0.0311140 ± 0.0012846. Shifted mean: 0.0311140
  Working on index: (4, 2, 1)
    Raw mean ± std: 0.0408260 ± 0.0003569. Shifted mean: 0.0408260
  Working on index: (4, 2, 2)
    Raw mean ± std: 0.0374709 ± 0.0005975. Shifted mean: 0.0374709
  Working on index: (5, 1, 1)
    Raw mean ± std: 0.0539342 ± 0.0011164. Shifted mean: 0.0539342
  Working on index: (5, 1, 2)
    Raw mean ± std: 0.0386434 ± 0.0021828. Shifted mean: 0.0386434
  Working on index: (5, 2, 1)
    Raw mean ± std: 0.0537815 ± 0.0005359. Shifted mean: 0.0537815
  Working on index: (5, 2, 2)
    Raw mean ± std: 0.0490567 ± 0.0009547. Shifted mean: 0.0490567
  Working on index: (6, 1, 1)
    Raw mean ± std: 0.0685538 ± 0.0030533. Shifted mean: 0.0685538
  Working on index: (6, 1, 2)
    Raw mean ± std: 0.0594947 ± 0.0075443. Shifted mean: 0.0594947
  Working on index: (6, 2, 1)
    Raw mean ± std: 0.0641126 ± 0.0012750. Shifted mean: 0.0641126
  Working on index: (6, 2, 2)
    Raw mean ± std: 0.0508197 ± 0.0024012. Shifted mean: 0.0508197
Combining gTrueToMuTag_18...
  Working on index: (1, 1, 1)
    Raw mean ± std: 0.0058211 ± 0.0000909. Shifted mean: 0.0058211
    Raw mean ± std: 0.9341281 ± 0.0002931. Shifted mean: 0.9341281
  Working on index: (1, 1, 2)
    Raw mean ± std: 0.0037254 ± 0.0001268. Shifted mean: 0.0037254
    Raw mean ± std: 0.9095310 ± 0.0005816. Shifted mean: 0.9095310
  Working on index: (1, 2, 1)
    Raw mean ± std: 0.0086759 ± 0.0000692. Shifted mean: 0.0086759
    Raw mean ± std: 0.9343854 ± 0.0001838. Shifted mean: 0.9343854
  Working on index: (1, 2, 2)
    Raw mean ± std: 0.0066292 ± 0.0001004. Shifted mean: 0.0066292
    Raw mean ± std: 0.9014090 ± 0.0003646. Shifted mean: 0.9014090
  Working on index: (2, 1, 1)
    Raw mean ± std: 0.0055767 ± 0.0001496. Shifted mean: 0.0055767
    Raw mean ± std: 0.9440225 ± 0.0004535. Shifted mean: 0.9440225
  Working on index: (2, 1, 2)
    Raw mean ± std: 0.0036067 ± 0.0002193. Shifted mean: 0.0036067
    Raw mean ± std: 0.9216925 ± 0.0009395. Shifted mean: 0.9216925
  Working on index: (2, 2, 1)
    Raw mean ± std: 0.0070511 ± 0.0000864. Shifted mean: 0.0070511
    Raw mean ± std: 0.9443482 ± 0.0002349. Shifted mean: 0.9443482
  Working on index: (2, 2, 2)
    Raw mean ± std: 0.0057020 ± 0.0001306. Shifted mean: 0.0057020
    Raw mean ± std: 0.9138566 ± 0.0004785. Shifted mean: 0.9138566
  Working on index: (3, 1, 1)
    Raw mean ± std: 0.0053280 ± 0.0002094. Shifted mean: 0.0053280
    Raw mean ± std: 0.9757554 ± 0.0004337. Shifted mean: 0.9757554
  Working on index: (3, 1, 2)
    Raw mean ± std: 0.0045559 ± 0.0003748. Shifted mean: 0.0045559
    Raw mean ± std: 0.9665104 ± 0.0009546. Shifted mean: 0.9665104
  Working on index: (3, 2, 1)
    Raw mean ± std: 0.0044117 ± 0.0000947. Shifted mean: 0.0044117
    Raw mean ± std: 0.9722217 ± 0.0002319. Shifted mean: 0.9722217
  Working on index: (3, 2, 2)
    Raw mean ± std: 0.0036574 ± 0.0001470. Shifted mean: 0.0036574
    Raw mean ± std: 0.9590992 ± 0.0004694. Shifted mean: 0.9590992
  Working on index: (4, 1, 1)
    Raw mean ± std: 0.0048939 ± 0.0002555. Shifted mean: 0.0048939
    Raw mean ± std: 0.9820758 ± 0.0004744. Shifted mean: 0.9820758
  Working on index: (4, 1, 2)
    Raw mean ± std: 0.0042572 ± 0.0005091. Shifted mean: 0.0042572
    Raw mean ± std: 0.9784664 ± 0.0010704. Shifted mean: 0.9784664
  Working on index: (4, 2, 1)
    Raw mean ± std: 0.0033137 ± 0.0001051. Shifted mean: 0.0033137
    Raw mean ± std: 0.9843128 ± 0.0002235. Shifted mean: 0.9843128
  Working on index: (4, 2, 2)
    Raw mean ± std: 0.0027580 ± 0.0001702. Shifted mean: 0.0027580
    Raw mean ± std: 0.9778705 ± 0.0004598. Shifted mean: 0.9778705
  Working on index: (5, 1, 1)
    Raw mean ± std: 0.0047401 ± 0.0003529. Shifted mean: 0.0047401
    Raw mean ± std: 0.9808325 ± 0.0006805. Shifted mean: 0.9808325
  Working on index: (5, 1, 2)
    Raw mean ± std: 0.0046166 ± 0.0008372. Shifted mean: 0.0046166
    Raw mean ± std: 0.9761288 ± 0.0017321. Shifted mean: 0.9761288
  Working on index: (5, 2, 1)
    Raw mean ± std: 0.0024866 ± 0.0001221. Shifted mean: 0.0024866
    Raw mean ± std: 0.9899824 ± 0.0002385. Shifted mean: 0.9899824
  Working on index: (5, 2, 2)
    Raw mean ± std: 0.0015817 ± 0.0001907. Shifted mean: 0.0015817
    Raw mean ± std: 0.9892631 ± 0.0004632. Shifted mean: 0.9892631
  Working on index: (6, 1, 1)
    Raw mean ± std: 0.0071802 ± 0.0011000. Shifted mean: 0.0071802
    Raw mean ± std: 0.9731070 ± 0.0019781. Shifted mean: 0.9731070
  Working on index: (6, 1, 2)
    Raw mean ± std: 0.0078370 ± 0.0033253. Shifted mean: 0.0078754
    Raw mean ± std: 0.9615987 ± 0.0061650. Shifted mean: 0.9615987
  Working on index: (6, 2, 1)
    Raw mean ± std: 0.0025777 ± 0.0002840. Shifted mean: 0.0025777
    Raw mean ± std: 0.9890705 ± 0.0005538. Shifted mean: 0.9890705
  Working on index: (6, 2, 2)
    Raw mean ± std: 0.0019449 ± 0.0005742. Shifted mean: 0.0019451
    Raw mean ± std: 0.9886548 ± 0.0012111. Shifted mean: 0.9886548
Copy gTrueToGTag_18 and shift means...
  Working on index: (1, 1, 1)
    Raw mean ± std: 0.8171656 ± 0.0004717. Shifted mean: 0.8171656
  Working on index: (1, 1, 2)
    Raw mean ± std: 0.8687863 ± 0.0007171. Shifted mean: 0.8687863
  Working on index: (1, 2, 1)
    Raw mean ± std: 0.9387334 ± 0.0001842. Shifted mean: 0.9387334
  Working on index: (1, 2, 2)
    Raw mean ± std: 0.9534858 ± 0.0002719. Shifted mean: 0.9534858
  Working on index: (2, 1, 1)
    Raw mean ± std: 0.7780478 ± 0.0008402. Shifted mean: 0.7780478
  Working on index: (2, 1, 2)
    Raw mean ± std: 0.8536481 ± 0.0012834. Shifted mean: 0.8536481
  Working on index: (2, 2, 1)
    Raw mean ± std: 0.9006828 ± 0.0003150. Shifted mean: 0.9006828
  Working on index: (2, 2, 2)
    Raw mean ± std: 0.9217225 ± 0.0004795. Shifted mean: 0.9217225
  Working on index: (3, 1, 1)
    Raw mean ± std: 0.6862028 ± 0.0013070. Shifted mean: 0.6862028
  Working on index: (3, 1, 2)
    Raw mean ± std: 0.7954076 ± 0.0021399. Shifted mean: 0.7954076
  Working on index: (3, 2, 1)
    Raw mean ± std: 0.8216157 ± 0.0005450. Shifted mean: 0.8216157
  Working on index: (3, 2, 2)
    Raw mean ± std: 0.8601726 ± 0.0008348. Shifted mean: 0.8601726
  Working on index: (4, 1, 1)
    Raw mean ± std: 0.6965538 ± 0.0016253. Shifted mean: 0.6965538
  Working on index: (4, 1, 2)
    Raw mean ± std: 0.7936355 ± 0.0029187. Shifted mean: 0.7936355
  Working on index: (4, 2, 1)
    Raw mean ± std: 0.7397591 ± 0.0007869. Shifted mean: 0.7397591
  Working on index: (4, 2, 2)
    Raw mean ± std: 0.7927111 ± 0.0012631. Shifted mean: 0.7927111
  Working on index: (5, 1, 1)
    Raw mean ± std: 0.7279829 ± 0.0021725. Shifted mean: 0.7279829
  Working on index: (5, 1, 2)
    Raw mean ± std: 0.8082824 ± 0.0043215. Shifted mean: 0.8082824
  Working on index: (5, 2, 1)
    Raw mean ± std: 0.7132227 ± 0.0010677. Shifted mean: 0.7132227
  Working on index: (5, 2, 2)
    Raw mean ± std: 0.7689559 ± 0.0018426. Shifted mean: 0.7689559
  Working on index: (6, 1, 1)
    Raw mean ± std: 0.7713979 ± 0.0049676. Shifted mean: 0.7713979
  Working on index: (6, 1, 2)
    Raw mean ± std: 0.8272209 ± 0.0114744. Shifted mean: 0.8272209
  Working on index: (6, 2, 1)
    Raw mean ± std: 0.7360438 ± 0.0022694. Shifted mean: 0.7360438
  Working on index: (6, 2, 2)
    Raw mean ± std: 0.7846995 ± 0.0043830. Shifted mean: 0.7846995
Copy gTrueToPTag_18 and shift means...
  Working on index: (1, 1, 1)
    WARNING: Raw and shifted means are significantly different!
    Raw mean ± std: 0.0000000 ± 0.0000027. Shifted mean: 0.0000018
  Working on index: (1, 1, 2)
    WARNING: Raw and shifted means are significantly different!
    Raw mean ± std: 0.0000000 ± 0.0000082. Shifted mean: 0.0000055
  Working on index: (1, 2, 1)
    WARNING: Raw and shifted means are significantly different!
    Raw mean ± std: 0.0000000 ± 0.0000011. Shifted mean: 0.0000007
  Working on index: (1, 2, 2)
    WARNING: Raw and shifted means are significantly different!
    Raw mean ± std: 0.0000000 ± 0.0000030. Shifted mean: 0.0000020
  Working on index: (2, 1, 1)
    Raw mean ± std: 0.0014971 ± 0.0000820. Shifted mean: 0.0014971
  Working on index: (2, 1, 2)
    Raw mean ± std: 0.0006219 ± 0.0001033. Shifted mean: 0.0006219
  Working on index: (2, 2, 1)
    Raw mean ± std: 0.0003284 ± 0.0000201. Shifted mean: 0.0003284
  Working on index: (2, 2, 2)
./scripts/merge_histo.py:128: RuntimeWarning: divide by zero encountered in double_scalars
  if max(abs(shifted / mean), abs(mean / shifted)) > 5:
    Raw mean ± std: 0.0001606 ± 0.0000258. Shifted mean: 0.0001606
  Working on index: (3, 1, 1)
    Raw mean ± std: 0.0467041 ± 0.0005994. Shifted mean: 0.0467041
  Working on index: (3, 1, 2)
    Raw mean ± std: 0.0321967 ± 0.0009537. Shifted mean: 0.0321967
  Working on index: (3, 2, 1)
    Raw mean ± std: 0.0125498 ± 0.0001600. Shifted mean: 0.0125498
  Working on index: (3, 2, 2)
    Raw mean ± std: 0.0084740 ± 0.0002251. Shifted mean: 0.0084740
  Working on index: (4, 1, 1)
    Raw mean ± std: 0.0592054 ± 0.0008416. Shifted mean: 0.0592054
  Working on index: (4, 1, 2)
    Raw mean ± std: 0.0476070 ± 0.0015632. Shifted mean: 0.0476070
  Working on index: (4, 2, 1)
    Raw mean ± std: 0.0346365 ± 0.0003300. Shifted mean: 0.0346365
  Working on index: (4, 2, 2)
    Raw mean ± std: 0.0195508 ± 0.0004383. Shifted mean: 0.0195508
  Working on index: (5, 1, 1)
    Raw mean ± std: 0.0456763 ± 0.0010338. Shifted mean: 0.0456763
  Working on index: (5, 1, 2)
    Raw mean ± std: 0.0406045 ± 0.0022323. Shifted mean: 0.0406045
  Working on index: (5, 2, 1)
    Raw mean ± std: 0.0676515 ± 0.0005959. Shifted mean: 0.0676515
  Working on index: (5, 2, 2)
    Raw mean ± std: 0.0483043 ± 0.0009479. Shifted mean: 0.0483043
  Working on index: (6, 1, 1)
    Raw mean ± std: 0.0449423 ± 0.0025298. Shifted mean: 0.0449423
  Working on index: (6, 1, 2)
    Raw mean ± std: 0.0358598 ± 0.0061293. Shifted mean: 0.0358598
  Working on index: (6, 2, 1)
    Raw mean ± std: 0.0769612 ± 0.0013848. Shifted mean: 0.0769612
  Working on index: (6, 2, 2)
    Raw mean ± std: 0.0631694 ± 0.0026467. Shifted mean: 0.0631694
Copy gTrueToETag_18 and shift means...
  Working on index: (1, 1, 1)
    Raw mean ± std: 0.0108883 ± 0.0001278. Shifted mean: 0.0108883
  Working on index: (1, 1, 2)
    Raw mean ± std: 0.0070051 ± 0.0001806. Shifted mean: 0.0070051
  Working on index: (1, 2, 1)
    Raw mean ± std: 0.0216134 ± 0.0001119. Shifted mean: 0.0216134
  Working on index: (1, 2, 2)
    Raw mean ± std: 0.0138501 ± 0.0001516. Shifted mean: 0.0138501
  Working on index: (2, 1, 1)
    Raw mean ± std: 0.0113116 ± 0.0002171. Shifted mean: 0.0113116
  Working on index: (2, 1, 2)
    Raw mean ± std: 0.0061547 ± 0.0002946. Shifted mean: 0.0061547
  Working on index: (2, 2, 1)
    Raw mean ± std: 0.0204127 ± 0.0001495. Shifted mean: 0.0204127
  Working on index: (2, 2, 2)
    Raw mean ± std: 0.0126868 ± 0.0002017. Shifted mean: 0.0126868
  Working on index: (3, 1, 1)
    Raw mean ± std: 0.0243513 ± 0.0004401. Shifted mean: 0.0243513
  Working on index: (3, 1, 2)
    Raw mean ± std: 0.0122667 ± 0.0006056. Shifted mean: 0.0122667
  Working on index: (3, 2, 1)
    Raw mean ± std: 0.0220825 ± 0.0002105. Shifted mean: 0.0220825
  Working on index: (3, 2, 2)
    Raw mean ± std: 0.0131119 ± 0.0002779. Shifted mean: 0.0131119
  Working on index: (4, 1, 1)
    Raw mean ± std: 0.0268700 ± 0.0005807. Shifted mean: 0.0268700
  Working on index: (4, 1, 2)
    Raw mean ± std: 0.0128503 ± 0.0008521. Shifted mean: 0.0128503
  Working on index: (4, 2, 1)
    Raw mean ± std: 0.0374084 ± 0.0003424. Shifted mean: 0.0374084
  Working on index: (4, 2, 2)
    Raw mean ± std: 0.0225151 ± 0.0004689. Shifted mean: 0.0225151
  Working on index: (5, 1, 1)
    Raw mean ± std: 0.0230376 ± 0.0007498. Shifted mean: 0.0230376
  Working on index: (5, 1, 2)
    Raw mean ± std: 0.0130350 ± 0.0013355. Shifted mean: 0.0130350
  Working on index: (5, 2, 1)
    Raw mean ± std: 0.0211895 ± 0.0003442. Shifted mean: 0.0211895
  Working on index: (5, 2, 2)
    Raw mean ± std: 0.0120196 ± 0.0004914. Shifted mean: 0.0120196
  Working on index: (6, 1, 1)
    Raw mean ± std: 0.0220016 ± 0.0018334. Shifted mean: 0.0220016
  Working on index: (6, 1, 2)
    Raw mean ± std: 0.0146699 ± 0.0042953. Shifted mean: 0.0146716
  Working on index: (6, 2, 1)
    Raw mean ± std: 0.0106072 ± 0.0005492. Shifted mean: 0.0106072
  Working on index: (6, 2, 2)
    Raw mean ± std: 0.0066667 ± 0.0009638. Shifted mean: 0.0066667
