INFO Using Run 1 RDx Analysis cuts
INFO Output will be saved in ./gen/rdx-26_04_13_08_46-d0_bkg_decays/d0_bkg_constraints.yml
INFO Producing iso_ctrl constraints
INFO Opening MC files: ntuples/0.9.16-d0_bkg/d0_bkg-mb-misid_corrections-k/Dst_ANNK--25_11_03--mc--10000000--201*.root
INFO Opened MC files:
  - ntuples/0.9.16-d0_bkg/d0_bkg-mb-misid_corrections-k/Dst_ANNK--25_11_03--mc--10000000--2016--md.root
  - ntuples/0.9.16-d0_bkg/d0_bkg-mb-misid_corrections-k/Dst_ANNK--25_11_03--mc--10000000--2016--mu.root
  - ntuples/0.9.16-d0_bkg/d0_bkg-mb-misid_corrections-k/Dst_ANNK--25_11_03--mc--10000000--2017--md.root
  - ntuples/0.9.16-d0_bkg/d0_bkg-mb-misid_corrections-k/Dst_ANNK--25_11_03--mc--10000000--2017--mu.root
  - ntuples/0.9.16-d0_bkg/d0_bkg-mb-misid_corrections-k/Dst_ANNK--25_11_03--mc--10000000--2018--md.root
  - ntuples/0.9.16-d0_bkg/d0_bkg-mb-misid_corrections-k/Dst_ANNK--25_11_03--mc--10000000--2018--mu.root
INFO Starting MC event loop over 1328796 entries
INFO Opening MC files: ntuples/0.9.16-d0_bkg/d0_bkg-mb-misid_corrections-pi/Dst_ANNPi--25_11_04--mc--10000000--201*.root
INFO Opened MC files:
  - ntuples/0.9.16-d0_bkg/d0_bkg-mb-misid_corrections-pi/Dst_ANNPi--25_11_04--mc--10000000--2016--md.root
  - ntuples/0.9.16-d0_bkg/d0_bkg-mb-misid_corrections-pi/Dst_ANNPi--25_11_04--mc--10000000--2016--mu.root
  - ntuples/0.9.16-d0_bkg/d0_bkg-mb-misid_corrections-pi/Dst_ANNPi--25_11_04--mc--10000000--2017--md.root
  - ntuples/0.9.16-d0_bkg/d0_bkg-mb-misid_corrections-pi/Dst_ANNPi--25_11_04--mc--10000000--2017--mu.root
  - ntuples/0.9.16-d0_bkg/d0_bkg-mb-misid_corrections-pi/Dst_ANNPi--25_11_04--mc--10000000--2018--md.root
  - ntuples/0.9.16-d0_bkg/d0_bkg-mb-misid_corrections-pi/Dst_ANNPi--25_11_04--mc--10000000--2018--mu.root
INFO Starting MC event loop over 1328796 entries

INFO Printing failed counts for pi
 - p bin 0
 -- eta bin 0
 --- D0 -> K- nu_e e+              :   121 / 77513 =  0.16%
 --- D0 -> K- nu_mu mu+            :    14 / 77513 =  0.02%
 --- D0 -> K- pi+                  : 77226 / 77513 = 99.63%
 --- D0 -> K- pi+ pi+ pi-          :     1 / 77513 =  0.00%
 --- D0 -> K- pi+ pi0              :     9 / 77513 =  0.01%
 --- D0 -> K_S0 omega              :     1 / 77513 =  0.00%
 --- D0 -> K_S0 pi+ pi-            :     1 / 77513 =  0.00%
 --- D0 -> pi+ pi-                 :   108 / 77513 =  0.14%
 --- D0 -> pi- nu_e e+             :    23 / 77513 =  0.03%
 --- D0 -> pi- nu_mu mu+           :     5 / 77513 =  0.01%
 --- D0 -> rho- pi+                :     4 / 77513 =  0.01%
 -- bkg / total:    287 / 77513 = ( 0.37 + 0.02 - 0.02)%
 -- sig / total:  77226 / 77513 = (99.63 + 0.02 - 0.02)%

 -- eta bin 1
 --- D0 -> K- nu_e e+              :     2 / 1785 =  0.11%
 --- D0 -> K- pi+                  :  1776 / 1785 = 99.50%
 --- D0 -> pi+ pi-                 :     7 / 1785 =  0.39%
 -- bkg / total:      9 / 1785 = ( 0.50 + 0.20 - 0.14)%
 -- sig / total:   1776 / 1785 = (99.50 + 0.14 - 0.20)%

 - p bin 1
 -- eta bin 0
 --- D0 -> K+ pi-                  :     1 / 117247 =  0.00%
 --- D0 -> K- nu_e e+              :    56 / 117247 =  0.05%
 --- D0 -> K- nu_mu mu+            :     8 / 117247 =  0.01%
 --- D0 -> K- pi+                  : 116976 / 117247 = 99.77%
 --- D0 -> K- pi+ pi0              :     8 / 117247 =  0.01%
 --- D0 -> pi+ pi-                 :   117 / 117247 =  0.10%
 --- D0 -> pi+ pi- K_L0            :     1 / 117247 =  0.00%
 --- D0 -> pi- nu_e e+             :    26 / 117247 =  0.02%
 --- D0 -> pi- nu_mu mu+           :     5 / 117247 =  0.00%
 --- D0 -> rho+ pi-                :    29 / 117247 =  0.02%
 --- D0 -> rho- pi+                :    20 / 117247 =  0.02%
 -- bkg / total:    271 / 117247 = ( 0.23 + 0.01 - 0.01)%
 -- sig / total: 116976 / 117247 = (99.77 + 0.01 - 0.01)%

 -- eta bin 1
 --- D0 -> K- nu_e e+              :     6 / 17787 =  0.03%
 --- D0 -> K- nu_mu mu+            :     7 / 17787 =  0.04%
 --- D0 -> K- pi+                  : 17734 / 17787 = 99.70%
 --- D0 -> K- pi+ pi0              :     4 / 17787 =  0.02%
 --- D0 -> pi+ pi-                 :    29 / 17787 =  0.16%
 --- D0 -> pi- nu_e e+             :     2 / 17787 =  0.01%
 --- D0 -> pi- nu_mu mu+           :     1 / 17787 =  0.01%
 --- D0 -> rho+ pi-                :     2 / 17787 =  0.01%
 --- D0 -> rho- pi+                :     2 / 17787 =  0.01%
 -- bkg / total:     53 / 17787 = ( 0.30 + 0.04 - 0.04)%
 -- sig / total:  17734 / 17787 = (99.70 + 0.04 - 0.04)%

 - p bin 2
 -- eta bin 0
 --- D0 -> K+ K-                   :     5 / 134454 =  0.00%
 --- D0 -> K+ K- K_L0              :     1 / 134454 =  0.00%
 --- D0 -> K+ pi-                  :     6 / 134454 =  0.00%
 --- D0 -> K+ pi- pi0              :     2 / 134454 =  0.00%
 --- D0 -> K- nu_e e+              :    31 / 134454 =  0.02%
 --- D0 -> K- nu_mu mu+            :    13 / 134454 =  0.01%
 --- D0 -> K- pi+                  : 133247 / 134454 = 99.10%
 --- D0 -> K- pi+ pi0              :     8 / 134454 =  0.01%
 --- D0 -> K_S0 pi+ pi-            :     8 / 134454 =  0.01%
 --- D0 -> pi+ pi+ pi- pi-         :     2 / 134454 =  0.00%
 --- D0 -> pi+ pi-                 :   109 / 134454 =  0.08%
 --- D0 -> pi+ pi- K_L0            :    11 / 134454 =  0.01%
 --- D0 -> pi+ pi- pi0             :    25 / 134454 =  0.02%
 --- D0 -> pi- nu_e e+             :    43 / 134454 =  0.03%
 --- D0 -> pi- nu_mu mu+           :    11 / 134454 =  0.01%
 --- D0 -> rho+ pi-                :   479 / 134454 =  0.36%
 --- D0 -> rho- pi+                :   453 / 134454 =  0.34%
 -- bkg / total:   1207 / 134454 = ( 0.90 + 0.03 - 0.03)%
 -- sig / total: 133247 / 134454 = (99.10 + 0.03 - 0.03)%

 -- eta bin 1
 --- D0 -> K+ K-                   :     1 / 31995 =  0.00%
 --- D0 -> K- nu_e e+              :     7 / 31995 =  0.02%
 --- D0 -> K- pi+                  : 31860 / 31995 = 99.58%
 --- D0 -> K- pi+ pi0              :     7 / 31995 =  0.02%
 --- D0 -> pi+ pi-                 :    54 / 31995 =  0.17%
 --- D0 -> pi+ pi- K_L0            :     1 / 31995 =  0.00%
 --- D0 -> pi+ pi- pi0             :     1 / 31995 =  0.00%
 --- D0 -> pi- nu_e e+             :     4 / 31995 =  0.01%
 --- D0 -> pi- nu_mu mu+           :     5 / 31995 =  0.02%
 --- D0 -> rho+ pi-                :    30 / 31995 =  0.09%
 --- D0 -> rho- pi+                :    25 / 31995 =  0.08%
 -- bkg / total:    135 / 31995 = ( 0.42 + 0.04 - 0.03)%
 -- sig / total:  31860 / 31995 = (99.58 + 0.03 - 0.04)%

 - p bin 3
 -- eta bin 0
 --- D0 -> K*+ pi-                 :     7 / 205711 =  0.00%
 --- D0 -> K*- K+                  :     2 / 205711 =  0.00%
 --- D0 -> K*- pi+ pi0             :     4 / 205711 =  0.00%
 --- D0 -> K*- rho+                :    24 / 205711 =  0.01%
 --- D0 -> K*0 anti-K0             :     1 / 205711 =  0.00%
 --- D0 -> K+ K-                   :    46 / 205711 =  0.02%
 --- D0 -> K+ K- pi+ pi-           :     2 / 205711 =  0.00%
 --- D0 -> K+ K_S0 pi-             :    10 / 205711 =  0.00%
 --- D0 -> K+ pi+ pi- pi-          :     4 / 205711 =  0.00%
 --- D0 -> K+ pi-                  :     5 / 205711 =  0.00%
 --- D0 -> K+ pi- K_L0             :    11 / 205711 =  0.01%
 --- D0 -> K+ pi- pi0              :    21 / 205711 =  0.01%
 --- D0 -> K- eta pi+              :     1 / 205711 =  0.00%
 --- D0 -> K- nu_e e+              :    32 / 205711 =  0.02%
 --- D0 -> K- nu_mu mu+            :    25 / 205711 =  0.01%
 --- D0 -> K- pi+                  : 199287 / 205711 = 96.88%
 --- D0 -> K- pi+ pi+ pi-          :    10 / 205711 =  0.00%
 --- D0 -> K- pi+ pi0              :    10 / 205711 =  0.00%
 --- D0 -> K_1- pi+                :     9 / 205711 =  0.00%
 --- D0 -> K_S0 omega              :     1 / 205711 =  0.00%
 --- D0 -> K_S0 pi+ pi-            :   505 / 205711 =  0.25%
 --- D0 -> K_S0 pi+ pi- pi0        :    32 / 205711 =  0.02%
 --- D0 -> a_1+ K-                 :     1 / 205711 =  0.00%
 --- D0 -> anti-K*0 omega          :     2 / 205711 =  0.00%
 --- D0 -> anti-K*0 pi+ pi-        :    14 / 205711 =  0.01%
 --- D0 -> anti-K*0 rho0           :     1 / 205711 =  0.00%
 --- D0 -> eta pi+ pi-             :     5 / 205711 =  0.00%
 --- D0 -> omega pi+ pi-           :     3 / 205711 =  0.00%
 --- D0 -> phi pi+ pi-             :     1 / 205711 =  0.00%
 --- D0 -> pi+ pi+ pi- pi-         :    79 / 205711 =  0.04%
 --- D0 -> pi+ pi+ pi- pi- pi0     :     5 / 205711 =  0.00%
 --- D0 -> pi+ pi-                 :   119 / 205711 =  0.06%
 --- D0 -> pi+ pi- K_L0            :   441 / 205711 =  0.21%
 --- D0 -> pi+ pi- K_L0 pi0        :     5 / 205711 =  0.00%
 --- D0 -> pi+ pi- pi0             :   115 / 205711 =  0.06%
 --- D0 -> pi+ pi- pi0 pi0         :    29 / 205711 =  0.01%
 --- D0 -> pi+ pi- pi0 pi0 pi0     :     1 / 205711 =  0.00%
 --- D0 -> pi- nu_e e+             :   127 / 205711 =  0.06%
 --- D0 -> pi- nu_mu mu+           :    45 / 205711 =  0.02%
 --- D0 -> rho+ pi-                :  2477 / 205711 =  1.20%
 --- D0 -> rho- nu_e e+            :     1 / 205711 =  0.00%
 --- D0 -> rho- nu_mu mu+          :     1 / 205711 =  0.00%
 --- D0 -> rho- pi+                :  2120 / 205711 =  1.03%
 --- D0 -> rho0 pi0                :     4 / 205711 =  0.00%
 --- D0 -> rho0 rho0               :     8 / 205711 =  0.00%
 --- K*0 -> K+ pi-                 :     1 / 205711 =  0.00%
 --- K_1+ -> K+ pi+ pi-            :     1 / 205711 =  0.00%
 --- a_1+ -> pi+ rho0              :     3 / 205711 =  0.00%
 --- omega -> pi+ pi-              :     1 / 205711 =  0.00%
 --- rho0 -> pi+ pi-               :    52 / 205711 =  0.03%
 -- bkg / total:   6424 / 205711 = ( 3.12 + 0.04 - 0.04)%
 -- sig / total: 199287 / 205711 = (96.88 + 0.04 - 0.04)%

 -- eta bin 1
 --- D0 -> K*- rho+                :     5 / 65920 =  0.01%
 --- D0 -> K+ K-                   :     5 / 65920 =  0.01%
 --- D0 -> K+ K_S0 pi-             :     3 / 65920 =  0.00%
 --- D0 -> K+ pi-                  :     7 / 65920 =  0.01%
 --- D0 -> K+ pi- K_L0             :     1 / 65920 =  0.00%
 --- D0 -> K- nu_e e+              :     9 / 65920 =  0.01%
 --- D0 -> K- nu_mu mu+            :    19 / 65920 =  0.03%
 --- D0 -> K- pi+                  : 64943 / 65920 = 98.52%
 --- D0 -> K- pi+ pi+ pi-          :     1 / 65920 =  0.00%
 --- D0 -> K- pi+ pi0              :     6 / 65920 =  0.01%
 --- D0 -> K_1- pi+                :     5 / 65920 =  0.01%
 --- D0 -> K_S0 pi+ pi-            :    38 / 65920 =  0.06%
 --- D0 -> K_S0 pi+ pi- pi0        :     1 / 65920 =  0.00%
 --- D0 -> anti-K*0 pi+ pi-        :     1 / 65920 =  0.00%
 --- D0 -> pi+ pi+ pi- pi-         :     6 / 65920 =  0.01%
 --- D0 -> pi+ pi+ pi- pi- pi0     :     1 / 65920 =  0.00%
 --- D0 -> pi+ pi-                 :    96 / 65920 =  0.15%
 --- D0 -> pi+ pi- K_L0            :    38 / 65920 =  0.06%
 --- D0 -> pi+ pi- pi0             :    14 / 65920 =  0.02%
 --- D0 -> pi+ pi- pi0 pi0         :     2 / 65920 =  0.00%
 --- D0 -> pi- nu_e e+             :    22 / 65920 =  0.03%
 --- D0 -> pi- nu_mu mu+           :    17 / 65920 =  0.03%
 --- D0 -> rho+ pi-                :   347 / 65920 =  0.53%
 --- D0 -> rho- pi+                :   331 / 65920 =  0.50%
 --- rho0 -> pi+ pi-               :     2 / 65920 =  0.00%
 -- bkg / total:    977 / 65920 = ( 1.48 + 0.05 - 0.05)%
 -- sig / total:  64943 / 65920 = (98.52 + 0.05 - 0.05)%

 - p bin 4
 -- eta bin 0
 --- D0 -> K*+ pi-                 :    11 / 203233 =  0.01%
 --- D0 -> K*- K+                  :    11 / 203233 =  0.01%
 --- D0 -> K*- nu_e e+             :     7 / 203233 =  0.00%
 --- D0 -> K*- nu_mu mu+           :     2 / 203233 =  0.00%
 --- D0 -> K*- pi+ pi0             :    12 / 203233 =  0.01%
 --- D0 -> K*- rho+                :    78 / 203233 =  0.04%
 --- D0 -> K+ K-                   :    71 / 203233 =  0.03%
 --- D0 -> K+ K- K_S0              :     1 / 203233 =  0.00%
 --- D0 -> K+ K- pi+ pi-           :    14 / 203233 =  0.01%
 --- D0 -> K+ K- pi+ pi- pi0       :     3 / 203233 =  0.00%
 --- D0 -> K+ K- pi0 pi0           :     1 / 203233 =  0.00%
 --- D0 -> K+ K_S0 pi-             :    67 / 203233 =  0.03%
 --- D0 -> K+ pi+ pi- pi-          :     6 / 203233 =  0.00%
 --- D0 -> K+ pi-                  :     7 / 203233 =  0.00%
 --- D0 -> K+ pi- K_L0             :    69 / 203233 =  0.03%
 --- D0 -> K+ pi- pi0              :    30 / 203233 =  0.01%
 --- D0 -> K- K_S0 pi+             :     2 / 203233 =  0.00%
 --- D0 -> K- eta pi+              :     3 / 203233 =  0.00%
 --- D0 -> K- nu_e e+              :    15 / 203233 =  0.01%
 --- D0 -> K- nu_mu mu+            :    13 / 203233 =  0.01%
 --- D0 -> K- omega pi+            :     2 / 203233 =  0.00%
 --- D0 -> K- pi+                  : 193805 / 203233 = 95.36%
 --- D0 -> K- pi+ pi+ pi+ pi-      :     1 / 203233 =  0.00%
 --- D0 -> K- pi+ pi+ pi-          :    69 / 203233 =  0.03%
 --- D0 -> K- pi+ pi0              :    95 / 203233 =  0.05%
 --- D0 -> K- pi+ pi0 pi0 pi0      :     1 / 203233 =  0.00%
 --- D0 -> K- pi+ rho0             :     4 / 203233 =  0.00%
 --- D0 -> K- rho+ pi0             :     1 / 203233 =  0.00%
 --- D0 -> K_1- pi+                :    27 / 203233 =  0.01%
 --- D0 -> K_S0 omega              :     3 / 203233 =  0.00%
 --- D0 -> K_S0 pi+ pi+ pi- pi-    :     3 / 203233 =  0.00%
 --- D0 -> K_S0 pi+ pi-            :  1341 / 203233 =  0.66%
 --- D0 -> K_S0 pi+ pi- pi0        :   131 / 203233 =  0.06%
 --- D0 -> a_1+ K-                 :     1 / 203233 =  0.00%
 --- D0 -> anti-K*0 eta            :     3 / 203233 =  0.00%
 --- D0 -> anti-K*0 pi+ pi-        :    72 / 203233 =  0.04%
 --- D0 -> anti-K*0 pi+ pi- pi0    :     5 / 203233 =  0.00%
 --- D0 -> anti-K*0 rho0           :     3 / 203233 =  0.00%
 --- D0 -> anti-K0 pi- nu_e e+     :     1 / 203233 =  0.00%
 --- D0 -> anti-K_10 pi0           :     1 / 203233 =  0.00%
 --- D0 -> eta eta                 :     1 / 203233 =  0.00%
 --- D0 -> eta pi+ pi-             :    17 / 203233 =  0.01%
 --- D0 -> eta' K_S0               :     1 / 203233 =  0.00%
 --- D0 -> eta' pi+ pi-            :     2 / 203233 =  0.00%
 --- D0 -> omega pi+ pi-           :    11 / 203233 =  0.01%
 --- D0 -> phi pi+ pi-             :     2 / 203233 =  0.00%
 --- D0 -> pi+ pi+ pi+ pi- pi-     :     5 / 203233 =  0.00%
 --- D0 -> pi+ pi+ pi- pi-         :   241 / 203233 =  0.12%
 --- D0 -> pi+ pi+ pi- pi- K_L0    :     2 / 203233 =  0.00%
 --- D0 -> pi+ pi+ pi- pi- pi0     :    10 / 203233 =  0.00%
 --- D0 -> pi+ pi-                 :    46 / 203233 =  0.02%
 --- D0 -> pi+ pi- K_L0            :  1185 / 203233 =  0.58%
 --- D0 -> pi+ pi- K_L0 pi0        :    15 / 203233 =  0.01%
 --- D0 -> pi+ pi- pi0             :   124 / 203233 =  0.06%
 --- D0 -> pi+ pi- pi0 pi0         :   104 / 203233 =  0.05%
 --- D0 -> pi+ pi- pi0 pi0 pi0     :    15 / 203233 =  0.01%
 --- D0 -> pi- nu_e e+             :   118 / 203233 =  0.06%
 --- D0 -> pi- nu_mu mu+           :    28 / 203233 =  0.01%
 --- D0 -> rho+ pi-                :  2611 / 203233 =  1.28%
 --- D0 -> rho- nu_e e+            :     2 / 203233 =  0.00%
 --- D0 -> rho- nu_mu mu+          :     1 / 203233 =  0.00%
 --- D0 -> rho- pi+                :  2178 / 203233 =  1.07%
 --- D0 -> rho0 pi0                :     6 / 203233 =  0.00%
 --- D0 -> rho0 rho0               :    21 / 203233 =  0.01%
 --- K*+ -> K0 pi+                 :     2 / 203233 =  0.00%
 --- K*0 -> K+ pi-                 :     8 / 203233 =  0.00%
 --- K_10 -> K0 pi+ pi-            :     1 / 203233 =  0.00%
 --- K_2*+ -> K*0 pi+              :     1 / 203233 =  0.00%
 --- a_1+ -> pi+ rho0              :    13 / 203233 =  0.01%
 --- a_1+ -> rho+ pi0              :     8 / 203233 =  0.00%
 --- eta' -> pi+ pi- pi0           :     1 / 203233 =  0.00%
 --- eta' -> rho0                  :     1 / 203233 =  0.00%
 --- omega -> pi+ pi-              :    10 / 203233 =  0.00%
 --- phi -> rho+ pi-               :     1 / 203233 =  0.00%
 --- rho+ -> pi+ pi0               :    16 / 203233 =  0.01%
 --- rho0 -> pi+ pi-               :   433 / 203233 =  0.21%
 -- bkg / total:   9428 / 203233 = ( 4.64 + 0.05 - 0.05)%
 -- sig / total: 193805 / 203233 = (95.36 + 0.05 - 0.05)%

 -- eta bin 1
 --- D0 -> K*+ pi-                 :     6 / 156612 =  0.00%
 --- D0 -> K*- K+                  :    11 / 156612 =  0.01%
 --- D0 -> K*- nu_e e+             :     2 / 156612 =  0.00%
 --- D0 -> K*- nu_mu mu+           :     2 / 156612 =  0.00%
 --- D0 -> K*- pi+ pi0             :    11 / 156612 =  0.01%
 --- D0 -> K*- rho+                :    49 / 156612 =  0.03%
 --- D0 -> K+ K-                   :    41 / 156612 =  0.03%
 --- D0 -> K+ K- pi+ pi-           :     5 / 156612 =  0.00%
 --- D0 -> K+ K- pi+ pi- pi0       :     1 / 156612 =  0.00%
 --- D0 -> K+ K_S0 pi-             :    36 / 156612 =  0.02%
 --- D0 -> K+ pi+ pi- pi-          :     3 / 156612 =  0.00%
 --- D0 -> K+ pi-                  :    13 / 156612 =  0.01%
 --- D0 -> K+ pi- K_L0             :    35 / 156612 =  0.02%
 --- D0 -> K+ pi- pi0              :    20 / 156612 =  0.01%
 --- D0 -> K- eta pi+              :     3 / 156612 =  0.00%
 --- D0 -> K- nu_e e+              :    15 / 156612 =  0.01%
 --- D0 -> K- nu_mu mu+            :    19 / 156612 =  0.01%
 --- D0 -> K- omega pi+            :     1 / 156612 =  0.00%
 --- D0 -> K- pi+                  : 150296 / 156612 = 95.97%
 --- D0 -> K- pi+ pi+ pi-          :    29 / 156612 =  0.02%
 --- D0 -> K- pi+ pi0              :    42 / 156612 =  0.03%
 --- D0 -> K- pi+ rho0             :     1 / 156612 =  0.00%
 --- D0 -> K- rho+ pi0             :     1 / 156612 =  0.00%
 --- D0 -> K0 anti-K0 pi0 pi0      :     1 / 156612 =  0.00%
 --- D0 -> K_1- pi+                :    28 / 156612 =  0.02%
 --- D0 -> K_S0 omega              :     2 / 156612 =  0.00%
 --- D0 -> K_S0 pi+ pi-            :   783 / 156612 =  0.50%
 --- D0 -> K_S0 pi+ pi- pi0        :    90 / 156612 =  0.06%
 --- D0 -> a_1+ K-                 :     1 / 156612 =  0.00%
 --- D0 -> anti-K*0 pi+ pi-        :    32 / 156612 =  0.02%
 --- D0 -> anti-K*0 pi+ pi- pi0    :     1 / 156612 =  0.00%
 --- D0 -> anti-K*0 pi0 pi0        :     1 / 156612 =  0.00%
 --- D0 -> anti-K*0 rho0           :     4 / 156612 =  0.00%
 --- D0 -> eta pi+ pi-             :     8 / 156612 =  0.01%
 --- D0 -> eta' eta                :     1 / 156612 =  0.00%
 --- D0 -> eta' pi+ pi-            :     3 / 156612 =  0.00%
 --- D0 -> omega pi+ pi-           :    12 / 156612 =  0.01%
 --- D0 -> phi K_S0                :     1 / 156612 =  0.00%
 --- D0 -> pi+ pi+ pi- pi-         :   153 / 156612 =  0.10%
 --- D0 -> pi+ pi+ pi- pi- K_L0    :     2 / 156612 =  0.00%
 --- D0 -> pi+ pi+ pi- pi- pi0     :     8 / 156612 =  0.01%
 --- D0 -> pi+ pi-                 :    83 / 156612 =  0.05%
 --- D0 -> pi+ pi- K_L0            :   735 / 156612 =  0.47%
 --- D0 -> pi+ pi- K_L0 pi0        :    11 / 156612 =  0.01%
 --- D0 -> pi+ pi- pi0             :   113 / 156612 =  0.07%
 --- D0 -> pi+ pi- pi0 pi0         :    63 / 156612 =  0.04%
 --- D0 -> pi+ pi- pi0 pi0 pi0     :     8 / 156612 =  0.01%
 --- D0 -> pi- nu_e e+             :    91 / 156612 =  0.06%
 --- D0 -> pi- nu_mu mu+           :    40 / 156612 =  0.03%
 --- D0 -> rho+ pi-                :  1818 / 156612 =  1.16%
 --- D0 -> rho- nu_e e+            :     1 / 156612 =  0.00%
 --- D0 -> rho- nu_mu mu+          :     1 / 156612 =  0.00%
 --- D0 -> rho- pi+                :  1594 / 156612 =  1.02%
 --- D0 -> rho0 pi0                :     4 / 156612 =  0.00%
 --- D0 -> rho0 rho0               :    19 / 156612 =  0.01%
 --- K*+ -> K0 pi+                 :     1 / 156612 =  0.00%
 --- K*0 -> K+ pi-                 :     3 / 156612 =  0.00%
 --- K_10 -> K0 pi+ pi-            :     1 / 156612 =  0.00%
 --- a_1+ -> pi+ rho0              :     6 / 156612 =  0.00%
 --- a_1+ -> rho+ pi0              :     1 / 156612 =  0.00%
 --- omega -> pi+ pi-              :     4 / 156612 =  0.00%
 --- phi -> rho+ pi-               :     2 / 156612 =  0.00%
 --- rho+ -> pi+ pi0               :     6 / 156612 =  0.00%
 --- rho0 -> pi+ pi-               :   234 / 156612 =  0.15%
 -- bkg / total:   6316 / 156612 = ( 4.03 + 0.05 - 0.05)%
 -- sig / total: 150296 / 156612 = (95.97 + 0.05 - 0.05)%

 - p bin 5
 -- eta bin 0
 --- D0 -> K*+ pi-                 :     1 / 30337 =  0.00%
 --- D0 -> K*- K+                  :     1 / 30337 =  0.00%
 --- D0 -> K*- pi+ pi0             :     1 / 30337 =  0.00%
 --- D0 -> K*- rho+                :    15 / 30337 =  0.05%
 --- D0 -> K+ K-                   :    15 / 30337 =  0.05%
 --- D0 -> K+ K- pi+ pi-           :     3 / 30337 =  0.01%
 --- D0 -> K+ K- pi+ pi- pi0       :     1 / 30337 =  0.00%
 --- D0 -> K+ K_S0 pi-             :    16 / 30337 =  0.05%
 --- D0 -> K+ pi+ pi- pi-          :     3 / 30337 =  0.01%
 --- D0 -> K+ pi-                  :     1 / 30337 =  0.00%
 --- D0 -> K+ pi- K_L0             :    17 / 30337 =  0.06%
 --- D0 -> K+ pi- pi0              :    10 / 30337 =  0.03%
 --- D0 -> K- nu_e e+              :     3 / 30337 =  0.01%
 --- D0 -> K- nu_mu mu+            :     1 / 30337 =  0.00%
 --- D0 -> K- pi+                  : 28920 / 30337 = 95.33%
 --- D0 -> K- pi+ pi+ pi-          :     5 / 30337 =  0.02%
 --- D0 -> K- pi+ pi0              :    35 / 30337 =  0.12%
 --- D0 -> K- rho+ pi0             :     1 / 30337 =  0.00%
 --- D0 -> K_1- pi+                :     5 / 30337 =  0.02%
 --- D0 -> K_S0 pi+ pi-            :   227 / 30337 =  0.75%
 --- D0 -> K_S0 pi+ pi- pi0        :    22 / 30337 =  0.07%
 --- D0 -> a_1+ K-                 :     1 / 30337 =  0.00%
 --- D0 -> anti-K*0                :     1 / 30337 =  0.00%
 --- D0 -> anti-K*0 pi+ pi-        :     9 / 30337 =  0.03%
 --- D0 -> anti-K*0 pi+ pi- pi0    :     1 / 30337 =  0.00%
 --- D0 -> anti-K*0 rho0           :     2 / 30337 =  0.01%
 --- D0 -> anti-K0 pi- nu_e e+     :     1 / 30337 =  0.00%
 --- D0 -> eta pi+ pi-             :     4 / 30337 =  0.01%
 --- D0 -> eta' pi0                :     1 / 30337 =  0.00%
 --- D0 -> omega pi+ pi-           :     3 / 30337 =  0.01%
 --- D0 -> pi+ pi+ pi- pi-         :    38 / 30337 =  0.13%
 --- D0 -> pi+ pi+ pi- pi- pi0     :     1 / 30337 =  0.00%
 --- D0 -> pi+ pi-                 :     6 / 30337 =  0.02%
 --- D0 -> pi+ pi- K_L0            :   186 / 30337 =  0.61%
 --- D0 -> pi+ pi- K_L0 pi0        :     3 / 30337 =  0.01%
 --- D0 -> pi+ pi- pi0             :    16 / 30337 =  0.05%
 --- D0 -> pi+ pi- pi0 pi0         :    22 / 30337 =  0.07%
 --- D0 -> pi+ pi- pi0 pi0 pi0     :     1 / 30337 =  0.00%
 --- D0 -> pi- nu_e e+             :    15 / 30337 =  0.05%
 --- D0 -> pi- nu_mu mu+           :     7 / 30337 =  0.02%
 --- D0 -> rho+ pi-                :   325 / 30337 =  1.07%
 --- D0 -> rho- pi+                :   283 / 30337 =  0.93%
 --- D0 -> rho0 pi0                :     1 / 30337 =  0.00%
 --- D0 -> rho0 rho0               :     2 / 30337 =  0.01%
 --- K*0 -> K+ pi-                 :     1 / 30337 =  0.00%
 --- K_1+ -> K*0 pi+               :     1 / 30337 =  0.00%
 --- a_1+ -> pi+ rho0              :     1 / 30337 =  0.00%
 --- a_1+ -> rho+ pi0              :     1 / 30337 =  0.00%
 --- omega -> pi+ pi-              :     6 / 30337 =  0.02%
 --- omega -> pi+ pi- pi0          :     1 / 30337 =  0.00%
 --- rho+ -> pi+ pi0               :     4 / 30337 =  0.01%
 --- rho0 -> pi+ pi-               :    90 / 30337 =  0.30%
 -- bkg / total:   1417 / 30337 = ( 4.67 + 0.12 - 0.12)%
 -- sig / total:  28920 / 30337 = (95.33 + 0.12 - 0.12)%

 -- eta bin 1
 --- D0 -> K*+ pi-                 :     4 / 77107 =  0.01%
 --- D0 -> K*- K+                  :    10 / 77107 =  0.01%
 --- D0 -> K*- nu_e e+             :     2 / 77107 =  0.00%
 --- D0 -> K*- nu_mu mu+           :     2 / 77107 =  0.00%
 --- D0 -> K*- pi+ pi0             :     4 / 77107 =  0.01%
 --- D0 -> K*- rho+                :    48 / 77107 =  0.06%
 --- D0 -> K+ K-                   :    32 / 77107 =  0.04%
 --- D0 -> K+ K- pi+ pi-           :     7 / 77107 =  0.01%
 --- D0 -> K+ K- pi0               :     1 / 77107 =  0.00%
 --- D0 -> K+ K_S0 pi-             :    26 / 77107 =  0.03%
 --- D0 -> K+ pi+ pi- pi-          :     1 / 77107 =  0.00%
 --- D0 -> K+ pi-                  :     3 / 77107 =  0.00%
 --- D0 -> K+ pi- K_L0             :    32 / 77107 =  0.04%
 --- D0 -> K+ pi- pi0              :    10 / 77107 =  0.01%
 --- D0 -> K- eta pi+              :     2 / 77107 =  0.00%
 --- D0 -> K- nu_e e+              :     3 / 77107 =  0.00%
 --- D0 -> K- nu_mu mu+            :     3 / 77107 =  0.00%
 --- D0 -> K- omega pi+            :     1 / 77107 =  0.00%
 --- D0 -> K- pi+                  : 73362 / 77107 = 95.14%
 --- D0 -> K- pi+ pi+ pi-          :    28 / 77107 =  0.04%
 --- D0 -> K- pi+ pi0              :    50 / 77107 =  0.06%
 --- D0 -> K- pi+ rho0             :     1 / 77107 =  0.00%
 --- D0 -> K- rho+ pi0             :     1 / 77107 =  0.00%
 --- D0 -> K_1- pi+                :    12 / 77107 =  0.02%
 --- D0 -> K_S0 omega              :     4 / 77107 =  0.01%
 --- D0 -> K_S0 pi+ pi+ pi- pi-    :     2 / 77107 =  0.00%
 --- D0 -> K_S0 pi+ pi-            :   569 / 77107 =  0.74%
 --- D0 -> K_S0 pi+ pi- pi0        :    52 / 77107 =  0.07%
 --- D0 -> anti-K*0                :     1 / 77107 =  0.00%
 --- D0 -> anti-K*0 omega          :     1 / 77107 =  0.00%
 --- D0 -> anti-K*0 pi+ pi-        :    25 / 77107 =  0.03%
 --- D0 -> anti-K*0 pi+ pi- pi0    :     2 / 77107 =  0.00%
 --- D0 -> anti-K*0 pi0            :     1 / 77107 =  0.00%
 --- D0 -> eta pi+ pi-             :    15 / 77107 =  0.02%
 --- D0 -> eta' K_S0               :     1 / 77107 =  0.00%
 --- D0 -> eta' pi+ pi-            :     2 / 77107 =  0.00%
 --- D0 -> omega pi+ pi-           :     4 / 77107 =  0.01%
 --- D0 -> pi+ pi+ pi+ pi- pi-     :     1 / 77107 =  0.00%
 --- D0 -> pi+ pi+ pi- pi-         :    96 / 77107 =  0.12%
 --- D0 -> pi+ pi+ pi- pi- pi-     :     1 / 77107 =  0.00%
 --- D0 -> pi+ pi+ pi- pi- pi0     :     4 / 77107 =  0.01%
 --- D0 -> pi+ pi-                 :    23 / 77107 =  0.03%
 --- D0 -> pi+ pi- K_L0            :   522 / 77107 =  0.68%
 --- D0 -> pi+ pi- K_L0 pi0        :    11 / 77107 =  0.01%
 --- D0 -> pi+ pi- pi0             :    48 / 77107 =  0.06%
 --- D0 -> pi+ pi- pi0 pi0         :    46 / 77107 =  0.06%
 --- D0 -> pi+ pi- pi0 pi0 pi0     :     4 / 77107 =  0.01%
 --- D0 -> pi- nu_e e+             :    40 / 77107 =  0.05%
 --- D0 -> pi- nu_mu mu+           :    16 / 77107 =  0.02%
 --- D0 -> rho+ pi-                :   957 / 77107 =  1.24%
 --- D0 -> rho- pi+                :   797 / 77107 =  1.03%
 --- D0 -> rho0 pi0                :     6 / 77107 =  0.01%
 --- D0 -> rho0 rho0               :    10 / 77107 =  0.01%
 --- K*+ -> K+ pi0                 :     1 / 77107 =  0.00%
 --- K*+ -> K0 pi+                 :     1 / 77107 =  0.00%
 --- K*0 -> K+ pi-                 :     1 / 77107 =  0.00%
 --- K_1+ -> K+ pi+ pi-            :     1 / 77107 =  0.00%
 --- a_1+ -> pi+ rho0              :     2 / 77107 =  0.00%
 --- a_1+ -> rho+ pi0              :     5 / 77107 =  0.01%
 --- omega -> pi+ pi-              :     2 / 77107 =  0.00%
 --- omega -> pi+ pi- pi0          :     1 / 77107 =  0.00%
 --- phi -> rho+ pi-               :     1 / 77107 =  0.00%
 --- rho+ -> pi+ pi0               :     4 / 77107 =  0.01%
 --- rho0 -> pi+ pi-               :   182 / 77107 =  0.24%
 -- bkg / total:   3745 / 77107 = ( 4.86 + 0.08 - 0.08)%
 -- sig / total:  73362 / 77107 = (95.14 + 0.08 - 0.08)%


INFO Printing failed counts for k
 - p bin 0
 -- eta bin 0
 --- D0 -> K*+ pi-                 :     2 / 44155 =  0.00%
 --- D0 -> K*- K+                  :    10 / 44155 =  0.02%
 --- D0 -> K*- nu_e e+             :     3 / 44155 =  0.01%
 --- D0 -> K*- nu_mu mu+           :    26 / 44155 =  0.06%
 --- D0 -> K*- pi+ pi0             :    14 / 44155 =  0.03%
 --- D0 -> K*- rho+                :    97 / 44155 =  0.22%
 --- D0 -> K*0 anti-K0             :     1 / 44155 =  0.00%
 --- D0 -> K+ K-                   :    21 / 44155 =  0.05%
 --- D0 -> K+ K- K_L0              :     1 / 44155 =  0.00%
 --- D0 -> K+ K- pi+ pi-           :    12 / 44155 =  0.03%
 --- D0 -> K+ K- pi+ pi- pi0       :     1 / 44155 =  0.00%
 --- D0 -> K+ K_S0 pi-             :    74 / 44155 =  0.17%
 --- D0 -> K+ pi+ pi- pi-          :     9 / 44155 =  0.02%
 --- D0 -> K+ pi-                  :     1 / 44155 =  0.00%
 --- D0 -> K+ pi- K_L0             :    71 / 44155 =  0.16%
 --- D0 -> K+ pi- pi0              :    18 / 44155 =  0.04%
 --- D0 -> K- K_S0 pi+             :     1 / 44155 =  0.00%
 --- D0 -> K- eta pi+              :     4 / 44155 =  0.01%
 --- D0 -> K- nu_e e+              :     2 / 44155 =  0.00%
 --- D0 -> K- nu_mu mu+            :    24 / 44155 =  0.05%
 --- D0 -> K- omega pi+            :     3 / 44155 =  0.01%
 --- D0 -> K- pi+                  : 38426 / 44155 = 87.03%
 --- D0 -> K- pi+ pi+ pi+ pi-      :     1 / 44155 =  0.00%
 --- D0 -> K- pi+ pi+ pi-          :    54 / 44155 =  0.12%
 --- D0 -> K- pi+ pi0              :    84 / 44155 =  0.19%
 --- D0 -> K- pi+ rho0             :     3 / 44155 =  0.01%
 --- D0 -> K- rho+ pi0             :     4 / 44155 =  0.01%
 --- D0 -> K0 anti-K0 pi0 pi0      :     1 / 44155 =  0.00%
 --- D0 -> K_1- pi+                :    39 / 44155 =  0.09%
 --- D0 -> K_S0 omega              :     4 / 44155 =  0.01%
 --- D0 -> K_S0 pi+ pi+ pi- pi-    :     2 / 44155 =  0.00%
 --- D0 -> K_S0 pi+ pi-            :  1409 / 44155 =  3.19%
 --- D0 -> K_S0 pi+ pi- pi0        :   155 / 44155 =  0.35%
 --- D0 -> a_1+ K-                 :     1 / 44155 =  0.00%
 --- D0 -> anti-K*0 eta            :     2 / 44155 =  0.00%
 --- D0 -> anti-K*0 pi+ pi-        :    80 / 44155 =  0.18%
 --- D0 -> anti-K*0 pi+ pi- pi0    :     3 / 44155 =  0.01%
 --- D0 -> anti-K*0 rho0           :     4 / 44155 =  0.01%
 --- D0 -> anti-K0 pi- nu_e e+     :     1 / 44155 =  0.00%
 --- D0 -> anti-K0 pi- nu_mu mu+   :     5 / 44155 =  0.01%
 --- D0 -> eta eta                 :     1 / 44155 =  0.00%
 --- D0 -> eta pi+ pi-             :    22 / 44155 =  0.05%
 --- D0 -> eta' eta                :     1 / 44155 =  0.00%
 --- D0 -> eta' pi+ pi-            :     3 / 44155 =  0.01%
 --- D0 -> omega pi+ pi-           :    14 / 44155 =  0.03%
 --- D0 -> phi K_S0                :     1 / 44155 =  0.00%
 --- D0 -> pi+ pi+ pi+ pi- pi-     :     4 / 44155 =  0.01%
 --- D0 -> pi+ pi+ pi- pi-         :   258 / 44155 =  0.58%
 --- D0 -> pi+ pi+ pi- pi- K_L0    :     3 / 44155 =  0.01%
 --- D0 -> pi+ pi+ pi- pi- pi-     :     2 / 44155 =  0.00%
 --- D0 -> pi+ pi+ pi- pi- pi0     :    13 / 44155 =  0.03%
 --- D0 -> pi+ pi-                 :     5 / 44155 =  0.01%
 --- D0 -> pi+ pi- K_L0            :  1251 / 44155 =  2.83%
 --- D0 -> pi+ pi- K_L0 pi0        :    20 / 44155 =  0.05%
 --- D0 -> pi+ pi- pi0             :    64 / 44155 =  0.14%
 --- D0 -> pi+ pi- pi0 pi0         :    98 / 44155 =  0.22%
 --- D0 -> pi+ pi- pi0 pi0 pi0     :    12 / 44155 =  0.03%
 --- D0 -> pi- nu_e e+             :    72 / 44155 =  0.16%
 --- D0 -> pi- nu_mu mu+           :   112 / 44155 =  0.25%
 --- D0 -> rho+ pi-                :   473 / 44155 =  1.07%
 --- D0 -> rho- nu_e e+            :     1 / 44155 =  0.00%
 --- D0 -> rho- nu_mu mu+          :     9 / 44155 =  0.02%
 --- D0 -> rho- pi+                :   494 / 44155 =  1.12%
 --- D0 -> rho0 pi0                :    10 / 44155 =  0.02%
 --- D0 -> rho0 rho0               :    27 / 44155 =  0.06%
 --- K*+ -> K0 pi+                 :     2 / 44155 =  0.00%
 --- K*0 -> K+ pi-                 :     5 / 44155 =  0.01%
 --- K_1+ -> K*0 pi+               :     1 / 44155 =  0.00%
 --- K_10 -> K0 pi+ pi-            :     1 / 44155 =  0.00%
 --- a_1+ -> pi+ rho0              :     7 / 44155 =  0.02%
 --- a_1+ -> rho+ pi0              :     7 / 44155 =  0.02%
 --- eta' -> pi+ pi- pi0           :     1 / 44155 =  0.00%
 --- eta' -> rho0                  :     1 / 44155 =  0.00%
 --- omega -> pi+ pi-              :    12 / 44155 =  0.03%
 --- omega -> pi+ pi- pi0          :     1 / 44155 =  0.00%
 --- phi -> rho+ pi-               :     1 / 44155 =  0.00%
 --- rho+ -> pi+ pi0               :    14 / 44155 =  0.03%
 --- rho0 -> pi+ pi-               :   459 / 44155 =  1.04%
 -- bkg / total:   5729 / 44155 = (12.97 + 0.16 - 0.16)%
 -- sig / total:  38426 / 44155 = (87.03 + 0.16 - 0.16)%

 -- eta bin 1
 --- D0 -> K*- K+                  :     1 / 1782 =  0.06%
 --- D0 -> K*- pi+ pi0             :     3 / 1782 =  0.17%
 --- D0 -> K*- rho+                :     8 / 1782 =  0.45%
 --- D0 -> K+ K- pi+ pi-           :     3 / 1782 =  0.17%
 --- D0 -> K+ K_S0 pi-             :     5 / 1782 =  0.28%
 --- D0 -> K+ pi- K_L0             :     1 / 1782 =  0.06%
 --- D0 -> K- pi+                  :  1527 / 1782 = 85.69%
 --- D0 -> K- pi+ pi+ pi-          :     7 / 1782 =  0.39%
 --- D0 -> K- pi+ pi0              :     6 / 1782 =  0.34%
 --- D0 -> K- rho+ pi0             :     1 / 1782 =  0.06%
 --- D0 -> K_1- pi+                :     4 / 1782 =  0.22%
 --- D0 -> K_S0 omega              :     1 / 1782 =  0.06%
 --- D0 -> K_S0 pi+ pi+ pi- pi-    :     1 / 1782 =  0.06%
 --- D0 -> K_S0 pi+ pi-            :    56 / 1782 =  3.14%
 --- D0 -> K_S0 pi+ pi- pi0        :     9 / 1782 =  0.51%
 --- D0 -> anti-K*0 pi+ pi-        :     2 / 1782 =  0.11%
 --- D0 -> anti-K*0 pi+ pi- pi0    :     1 / 1782 =  0.06%
 --- D0 -> anti-K*0 rho0           :     1 / 1782 =  0.06%
 --- D0 -> eta pi+ pi-             :     3 / 1782 =  0.17%
 --- D0 -> pi+ pi+ pi+ pi- pi-     :     1 / 1782 =  0.06%
 --- D0 -> pi+ pi+ pi- pi-         :    12 / 1782 =  0.67%
 --- D0 -> pi+ pi- K_L0            :    27 / 1782 =  1.52%
 --- D0 -> pi+ pi- K_L0 pi0        :     2 / 1782 =  0.11%
 --- D0 -> pi+ pi- pi0             :     3 / 1782 =  0.17%
 --- D0 -> pi+ pi- pi0 pi0         :     6 / 1782 =  0.34%
 --- D0 -> pi+ pi- pi0 pi0 pi0     :     2 / 1782 =  0.11%
 --- D0 -> pi- nu_e e+             :     2 / 1782 =  0.11%
 --- D0 -> pi- nu_mu mu+           :     3 / 1782 =  0.17%
 --- D0 -> rho+ pi-                :    22 / 1782 =  1.23%
 --- D0 -> rho- pi+                :    19 / 1782 =  1.07%
 --- D0 -> rho0 pi0                :     2 / 1782 =  0.11%
 --- K*+ -> K+ pi0                 :     1 / 1782 =  0.06%
 --- a_1+ -> pi+ rho0              :     2 / 1782 =  0.11%
 --- a_1+ -> rho+ pi0              :     2 / 1782 =  0.11%
 --- rho+ -> pi+ pi0               :     1 / 1782 =  0.06%
 --- rho0 -> pi+ pi-               :    35 / 1782 =  1.96%
 -- bkg / total:    255 / 1782 = (14.31 + 0.85 - 0.81)%
 -- sig / total:   1527 / 1782 = (85.69 + 0.81 - 0.85)%

 - p bin 1
 -- eta bin 0
 --- D0 -> K*+ pi-                 :     8 / 98769 =  0.01%
 --- D0 -> K*- K+                  :     9 / 98769 =  0.01%
 --- D0 -> K*- nu_e e+             :     1 / 98769 =  0.00%
 --- D0 -> K*- nu_mu mu+           :     7 / 98769 =  0.01%
 --- D0 -> K*- pi+ pi0             :     4 / 98769 =  0.00%
 --- D0 -> K*- rho+                :    34 / 98769 =  0.03%
 --- D0 -> K+ K-                   :    35 / 98769 =  0.04%
 --- D0 -> K+ K- pi+ pi-           :     2 / 98769 =  0.00%
 --- D0 -> K+ K_S0 pi-             :    24 / 98769 =  0.02%
 --- D0 -> K+ pi+ pi- pi-          :     4 / 98769 =  0.00%
 --- D0 -> K+ pi-                  :     1 / 98769 =  0.00%
 --- D0 -> K+ pi- K_L0             :    32 / 98769 =  0.03%
 --- D0 -> K+ pi- pi0              :    27 / 98769 =  0.03%
 --- D0 -> K- nu_e e+              :     5 / 98769 =  0.01%
 --- D0 -> K- nu_mu mu+            :    46 / 98769 =  0.05%
 --- D0 -> K- pi+                  : 92454 / 98769 = 93.61%
 --- D0 -> K- pi+ pi+ pi-          :    14 / 98769 =  0.01%
 --- D0 -> K- pi+ pi0              :    21 / 98769 =  0.02%
 --- D0 -> K- pi+ rho0             :     1 / 98769 =  0.00%
 --- D0 -> K_1- pi+                :     7 / 98769 =  0.01%
 --- D0 -> K_S0 omega              :     1 / 98769 =  0.00%
 --- D0 -> K_S0 pi+ pi-            :   749 / 98769 =  0.76%
 --- D0 -> K_S0 pi+ pi- pi0        :    32 / 98769 =  0.03%
 --- D0 -> a_1+ K-                 :     1 / 98769 =  0.00%
 --- D0 -> anti-K*0                :     1 / 98769 =  0.00%
 --- D0 -> anti-K*0 pi+ pi-        :    10 / 98769 =  0.01%
 --- D0 -> anti-K*0 pi0            :     1 / 98769 =  0.00%
 --- D0 -> anti-K*0 rho0           :     3 / 98769 =  0.00%
 --- D0 -> anti-K0 pi- nu_mu mu+   :     2 / 98769 =  0.00%
 --- D0 -> eta pi+ pi-             :     5 / 98769 =  0.01%
 --- D0 -> eta' pi+ pi-            :     1 / 98769 =  0.00%
 --- D0 -> eta' pi0                :     1 / 98769 =  0.00%
 --- D0 -> omega pi+ pi-           :     5 / 98769 =  0.01%
 --- D0 -> pi+ pi+ pi- pi-         :   119 / 98769 =  0.12%
 --- D0 -> pi+ pi+ pi- pi- pi0     :     2 / 98769 =  0.00%
 --- D0 -> pi+ pi-                 :    23 / 98769 =  0.02%
 --- D0 -> pi+ pi- K_L0            :   717 / 98769 =  0.73%
 --- D0 -> pi+ pi- K_L0 pi0        :     5 / 98769 =  0.01%
 --- D0 -> pi+ pi- pi0             :    95 / 98769 =  0.10%
 --- D0 -> pi+ pi- pi0 pi0         :    55 / 98769 =  0.06%
 --- D0 -> pi+ pi- pi0 pi0 pi0     :     3 / 98769 =  0.00%
 --- D0 -> pi- nu_e e+             :    92 / 98769 =  0.09%
 --- D0 -> pi- nu_mu mu+           :   201 / 98769 =  0.20%
 --- D0 -> rho+ pi-                :  2014 / 98769 =  2.04%
 --- D0 -> rho- nu_e e+            :     1 / 98769 =  0.00%
 --- D0 -> rho- nu_mu mu+          :     5 / 98769 =  0.01%
 --- D0 -> rho- pi+                :  1763 / 98769 =  1.78%
 --- D0 -> rho0 pi0                :     3 / 98769 =  0.00%
 --- D0 -> rho0 rho0               :    15 / 98769 =  0.02%
 --- K*0 -> K+ pi-                 :     2 / 98769 =  0.00%
 --- a_1+ -> rho+ pi0              :     3 / 98769 =  0.00%
 --- omega -> pi+ pi-              :     5 / 98769 =  0.01%
 --- rho+ -> pi+ pi0               :     3 / 98769 =  0.00%
 --- rho0 -> pi+ pi-               :    95 / 98769 =  0.10%
 -- bkg / total:   6315 / 98769 = ( 6.39 + 0.08 - 0.08)%
 -- sig / total:  92454 / 98769 = (93.61 + 0.08 - 0.08)%

 -- eta bin 1
 --- D0 -> K*+ pi-                 :     2 / 17641 =  0.01%
 --- D0 -> K*- K+                  :     3 / 17641 =  0.02%
 --- D0 -> K*- nu_e e+             :     1 / 17641 =  0.01%
 --- D0 -> K*- nu_mu mu+           :    11 / 17641 =  0.06%
 --- D0 -> K*- rho+                :    31 / 17641 =  0.18%
 --- D0 -> K+ K-                   :     5 / 17641 =  0.03%
 --- D0 -> K+ K- pi+ pi-           :     5 / 17641 =  0.03%
 --- D0 -> K+ K- pi0               :     1 / 17641 =  0.01%
 --- D0 -> K+ K_S0 pi-             :    18 / 17641 =  0.10%
 --- D0 -> K+ pi+ pi- pi-          :     1 / 17641 =  0.01%
 --- D0 -> K+ pi- K_L0             :    24 / 17641 =  0.14%
 --- D0 -> K+ pi- pi0              :    10 / 17641 =  0.06%
 --- D0 -> K- nu_e e+              :     1 / 17641 =  0.01%
 --- D0 -> K- nu_mu mu+            :    10 / 17641 =  0.06%
 --- D0 -> K- pi+                  : 15916 / 17641 = 90.22%
 --- D0 -> K- pi+ pi+ pi-          :    22 / 17641 =  0.12%
 --- D0 -> K- pi+ pi0              :    38 / 17641 =  0.22%
 --- D0 -> K_1- pi+                :    12 / 17641 =  0.07%
 --- D0 -> K_S0 omega              :     2 / 17641 =  0.01%
 --- D0 -> K_S0 pi+ pi+ pi- pi-    :     3 / 17641 =  0.02%
 --- D0 -> K_S0 pi+ pi-            :   313 / 17641 =  1.77%
 --- D0 -> K_S0 pi+ pi- pi0        :    45 / 17641 =  0.26%
 --- D0 -> anti-K*0                :     1 / 17641 =  0.01%
 --- D0 -> anti-K*0 omega          :     1 / 17641 =  0.01%
 --- D0 -> anti-K*0 pi+ pi-        :    16 / 17641 =  0.09%
 --- D0 -> anti-K*0 pi+ pi- pi0    :     2 / 17641 =  0.01%
 --- D0 -> eta pi+ pi-             :     6 / 17641 =  0.03%
 --- D0 -> eta' pi+ pi-            :     1 / 17641 =  0.01%
 --- D0 -> omega pi+ pi-           :     6 / 17641 =  0.03%
 --- D0 -> pi+ pi+ pi- pi-         :    56 / 17641 =  0.32%
 --- D0 -> pi+ pi+ pi- pi- K_L0    :     2 / 17641 =  0.01%
 --- D0 -> pi+ pi+ pi- pi- pi0     :     4 / 17641 =  0.02%
 --- D0 -> pi+ pi- K_L0            :   300 / 17641 =  1.70%
 --- D0 -> pi+ pi- K_L0 pi0        :     8 / 17641 =  0.05%
 --- D0 -> pi+ pi- pi0             :    20 / 17641 =  0.11%
 --- D0 -> pi+ pi- pi0 pi0         :    36 / 17641 =  0.20%
 --- D0 -> pi+ pi- pi0 pi0 pi0     :     5 / 17641 =  0.03%
 --- D0 -> pi- nu_e e+             :     9 / 17641 =  0.05%
 --- D0 -> pi- nu_mu mu+           :    34 / 17641 =  0.19%
 --- D0 -> rho+ pi-                :   267 / 17641 =  1.51%
 --- D0 -> rho- nu_mu mu+          :     1 / 17641 =  0.01%
 --- D0 -> rho- pi+                :   211 / 17641 =  1.20%
 --- D0 -> rho0 pi0                :     2 / 17641 =  0.01%
 --- D0 -> rho0 rho0               :     5 / 17641 =  0.03%
 --- K*+ -> K+ pi0                 :     1 / 17641 =  0.01%
 --- K*0 -> K+ pi-                 :     3 / 17641 =  0.02%
 --- K_1+ -> K+ pi+ pi-            :     1 / 17641 =  0.01%
 --- a_1+ -> pi+ rho0              :     3 / 17641 =  0.02%
 --- omega -> pi+ pi-              :     3 / 17641 =  0.02%
 --- omega -> pi+ pi- pi0          :     2 / 17641 =  0.01%
 --- phi -> rho+ pi-               :     1 / 17641 =  0.01%
 --- rho+ -> pi+ pi0               :     4 / 17641 =  0.02%
 --- rho0 -> pi+ pi-               :   156 / 17641 =  0.88%
 -- bkg / total:   1725 / 17641 = ( 9.78 + 0.23 - 0.22)%
 -- sig / total:  15916 / 17641 = (90.22 + 0.22 - 0.23)%

 - p bin 2
 -- eta bin 0
 --- D0 -> K*+ pi-                 :     9 / 131149 =  0.01%
 --- D0 -> K*- K+                  :     3 / 131149 =  0.00%
 --- D0 -> K*- nu_mu mu+           :     1 / 131149 =  0.00%
 --- D0 -> K*- rho+                :     5 / 131149 =  0.00%
 --- D0 -> K+ K-                   :    50 / 131149 =  0.04%
 --- D0 -> K+ K_S0 pi-             :     4 / 131149 =  0.00%
 --- D0 -> K+ pi+ pi- pi-          :     1 / 131149 =  0.00%
 --- D0 -> K+ pi-                  :     5 / 131149 =  0.00%
 --- D0 -> K+ pi- K_L0             :     6 / 131149 =  0.00%
 --- D0 -> K+ pi- pi0              :    11 / 131149 =  0.01%
 --- D0 -> K- nu_e e+              :    18 / 131149 =  0.01%
 --- D0 -> K- nu_mu mu+            :    63 / 131149 =  0.05%
 --- D0 -> K- pi+                  : 126176 / 131149 = 96.21%
 --- D0 -> K- pi+ pi+ pi-          :     4 / 131149 =  0.00%
 --- D0 -> K- pi+ pi0              :    11 / 131149 =  0.01%
 --- D0 -> K_1- pi+                :     1 / 131149 =  0.00%
 --- D0 -> K_S0 omega              :     1 / 131149 =  0.00%
 --- D0 -> K_S0 pi+ pi-            :   186 / 131149 =  0.14%
 --- D0 -> K_S0 pi+ pi- pi0        :     2 / 131149 =  0.00%
 --- D0 -> anti-K*0 rho0           :     1 / 131149 =  0.00%
 --- D0 -> eta pi+ pi-             :     3 / 131149 =  0.00%
 --- D0 -> pi+ pi+ pi- pi-         :    33 / 131149 =  0.03%
 --- D0 -> pi+ pi-                 :    48 / 131149 =  0.04%
 --- D0 -> pi+ pi- K_L0            :   168 / 131149 =  0.13%
 --- D0 -> pi+ pi- pi0             :   101 / 131149 =  0.08%
 --- D0 -> pi+ pi- pi0 pi0         :    17 / 131149 =  0.01%
 --- D0 -> pi+ pi- pi0 pi0 pi0     :     1 / 131149 =  0.00%
 --- D0 -> pi- nu_e e+             :    86 / 131149 =  0.07%
 --- D0 -> pi- nu_mu mu+           :   198 / 131149 =  0.15%
 --- D0 -> rho+ pi-                :  2102 / 131149 =  1.60%
 --- D0 -> rho- nu_mu mu+          :     1 / 131149 =  0.00%
 --- D0 -> rho- pi+                :  1808 / 131149 =  1.38%
 --- D0 -> rho0 pi0                :     2 / 131149 =  0.00%
 --- D0 -> rho0 rho0               :     3 / 131149 =  0.00%
 --- rho+ -> pi+ pi0               :     1 / 131149 =  0.00%
 --- rho0 -> pi+ pi-               :    19 / 131149 =  0.01%
 -- bkg / total:   4973 / 131149 = ( 3.79 + 0.05 - 0.05)%
 -- sig / total: 126176 / 131149 = (96.21 + 0.05 - 0.05)%

 -- eta bin 1
 --- D0 -> K*+ pi-                 :     1 / 34390 =  0.00%
 --- D0 -> K*- K+                  :     2 / 34390 =  0.01%
 --- D0 -> K*- nu_mu mu+           :     3 / 34390 =  0.01%
 --- D0 -> K*- pi+ pi0             :     4 / 34390 =  0.01%
 --- D0 -> K*- rho+                :    32 / 34390 =  0.09%
 --- D0 -> K+ K-                   :    17 / 34390 =  0.05%
 --- D0 -> K+ K- K_S0              :     1 / 34390 =  0.00%
 --- D0 -> K+ K- pi+ pi-           :     1 / 34390 =  0.00%
 --- D0 -> K+ K_S0 pi-             :    17 / 34390 =  0.05%
 --- D0 -> K+ pi+ pi- pi-          :     1 / 34390 =  0.00%
 --- D0 -> K+ pi-                  :     1 / 34390 =  0.00%
 --- D0 -> K+ pi- K_L0             :    12 / 34390 =  0.03%
 --- D0 -> K+ pi- pi0              :     7 / 34390 =  0.02%
 --- D0 -> K- nu_e e+              :     3 / 34390 =  0.01%
 --- D0 -> K- nu_mu mu+            :    23 / 34390 =  0.07%
 --- D0 -> K- pi+                  : 32323 / 34390 = 93.99%
 --- D0 -> K- pi+ pi+ pi-          :    12 / 34390 =  0.03%
 --- D0 -> K- pi+ pi0              :    16 / 34390 =  0.05%
 --- D0 -> K- pi+ rho0             :     1 / 34390 =  0.00%
 --- D0 -> K_1- pi+                :    12 / 34390 =  0.03%
 --- D0 -> K_S0 pi+ pi-            :   308 / 34390 =  0.90%
 --- D0 -> K_S0 pi+ pi- pi0        :    18 / 34390 =  0.05%
 --- D0 -> anti-K*0 pi+ pi-        :    10 / 34390 =  0.03%
 --- D0 -> anti-K*0 pi+ pi- pi0    :     1 / 34390 =  0.00%
 --- D0 -> anti-K*0 rho0           :     3 / 34390 =  0.01%
 --- D0 -> anti-K0 pi- nu_mu mu+   :     1 / 34390 =  0.00%
 --- D0 -> eta pi+ pi-             :     3 / 34390 =  0.01%
 --- D0 -> eta' K_S0               :     1 / 34390 =  0.00%
 --- D0 -> eta' pi+ pi-            :     1 / 34390 =  0.00%
 --- D0 -> omega pi+ pi-           :     3 / 34390 =  0.01%
 --- D0 -> phi pi+ pi-             :     1 / 34390 =  0.00%
 --- D0 -> pi+ pi+ pi- pi-         :    54 / 34390 =  0.16%
 --- D0 -> pi+ pi+ pi- pi- K_L0    :     2 / 34390 =  0.01%
 --- D0 -> pi+ pi+ pi- pi- pi0     :     1 / 34390 =  0.00%
 --- D0 -> pi+ pi-                 :     7 / 34390 =  0.02%
 --- D0 -> pi+ pi- K_L0            :   280 / 34390 =  0.81%
 --- D0 -> pi+ pi- K_L0 pi0        :     6 / 34390 =  0.02%
 --- D0 -> pi+ pi- pi0             :    24 / 34390 =  0.07%
 --- D0 -> pi+ pi- pi0 pi0         :    26 / 34390 =  0.08%
 --- D0 -> pi+ pi- pi0 pi0 pi0     :     2 / 34390 =  0.01%
 --- D0 -> pi- nu_e e+             :    21 / 34390 =  0.06%
 --- D0 -> pi- nu_mu mu+           :    57 / 34390 =  0.17%
 --- D0 -> rho+ pi-                :   527 / 34390 =  1.53%
 --- D0 -> rho- nu_mu mu+          :     2 / 34390 =  0.01%
 --- D0 -> rho- pi+                :   433 / 34390 =  1.26%
 --- D0 -> rho0 pi0                :     3 / 34390 =  0.01%
 --- D0 -> rho0 rho0               :     3 / 34390 =  0.01%
 --- K*0 -> K+ pi-                 :     1 / 34390 =  0.00%
 --- K_10 -> K0 pi+ pi-            :     1 / 34390 =  0.00%
 --- K_L0 -> 1000110220            :     1 / 34390 =  0.00%
 --- a_1+ -> pi+ rho0              :     1 / 34390 =  0.00%
 --- omega -> pi+ pi-              :     2 / 34390 =  0.01%
 --- omega -> pi+ pi- pi0          :     1 / 34390 =  0.00%
 --- rho+ -> pi+ pi0               :     4 / 34390 =  0.01%
 --- rho0 -> pi+ pi-               :    92 / 34390 =  0.27%
 -- bkg / total:   2067 / 34390 = ( 6.01 + 0.13 - 0.13)%
 -- sig / total:  32323 / 34390 = (93.99 + 0.13 - 0.13)%

 - p bin 3
 -- eta bin 0
 --- D0 -> K*+ pi-                 :     2 / 213382 =  0.00%
 --- D0 -> K*- nu_mu mu+           :     1 / 213382 =  0.00%
 --- D0 -> K+ K-                   :    45 / 213382 =  0.02%
 --- D0 -> K+ pi-                  :    10 / 213382 =  0.00%
 --- D0 -> K+ pi- pi0              :     6 / 213382 =  0.00%
 --- D0 -> K- nu_e e+              :    42 / 213382 =  0.02%
 --- D0 -> K- nu_mu mu+            :   153 / 213382 =  0.07%
 --- D0 -> K- pi+                  : 209840 / 213382 = 98.34%
 --- D0 -> K- pi+ pi0              :    10 / 213382 =  0.00%
 --- D0 -> K_S0 pi+ pi-            :    30 / 213382 =  0.01%
 --- D0 -> pi+ pi+ pi- pi-         :     7 / 213382 =  0.00%
 --- D0 -> pi+ pi-                 :   119 / 213382 =  0.06%
 --- D0 -> pi+ pi- K_L0            :    36 / 213382 =  0.02%
 --- D0 -> pi+ pi- pi0             :    60 / 213382 =  0.03%
 --- D0 -> pi+ pi- pi0 pi0         :     2 / 213382 =  0.00%
 --- D0 -> pi- nu_e e+             :    65 / 213382 =  0.03%
 --- D0 -> pi- nu_mu mu+           :   181 / 213382 =  0.08%
 --- D0 -> rho+ pi-                :  1485 / 213382 =  0.70%
 --- D0 -> rho- pi+                :  1285 / 213382 =  0.60%
 --- D0 -> rho0 rho0               :     1 / 213382 =  0.00%
 --- rho0 -> pi+ pi-               :     2 / 213382 =  0.00%
 -- bkg / total:   3542 / 213382 = ( 1.66 + 0.03 - 0.03)%
 -- sig / total: 209840 / 213382 = (98.34 + 0.03 - 0.03)%

 -- eta bin 1
 --- D0 -> K*+ pi-                 :     4 / 70146 =  0.01%
 --- D0 -> K*- K+                  :     1 / 70146 =  0.00%
 --- D0 -> K*- nu_mu mu+           :     1 / 70146 =  0.00%
 --- D0 -> K*- rho+                :     4 / 70146 =  0.01%
 --- D0 -> K+ K-                   :    47 / 70146 =  0.07%
 --- D0 -> K+ K- pi+ pi-           :     3 / 70146 =  0.00%
 --- D0 -> K+ K_S0 pi-             :     5 / 70146 =  0.01%
 --- D0 -> K+ pi+ pi- pi-          :     1 / 70146 =  0.00%
 --- D0 -> K+ pi-                  :     2 / 70146 =  0.00%
 --- D0 -> K+ pi- K_L0             :     4 / 70146 =  0.01%
 --- D0 -> K+ pi- pi0              :     7 / 70146 =  0.01%
 --- D0 -> K- nu_e e+              :     9 / 70146 =  0.01%
 --- D0 -> K- nu_mu mu+            :    45 / 70146 =  0.06%
 --- D0 -> K- pi+                  : 67685 / 70146 = 96.49%
 --- D0 -> K- pi+ pi+ pi-          :     2 / 70146 =  0.00%
 --- D0 -> K- pi+ pi0              :    18 / 70146 =  0.03%
 --- D0 -> K_1- pi+                :     1 / 70146 =  0.00%
 --- D0 -> K_S0 omega              :     1 / 70146 =  0.00%
 --- D0 -> K_S0 pi+ pi-            :   148 / 70146 =  0.21%
 --- D0 -> K_S0 pi+ pi- pi0        :     4 / 70146 =  0.01%
 --- D0 -> K_S0 pi0                :     1 / 70146 =  0.00%
 --- D0 -> anti-K*0 pi+ pi-        :     2 / 70146 =  0.00%
 --- D0 -> eta pi+ pi-             :     3 / 70146 =  0.00%
 --- D0 -> pi+ pi+ pi- pi-         :    28 / 70146 =  0.04%
 --- D0 -> pi+ pi+ pi- pi- pi0     :     2 / 70146 =  0.00%
 --- D0 -> pi+ pi-                 :    22 / 70146 =  0.03%
 --- D0 -> pi+ pi- K_L0            :   149 / 70146 =  0.21%
 --- D0 -> pi+ pi- K_L0 pi0        :     1 / 70146 =  0.00%
 --- D0 -> pi+ pi- pi0             :    41 / 70146 =  0.06%
 --- D0 -> pi+ pi- pi0 pi0         :    11 / 70146 =  0.02%
 --- D0 -> pi+ pi- pi0 pi0 pi0     :     2 / 70146 =  0.00%
 --- D0 -> pi- nu_e e+             :    22 / 70146 =  0.03%
 --- D0 -> pi- nu_mu mu+           :   100 / 70146 =  0.14%
 --- D0 -> rho+ pi-                :   984 / 70146 =  1.40%
 --- D0 -> rho- nu_e e+            :     1 / 70146 =  0.00%
 --- D0 -> rho- nu_mu mu+          :     2 / 70146 =  0.00%
 --- D0 -> rho- pi+                :   760 / 70146 =  1.08%
 --- D0 -> rho0 pi0                :     2 / 70146 =  0.00%
 --- D0 -> rho0 rho0               :     2 / 70146 =  0.00%
 --- a_1+ -> pi+ rho0              :     1 / 70146 =  0.00%
 --- eta' -> rho0                  :     1 / 70146 =  0.00%
 --- rho0 -> pi+ pi-               :    17 / 70146 =  0.02%
 -- bkg / total:   2461 / 70146 = ( 3.51 + 0.07 - 0.07)%
 -- sig / total:  67685 / 70146 = (96.49 + 0.07 - 0.07)%

 - p bin 4
 -- eta bin 0
 --- D0 -> K+ K-                   :    27 / 219245 =  0.01%
 --- D0 -> K+ pi-                  :     4 / 219245 =  0.00%
 --- D0 -> K+ pi- pi0              :     1 / 219245 =  0.00%
 --- D0 -> K- nu_e e+              :    79 / 219245 =  0.04%
 --- D0 -> K- nu_mu mu+            :   199 / 219245 =  0.09%
 --- D0 -> K- pi+                  : 217773 / 219245 = 99.33%
 --- D0 -> K- pi+ pi0              :    14 / 219245 =  0.01%
 --- D0 -> K_S0 pi+ pi-            :     2 / 219245 =  0.00%
 --- D0 -> pi+ pi+ pi- pi-         :     1 / 219245 =  0.00%
 --- D0 -> pi+ pi-                 :   147 / 219245 =  0.07%
 --- D0 -> pi+ pi- K_L0            :     3 / 219245 =  0.00%
 --- D0 -> pi+ pi- pi0             :     8 / 219245 =  0.00%
 --- D0 -> pi- nu_e e+             :    57 / 219245 =  0.03%
 --- D0 -> pi- nu_mu mu+           :   146 / 219245 =  0.07%
 --- D0 -> rho+ pi-                :   399 / 219245 =  0.18%
 --- D0 -> rho- pi+                :   385 / 219245 =  0.18%
 -- bkg / total:   1472 / 219245 = ( 0.67 + 0.02 - 0.02)%
 -- sig / total: 217773 / 219245 = (99.33 + 0.02 - 0.02)%

 -- eta bin 1
 --- D0 -> K*- nu_mu mu+           :     1 / 164774 =  0.00%
 --- D0 -> K+ K-                   :    53 / 164774 =  0.03%
 --- D0 -> K+ pi+ pi- pi-          :     1 / 164774 =  0.00%
 --- D0 -> K+ pi-                  :     5 / 164774 =  0.00%
 --- D0 -> K+ pi- pi0              :     2 / 164774 =  0.00%
 --- D0 -> K- nu_e e+              :    54 / 164774 =  0.03%
 --- D0 -> K- nu_mu mu+            :   134 / 164774 =  0.08%
 --- D0 -> K- pi+                  : 162636 / 164774 = 98.70%
 --- D0 -> K- pi+ pi+ pi-          :     1 / 164774 =  0.00%
 --- D0 -> K- pi+ pi0              :    24 / 164774 =  0.01%
 --- D0 -> K_S0 pi+ pi-            :    24 / 164774 =  0.01%
 --- D0 -> eta pi+ pi-             :     1 / 164774 =  0.00%
 --- D0 -> pi+ pi+ pi- pi-         :     6 / 164774 =  0.00%
 --- D0 -> pi+ pi-                 :   123 / 164774 =  0.07%
 --- D0 -> pi+ pi- K_L0            :    31 / 164774 =  0.02%
 --- D0 -> pi+ pi- K_L0 pi0        :     1 / 164774 =  0.00%
 --- D0 -> pi+ pi- pi0             :    36 / 164774 =  0.02%
 --- D0 -> pi+ pi- pi0 pi0         :     3 / 164774 =  0.00%
 --- D0 -> pi- nu_e e+             :    43 / 164774 =  0.03%
 --- D0 -> pi- nu_mu mu+           :   122 / 164774 =  0.07%
 --- D0 -> rho+ pi-                :   790 / 164774 =  0.48%
 --- D0 -> rho- nu_mu mu+          :     1 / 164774 =  0.00%
 --- D0 -> rho- pi+                :   679 / 164774 =  0.41%
 --- D0 -> rho0 pi0                :     1 / 164774 =  0.00%
 --- rho0 -> pi+ pi-               :     2 / 164774 =  0.00%
 -- bkg / total:   2138 / 164774 = ( 1.30 + 0.03 - 0.03)%
 -- sig / total: 162636 / 164774 = (98.70 + 0.03 - 0.03)%

 - p bin 5
 -- eta bin 0
 --- D0 -> K+ K-                   :     1 / 33604 =  0.00%
 --- D0 -> K+ pi-                  :     1 / 33604 =  0.00%
 --- D0 -> K- nu_e e+              :    22 / 33604 =  0.07%
 --- D0 -> K- nu_mu mu+            :    45 / 33604 =  0.13%
 --- D0 -> K- pi+                  : 33437 / 33604 = 99.50%
 --- D0 -> K- pi+ pi0              :     9 / 33604 =  0.03%
 --- D0 -> pi+ pi-                 :    33 / 33604 =  0.10%
 --- D0 -> pi+ pi- pi0             :     1 / 33604 =  0.00%
 --- D0 -> pi- nu_e e+             :    10 / 33604 =  0.03%
 --- D0 -> pi- nu_mu mu+           :    14 / 33604 =  0.04%
 --- D0 -> rho+ pi-                :    15 / 33604 =  0.04%
 --- D0 -> rho- pi+                :    16 / 33604 =  0.05%
 -- bkg / total:    167 / 33604 = ( 0.50 + 0.04 - 0.04)%
 -- sig / total:  33437 / 33604 = (99.50 + 0.04 - 0.04)%

 -- eta bin 1
 --- D0 -> K*+ pi-                 :     1 / 87751 =  0.00%
 --- D0 -> K+ K-                   :     9 / 87751 =  0.01%
 --- D0 -> K+ pi-                  :     4 / 87751 =  0.00%
 --- D0 -> K- nu_e e+              :    66 / 87751 =  0.08%
 --- D0 -> K- nu_mu mu+            :   109 / 87751 =  0.12%
 --- D0 -> K- pi+                  : 87136 / 87751 = 99.30%
 --- D0 -> K- pi+ pi0              :    22 / 87751 =  0.03%
 --- D0 -> pi+ pi-                 :    93 / 87751 =  0.11%
 --- D0 -> pi+ pi- K_L0            :     1 / 87751 =  0.00%
 --- D0 -> pi+ pi- pi0             :     2 / 87751 =  0.00%
 --- D0 -> pi- nu_e e+             :    24 / 87751 =  0.03%
 --- D0 -> pi- nu_mu mu+           :    52 / 87751 =  0.06%
 --- D0 -> rho+ pi-                :   134 / 87751 =  0.15%
 --- D0 -> rho- pi+                :    97 / 87751 =  0.11%
 --- rho0 -> pi+ pi-               :     1 / 87751 =  0.00%
 -- bkg / total:    615 / 87751 = ( 0.70 + 0.03 - 0.03)%
 -- sig / total:  87136 / 87751 = (99.30 + 0.03 - 0.03)%


INFO Printing passed counts for pi
 - p bin 0
 -- eta bin 0
 --- D0 -> K- nu_mu mu+            :   136 / 260 = 52.31%
 --- D0 -> K- pi+                  :    76 / 260 = 29.23%
 --- D0 -> pi+ pi-                 :     5 / 260 =  1.92%
 --- D0 -> pi- nu_mu mu+           :    43 / 260 = 16.54%
 -- bkg / total:    184 / 260 = (70.77 + 2.74 - 2.90)%
 -- sig / total:     76 / 260 = (29.23 + 2.90 - 2.74)%

 -- eta bin 1
 --- D0 -> K- nu_mu mu+            :     3 / 8 = 37.50%
 --- D0 -> K- pi+                  :     5 / 8 = 62.50%
 -- bkg / total:      3 / 8 = (37.50 + 17.59 - 14.81)%
 -- sig / total:      5 / 8 = (62.50 + 14.81 - 17.59)%

 - p bin 1
 -- eta bin 0
 --- D0 -> K- nu_mu mu+            :    97 / 518 = 18.73%
 --- D0 -> K- pi+                  :   348 / 518 = 67.18%
 --- D0 -> pi+ pi-                 :     5 / 518 =  0.97%
 --- D0 -> pi- nu_mu mu+           :    68 / 518 = 13.13%
 -- bkg / total:    170 / 518 = (32.82 + 2.09 - 2.03)%
 -- sig / total:    348 / 518 = (67.18 + 2.03 - 2.09)%

 -- eta bin 1
 --- D0 -> K- nu_mu mu+            :    25 / 110 = 22.73%
 --- D0 -> K- pi+                  :    79 / 110 = 71.82%
 --- D0 -> pi- nu_mu mu+           :     6 / 110 =  5.45%
 -- bkg / total:     31 / 110 = (28.18 + 4.47 - 4.08)%
 -- sig / total:     79 / 110 = (71.82 + 4.08 - 4.47)%

 - p bin 2
 -- eta bin 0
 --- D0 -> K- nu_mu mu+            :    87 / 867 = 10.03%
 --- D0 -> K- pi+                  :   685 / 867 = 79.01%
 --- D0 -> pi+ pi-                 :     7 / 867 =  0.81%
 --- D0 -> pi- nu_mu mu+           :    86 / 867 =  9.92%
 --- D0 -> rho+ pi-                :     2 / 867 =  0.23%
 -- bkg / total:    182 / 867 = (20.99 + 1.42 - 1.35)%
 -- sig / total:    685 / 867 = (79.01 + 1.35 - 1.42)%

 -- eta bin 1
 --- D0 -> K- nu_mu mu+            :    33 / 198 = 16.67%
 --- D0 -> K- pi+                  :   146 / 198 = 73.74%
 --- D0 -> pi- nu_mu mu+           :    19 / 198 =  9.60%
 -- bkg / total:     52 / 198 = (26.26 + 3.24 - 3.00)%
 -- sig / total:    146 / 198 = (73.74 + 3.00 - 3.24)%

 - p bin 3
 -- eta bin 0
 --- D0 -> K*- nu_mu mu+           :    10 / 1266 =  0.79%
 --- D0 -> K- nu_mu mu+            :   110 / 1266 =  8.69%
 --- D0 -> K- pi+                  :   864 / 1266 = 68.25%
 --- D0 -> pi+ pi-                 :     4 / 1266 =  0.32%
 --- D0 -> pi+ pi- pi0             :     1 / 1266 =  0.08%
 --- D0 -> pi- nu_mu mu+           :   257 / 1266 = 20.30%
 --- D0 -> rho+ pi-                :     9 / 1266 =  0.71%
 --- D0 -> rho- nu_mu mu+          :     4 / 1266 =  0.32%
 --- D0 -> rho- pi+                :     7 / 1266 =  0.55%
 -- bkg / total:    402 / 1266 = (31.75 + 1.32 - 1.29)%
 -- sig / total:    864 / 1266 = (68.25 + 1.29 - 1.32)%

 -- eta bin 1
 --- D0 -> K- nu_mu mu+            :    45 / 323 = 13.93%
 --- D0 -> K- pi+                  :   220 / 323 = 68.11%
 --- D0 -> K_S0 pi+ pi-            :     1 / 323 =  0.31%
 --- D0 -> pi+ pi-                 :     3 / 323 =  0.93%
 --- D0 -> pi- nu_mu mu+           :    49 / 323 = 15.17%
 --- D0 -> rho+ pi-                :     2 / 323 =  0.62%
 --- D0 -> rho- nu_mu mu+          :     1 / 323 =  0.31%
 --- D0 -> rho- pi+                :     2 / 323 =  0.62%
 -- bkg / total:    103 / 323 = (31.89 + 2.65 - 2.53)%
 -- sig / total:    220 / 323 = (68.11 + 2.53 - 2.65)%

 - p bin 4
 -- eta bin 0
 --- D0 -> K*- nu_mu mu+           :    19 / 1030 =  1.84%
 --- D0 -> K+ K-                   :     3 / 1030 =  0.29%
 --- D0 -> K- nu_mu mu+            :    86 / 1030 =  8.35%
 --- D0 -> K- pi+                  :   630 / 1030 = 61.17%
 --- D0 -> K- pi+ pi+ pi-          :     1 / 1030 =  0.10%
 --- D0 -> K_S0 pi+ pi-            :     6 / 1030 =  0.58%
 --- D0 -> anti-K0 pi- nu_mu mu+   :     1 / 1030 =  0.10%
 --- D0 -> pi+ pi-                 :     1 / 1030 =  0.10%
 --- D0 -> pi+ pi- K_L0            :     6 / 1030 =  0.58%
 --- D0 -> pi- nu_mu mu+           :   245 / 1030 = 23.79%
 --- D0 -> rho+ pi-                :    15 / 1030 =  1.46%
 --- D0 -> rho- nu_mu mu+          :     5 / 1030 =  0.49%
 --- D0 -> rho- pi+                :     8 / 1030 =  0.78%
 --- rho0 -> pi+ pi-               :     4 / 1030 =  0.39%
 -- bkg / total:    400 / 1030 = (38.83 + 1.53 - 1.51)%
 -- sig / total:    630 / 1030 = (61.17 + 1.51 - 1.53)%

 -- eta bin 1
 --- D0 -> K*- nu_mu mu+           :    17 / 691 =  2.46%
 --- D0 -> K+ K-                   :     2 / 691 =  0.29%
 --- D0 -> K- nu_mu mu+            :    78 / 691 = 11.29%
 --- D0 -> K- pi+                  :   393 / 691 = 56.87%
 --- D0 -> K_S0 pi+ pi-            :     3 / 691 =  0.43%
 --- D0 -> anti-K0 pi- nu_mu mu+   :     2 / 691 =  0.29%
 --- D0 -> pi+ pi-                 :     1 / 691 =  0.14%
 --- D0 -> pi+ pi- K_L0            :     5 / 691 =  0.72%
 --- D0 -> pi- nu_mu mu+           :   173 / 691 = 25.04%
 --- D0 -> rho+ pi-                :     6 / 691 =  0.87%
 --- D0 -> rho- nu_mu mu+          :     7 / 691 =  1.01%
 --- D0 -> rho- pi+                :     3 / 691 =  0.43%
 --- rho0 -> pi+ pi-               :     1 / 691 =  0.14%
 -- bkg / total:    298 / 691 = (43.13 + 1.89 - 1.87)%
 -- sig / total:    393 / 691 = (56.87 + 1.87 - 1.89)%

 - p bin 5
 -- eta bin 0
 --- D0 -> K*- nu_mu mu+           :     2 / 87 =  2.30%
 --- D0 -> K- nu_mu mu+            :    12 / 87 = 13.79%
 --- D0 -> K- pi+                  :    34 / 87 = 39.08%
 --- D0 -> anti-K0 pi- nu_mu mu+   :     3 / 87 =  3.45%
 --- D0 -> pi+ pi- K_L0            :     2 / 87 =  2.30%
 --- D0 -> pi- nu_mu mu+           :    32 / 87 = 36.78%
 --- D0 -> rho+ pi-                :     1 / 87 =  1.15%
 --- D0 -> rho- nu_mu mu+          :     1 / 87 =  1.15%
 -- bkg / total:     53 / 87 = (60.92 + 5.08 - 5.33)%
 -- sig / total:     34 / 87 = (39.08 + 5.33 - 5.08)%

 -- eta bin 1
 --- D0 -> K*- nu_mu mu+           :    11 / 284 =  3.87%
 --- D0 -> K+ K-                   :     1 / 284 =  0.35%
 --- D0 -> K- nu_mu mu+            :    33 / 284 = 11.62%
 --- D0 -> K- pi+                  :   137 / 284 = 48.24%
 --- D0 -> K_S0 pi+ pi-            :     3 / 284 =  1.06%
 --- D0 -> anti-K0 pi- nu_mu mu+   :     1 / 284 =  0.35%
 --- D0 -> pi+ pi- K_L0            :     1 / 284 =  0.35%
 --- D0 -> pi- nu_mu mu+           :    94 / 284 = 33.10%
 --- D0 -> rho- nu_mu mu+          :     1 / 284 =  0.35%
 --- D0 -> rho- pi+                :     1 / 284 =  0.35%
 --- rho0 -> pi+ pi-               :     1 / 284 =  0.35%
 -- bkg / total:    147 / 284 = (51.76 + 2.95 - 2.97)%
 -- sig / total:    137 / 284 = (48.24 + 2.97 - 2.95)%


INFO Printing passed counts for k
 - p bin 0
 -- eta bin 0
 --- D0 -> K*- K+                  :     1 / 159 =  0.63%
 --- D0 -> K- pi+                  :   112 / 159 = 70.44%
 --- D0 -> K- pi+ pi0              :     1 / 159 =  0.63%
 --- D0 -> K- pi+ rho0             :     1 / 159 =  0.63%
 --- D0 -> K_S0 pi+ pi-            :     9 / 159 =  5.66%
 --- D0 -> K_S0 pi+ pi- pi0        :     1 / 159 =  0.63%
 --- D0 -> anti-K*0 pi+ pi-        :     1 / 159 =  0.63%
 --- D0 -> pi+ pi+ pi- pi-         :     2 / 159 =  1.26%
 --- D0 -> pi+ pi+ pi- pi- K_L0    :     1 / 159 =  0.63%
 --- D0 -> pi+ pi-                 :     3 / 159 =  1.89%
 --- D0 -> pi+ pi- K_L0            :    11 / 159 =  6.92%
 --- D0 -> pi+ pi- pi0             :     1 / 159 =  0.63%
 --- D0 -> pi+ pi- pi0 pi0         :     1 / 159 =  0.63%
 --- D0 -> pi- nu_mu mu+           :     1 / 159 =  0.63%
 --- D0 -> rho+ pi-                :     6 / 159 =  3.77%
 --- D0 -> rho- pi+                :     4 / 159 =  2.52%
 --- K*0 -> K+ pi-                 :     1 / 159 =  0.63%
 --- rho0 -> pi+ pi-               :     2 / 159 =  1.26%
 -- bkg / total:     47 / 159 = (29.56 + 3.74 - 3.48)%
 -- sig / total:    112 / 159 = (70.44 + 3.48 - 3.74)%

 -- eta bin 1
 --- D0 -> K- pi+                  :     6 / 10 = 60.00%
 --- D0 -> K_S0 pi+ pi-            :     1 / 10 = 10.00%
 --- D0 -> pi+ pi-                 :     1 / 10 = 10.00%
 --- D0 -> pi+ pi- K_L0            :     2 / 10 = 20.00%
 -- bkg / total:      4 / 10 = (40.00 + 15.71 - 13.89)%
 -- sig / total:      6 / 10 = (60.00 + 13.89 - 15.71)%

 - p bin 1
 -- eta bin 0
 --- D0 -> K+ K_S0 pi-             :     1 / 174 =  0.57%
 --- D0 -> K- pi+                  :   134 / 174 = 77.01%
 --- D0 -> K- pi+ pi0              :     4 / 174 =  2.30%
 --- D0 -> K_S0 pi+ pi-            :     6 / 174 =  3.45%
 --- D0 -> pi+ pi-                 :     4 / 174 =  2.30%
 --- D0 -> pi+ pi- K_L0            :     5 / 174 =  2.87%
 --- D0 -> pi- nu_e e+             :     1 / 174 =  0.57%
 --- D0 -> rho+ pi-                :    11 / 174 =  6.32%
 --- D0 -> rho- pi+                :     6 / 174 =  3.45%
 --- K*+ -> K0 pi+                 :     1 / 174 =  0.57%
 --- rho0 -> pi+ pi-               :     1 / 174 =  0.57%
 -- bkg / total:     40 / 174 = (22.99 + 3.34 - 3.03)%
 -- sig / total:    134 / 174 = (77.01 + 3.03 - 3.34)%

 -- eta bin 1
 --- D0 -> K+ pi- pi0              :     1 / 81 =  1.23%
 --- D0 -> K- pi+                  :    63 / 81 = 77.78%
 --- D0 -> K- pi+ pi0              :     1 / 81 =  1.23%
 --- D0 -> K_S0 pi+ pi-            :     3 / 81 =  3.70%
 --- D0 -> K_S0 pi+ pi- pi0        :     1 / 81 =  1.23%
 --- D0 -> a_1+ K-                 :     1 / 81 =  1.23%
 --- D0 -> pi+ pi+ pi- pi-         :     1 / 81 =  1.23%
 --- D0 -> pi+ pi- K_L0            :     6 / 81 =  7.41%
 --- D0 -> rho+ pi-                :     3 / 81 =  3.70%
 --- D0 -> rho- pi+                :     1 / 81 =  1.23%
 -- bkg / total:     18 / 81 = (22.22 + 4.94 - 4.26)%
 -- sig / total:     63 / 81 = (77.78 + 4.26 - 4.94)%

 - p bin 2
 -- eta bin 0
 --- D0 -> K*+ pi-                 :     1 / 99 =  1.01%
 --- D0 -> K+ pi-                  :     1 / 99 =  1.01%
 --- D0 -> K- pi+                  :    60 / 99 = 60.61%
 --- D0 -> K_S0 pi+ pi-            :     2 / 99 =  2.02%
 --- D0 -> pi+ pi-                 :     7 / 99 =  7.07%
 --- D0 -> pi+ pi- pi0             :     1 / 99 =  1.01%
 --- D0 -> pi- nu_e e+             :     1 / 99 =  1.01%
 --- D0 -> pi- nu_mu mu+           :     1 / 99 =  1.01%
 --- D0 -> rho+ pi-                :    11 / 99 = 11.11%
 --- D0 -> rho- pi+                :    14 / 99 = 14.14%
 -- bkg / total:     39 / 99 = (39.39 + 4.99 - 4.78)%
 -- sig / total:     60 / 99 = (60.61 + 4.78 - 4.99)%

 -- eta bin 1
 --- D0 -> K- pi+                  :    97 / 109 = 88.99%
 --- D0 -> K- pi+ pi+ pi-          :     1 / 109 =  0.92%
 --- D0 -> K- pi+ pi0              :     1 / 109 =  0.92%
 --- D0 -> K_S0 pi+ pi-            :     2 / 109 =  1.83%
 --- D0 -> pi+ pi- K_L0            :     3 / 109 =  2.75%
 --- D0 -> rho+ pi-                :     1 / 109 =  0.92%
 --- D0 -> rho- pi+                :     4 / 109 =  3.67%
 -- bkg / total:     12 / 109 = (11.01 + 3.36 - 2.65)%
 -- sig / total:     97 / 109 = (88.99 + 2.65 - 3.36)%

 - p bin 3
 -- eta bin 0
 --- D0 -> K+ pi-                  :     1 / 83 =  1.20%
 --- D0 -> K- pi+                  :    56 / 83 = 67.47%
 --- D0 -> pi+ pi-                 :    12 / 83 = 14.46%
 --- D0 -> pi- nu_mu mu+           :     2 / 83 =  2.41%
 --- D0 -> rho+ pi-                :     5 / 83 =  6.02%
 --- D0 -> rho- pi+                :     7 / 83 =  8.43%
 -- bkg / total:     27 / 83 = (32.53 + 5.32 - 4.91)%
 -- sig / total:     56 / 83 = (67.47 + 4.91 - 5.32)%

 -- eta bin 1
 --- D0 -> K+ pi- K_L0             :     1 / 102 =  0.98%
 --- D0 -> K- nu_e e+              :     1 / 102 =  0.98%
 --- D0 -> K- pi+                  :    93 / 102 = 91.18%
 --- D0 -> K_S0 pi+ pi-            :     1 / 102 =  0.98%
 --- D0 -> pi- nu_e e+             :     1 / 102 =  0.98%
 --- D0 -> pi- nu_mu mu+           :     2 / 102 =  1.96%
 --- D0 -> rho+ pi-                :     2 / 102 =  1.96%
 --- D0 -> rho- pi+                :     1 / 102 =  0.98%
 -- bkg / total:      9 / 102 = ( 8.82 + 3.22 - 2.42)%
 -- sig / total:     93 / 102 = (91.18 + 2.42 - 3.22)%

 - p bin 4
 -- eta bin 0
 --- D0 -> K- nu_e e+              :     1 / 228 =  0.44%
 --- D0 -> K- pi+                  :   222 / 228 = 97.37%
 --- D0 -> pi+ pi-                 :     3 / 228 =  1.32%
 --- D0 -> pi- nu_mu mu+           :     1 / 228 =  0.44%
 --- D0 -> rho+ pi-                :     1 / 228 =  0.44%
 -- bkg / total:      6 / 228 = ( 2.63 + 1.28 - 0.87)%
 -- sig / total:    222 / 228 = (97.37 + 0.87 - 1.28)%

 -- eta bin 1
 --- D0 -> K- nu_mu mu+            :     1 / 267 =  0.37%
 --- D0 -> K- pi+                  :   262 / 267 = 98.13%
 --- D0 -> pi+ pi- K_L0            :     1 / 267 =  0.37%
 --- D0 -> rho+ pi-                :     1 / 267 =  0.37%
 --- D0 -> rho- pi+                :     2 / 267 =  0.75%
 -- bkg / total:      5 / 267 = ( 1.87 + 1.03 - 0.67)%
 -- sig / total:    262 / 267 = (98.13 + 0.67 - 1.03)%

 - p bin 5
 -- eta bin 0
 --- D0 -> K- pi+                  :    76 / 78 = 97.44%
 --- D0 -> rho+ pi-                :     1 / 78 =  1.28%
 --- D0 -> rho- pi+                :     1 / 78 =  1.28%
 -- bkg / total:      2 / 78 = ( 2.56 + 2.48 - 1.28)%
 -- sig / total:     76 / 78 = (97.44 + 1.28 - 2.48)%

 -- eta bin 1
 --- D0 -> K- pi+                  :   188 / 189 = 99.47%
 --- D0 -> pi+ pi-                 :     1 / 189 =  0.53%
 -- bkg / total:      1 / 189 = ( 0.53 + 0.85 - 0.33)%
 -- sig / total:    188 / 189 = (99.47 + 0.33 - 0.85)%

INFO Producing vmu constraints
INFO Opening MC files: ntuples/0.9.16-d0_bkg/d0_bkg-mb-misid_corrections-k/Dst_ANNK--25_11_03--mc--10000000--201*.root
INFO Opened MC files:
  - ntuples/0.9.16-d0_bkg/d0_bkg-mb-misid_corrections-k/Dst_ANNK--25_11_03--mc--10000000--2016--md.root
  - ntuples/0.9.16-d0_bkg/d0_bkg-mb-misid_corrections-k/Dst_ANNK--25_11_03--mc--10000000--2016--mu.root
  - ntuples/0.9.16-d0_bkg/d0_bkg-mb-misid_corrections-k/Dst_ANNK--25_11_03--mc--10000000--2017--md.root
  - ntuples/0.9.16-d0_bkg/d0_bkg-mb-misid_corrections-k/Dst_ANNK--25_11_03--mc--10000000--2017--mu.root
  - ntuples/0.9.16-d0_bkg/d0_bkg-mb-misid_corrections-k/Dst_ANNK--25_11_03--mc--10000000--2018--md.root
  - ntuples/0.9.16-d0_bkg/d0_bkg-mb-misid_corrections-k/Dst_ANNK--25_11_03--mc--10000000--2018--mu.root
INFO Starting MC event loop over 1328796 entries
INFO Opening MC files: ntuples/0.9.16-d0_bkg/d0_bkg-mb-misid_corrections-pi/Dst_ANNPi--25_11_04--mc--10000000--201*.root
INFO Opened MC files:
  - ntuples/0.9.16-d0_bkg/d0_bkg-mb-misid_corrections-pi/Dst_ANNPi--25_11_04--mc--10000000--2016--md.root
  - ntuples/0.9.16-d0_bkg/d0_bkg-mb-misid_corrections-pi/Dst_ANNPi--25_11_04--mc--10000000--2016--mu.root
  - ntuples/0.9.16-d0_bkg/d0_bkg-mb-misid_corrections-pi/Dst_ANNPi--25_11_04--mc--10000000--2017--md.root
  - ntuples/0.9.16-d0_bkg/d0_bkg-mb-misid_corrections-pi/Dst_ANNPi--25_11_04--mc--10000000--2017--mu.root
  - ntuples/0.9.16-d0_bkg/d0_bkg-mb-misid_corrections-pi/Dst_ANNPi--25_11_04--mc--10000000--2018--md.root
  - ntuples/0.9.16-d0_bkg/d0_bkg-mb-misid_corrections-pi/Dst_ANNPi--25_11_04--mc--10000000--2018--mu.root
INFO Starting MC event loop over 1328796 entries

INFO Printing failed counts for pi
 - p bin 0
 -- eta bin 0
 --- D0 -> K- nu_e e+              :   120 / 77713 =  0.15%
 --- D0 -> K- nu_mu mu+            :   146 / 77713 =  0.19%
 --- D0 -> K- pi+                  : 77249 / 77713 = 99.40%
 --- D0 -> K- pi+ pi+ pi-          :     1 / 77713 =  0.00%
 --- D0 -> K- pi+ pi0              :     9 / 77713 =  0.01%
 --- D0 -> K_S0 omega              :     1 / 77713 =  0.00%
 --- D0 -> K_S0 pi+ pi-            :     1 / 77713 =  0.00%
 --- D0 -> pi+ pi-                 :   112 / 77713 =  0.14%
 --- D0 -> pi- nu_e e+             :    23 / 77713 =  0.03%
 --- D0 -> pi- nu_mu mu+           :    47 / 77713 =  0.06%
 --- D0 -> rho- pi+                :     4 / 77713 =  0.01%
 -- bkg / total:    464 / 77713 = ( 0.60 + 0.03 - 0.03)%
 -- sig / total:  77249 / 77713 = (99.40 + 0.03 - 0.03)%

 -- eta bin 1
 --- D0 -> K- nu_e e+              :     2 / 1785 =  0.11%
 --- D0 -> K- nu_mu mu+            :     3 / 1785 =  0.17%
 --- D0 -> K- pi+                  :  1773 / 1785 = 99.33%
 --- D0 -> pi+ pi-                 :     7 / 1785 =  0.39%
 -- bkg / total:     12 / 1785 = ( 0.67 + 0.22 - 0.17)%
 -- sig / total:   1773 / 1785 = (99.33 + 0.17 - 0.22)%

 - p bin 1
 -- eta bin 0
 --- D0 -> K+ pi-                  :     1 / 117578 =  0.00%
 --- D0 -> K- nu_e e+              :    56 / 117578 =  0.05%
 --- D0 -> K- nu_mu mu+            :   103 / 117578 =  0.09%
 --- D0 -> K- pi+                  : 117145 / 117578 = 99.63%
 --- D0 -> K- pi+ pi0              :     8 / 117578 =  0.01%
 --- D0 -> pi+ pi-                 :   121 / 117578 =  0.10%
 --- D0 -> pi+ pi- K_L0            :     1 / 117578 =  0.00%
 --- D0 -> pi- nu_e e+             :    26 / 117578 =  0.02%
 --- D0 -> pi- nu_mu mu+           :    68 / 117578 =  0.06%
 --- D0 -> rho+ pi-                :    29 / 117578 =  0.02%
 --- D0 -> rho- pi+                :    20 / 117578 =  0.02%
 -- bkg / total:    433 / 117578 = ( 0.37 + 0.02 - 0.02)%
 -- sig / total: 117145 / 117578 = (99.63 + 0.02 - 0.02)%

 -- eta bin 1
 --- D0 -> K- nu_e e+              :     6 / 17848 =  0.03%
 --- D0 -> K- nu_mu mu+            :    31 / 17848 =  0.17%
 --- D0 -> K- pi+                  : 17766 / 17848 = 99.54%
 --- D0 -> K- pi+ pi0              :     4 / 17848 =  0.02%
 --- D0 -> pi+ pi-                 :    29 / 17848 =  0.16%
 --- D0 -> pi- nu_e e+             :     2 / 17848 =  0.01%
 --- D0 -> pi- nu_mu mu+           :     6 / 17848 =  0.03%
 --- D0 -> rho+ pi-                :     2 / 17848 =  0.01%
 --- D0 -> rho- pi+                :     2 / 17848 =  0.01%
 -- bkg / total:     82 / 17848 = ( 0.46 + 0.05 - 0.05)%
 -- sig / total:  17766 / 17848 = (99.54 + 0.05 - 0.05)%

 - p bin 2
 -- eta bin 0
 --- D0 -> K+ K-                   :     5 / 135230 =  0.00%
 --- D0 -> K+ K- K_L0              :     1 / 135230 =  0.00%
 --- D0 -> K+ pi-                  :     6 / 135230 =  0.00%
 --- D0 -> K+ pi- pi0              :     2 / 135230 =  0.00%
 --- D0 -> K- nu_e e+              :    31 / 135230 =  0.02%
 --- D0 -> K- nu_mu mu+            :    99 / 135230 =  0.07%
 --- D0 -> K- pi+                  : 133845 / 135230 = 98.98%
 --- D0 -> K- pi+ pi0              :     8 / 135230 =  0.01%
 --- D0 -> K_S0 pi+ pi-            :     8 / 135230 =  0.01%
 --- D0 -> pi+ pi+ pi- pi-         :     2 / 135230 =  0.00%
 --- D0 -> pi+ pi-                 :   116 / 135230 =  0.09%
 --- D0 -> pi+ pi- K_L0            :    11 / 135230 =  0.01%
 --- D0 -> pi+ pi- pi0             :    25 / 135230 =  0.02%
 --- D0 -> pi- nu_e e+             :    43 / 135230 =  0.03%
 --- D0 -> pi- nu_mu mu+           :    95 / 135230 =  0.07%
 --- D0 -> rho+ pi-                :   481 / 135230 =  0.36%
 --- D0 -> rho- pi+                :   452 / 135230 =  0.33%
 -- bkg / total:   1385 / 135230 = ( 1.02 + 0.03 - 0.03)%
 -- sig / total: 133845 / 135230 = (98.98 + 0.03 - 0.03)%

 -- eta bin 1
 --- D0 -> K+ K-                   :     1 / 32148 =  0.00%
 --- D0 -> K- nu_e e+              :     7 / 32148 =  0.02%
 --- D0 -> K- nu_mu mu+            :    33 / 32148 =  0.10%
 --- D0 -> K- pi+                  : 31962 / 32148 = 99.42%
 --- D0 -> K- pi+ pi0              :     7 / 32148 =  0.02%
 --- D0 -> pi+ pi-                 :    54 / 32148 =  0.17%
 --- D0 -> pi+ pi- K_L0            :     1 / 32148 =  0.00%
 --- D0 -> pi+ pi- pi0             :     1 / 32148 =  0.00%
 --- D0 -> pi- nu_e e+             :     4 / 32148 =  0.01%
 --- D0 -> pi- nu_mu mu+           :    23 / 32148 =  0.07%
 --- D0 -> rho+ pi-                :    30 / 32148 =  0.09%
 --- D0 -> rho- pi+                :    25 / 32148 =  0.08%
 -- bkg / total:    186 / 32148 = ( 0.58 + 0.04 - 0.04)%
 -- sig / total:  31962 / 32148 = (99.42 + 0.04 - 0.04)%

 - p bin 3
 -- eta bin 0
 --- D0 -> K*+ pi-                 :     7 / 206883 =  0.00%
 --- D0 -> K*- K+                  :     2 / 206883 =  0.00%
 --- D0 -> K*- nu_mu mu+           :    10 / 206883 =  0.00%
 --- D0 -> K*- pi+ pi0             :     4 / 206883 =  0.00%
 --- D0 -> K*- rho+                :    24 / 206883 =  0.01%
 --- D0 -> K*0 anti-K0             :     1 / 206883 =  0.00%
 --- D0 -> K+ K-                   :    35 / 206883 =  0.02%
 --- D0 -> K+ K- pi+ pi-           :     2 / 206883 =  0.00%
 --- D0 -> K+ K_S0 pi-             :    10 / 206883 =  0.00%
 --- D0 -> K+ pi+ pi- pi-          :     4 / 206883 =  0.00%
 --- D0 -> K+ pi-                  :     5 / 206883 =  0.00%
 --- D0 -> K+ pi- K_L0             :    11 / 206883 =  0.01%
 --- D0 -> K+ pi- pi0              :    21 / 206883 =  0.01%
 --- D0 -> K- eta pi+              :     1 / 206883 =  0.00%
 --- D0 -> K- nu_e e+              :    32 / 206883 =  0.02%
 --- D0 -> K- nu_mu mu+            :   132 / 206883 =  0.06%
 --- D0 -> K- pi+                  : 200079 / 206883 = 96.71%
 --- D0 -> K- pi+ pi+ pi-          :    10 / 206883 =  0.00%
 --- D0 -> K- pi+ pi0              :    10 / 206883 =  0.00%
 --- D0 -> K_1- pi+                :     9 / 206883 =  0.00%
 --- D0 -> K_S0 omega              :     1 / 206883 =  0.00%
 --- D0 -> K_S0 pi+ pi-            :   505 / 206883 =  0.24%
 --- D0 -> K_S0 pi+ pi- pi0        :    32 / 206883 =  0.02%
 --- D0 -> a_1+ K-                 :     1 / 206883 =  0.00%
 --- D0 -> anti-K*0 omega          :     2 / 206883 =  0.00%
 --- D0 -> anti-K*0 pi+ pi-        :    14 / 206883 =  0.01%
 --- D0 -> anti-K*0 rho0           :     1 / 206883 =  0.00%
 --- D0 -> eta pi+ pi-             :     5 / 206883 =  0.00%
 --- D0 -> omega pi+ pi-           :     3 / 206883 =  0.00%
 --- D0 -> phi pi+ pi-             :     1 / 206883 =  0.00%
 --- D0 -> pi+ pi+ pi- pi-         :    79 / 206883 =  0.04%
 --- D0 -> pi+ pi+ pi- pi- pi0     :     5 / 206883 =  0.00%
 --- D0 -> pi+ pi-                 :   123 / 206883 =  0.06%
 --- D0 -> pi+ pi- K_L0            :   441 / 206883 =  0.21%
 --- D0 -> pi+ pi- K_L0 pi0        :     5 / 206883 =  0.00%
 --- D0 -> pi+ pi- pi0             :   116 / 206883 =  0.06%
 --- D0 -> pi+ pi- pi0 pi0         :    29 / 206883 =  0.01%
 --- D0 -> pi+ pi- pi0 pi0 pi0     :     1 / 206883 =  0.00%
 --- D0 -> pi- nu_e e+             :   127 / 206883 =  0.06%
 --- D0 -> pi- nu_mu mu+           :   297 / 206883 =  0.14%
 --- D0 -> rho+ pi-                :  2485 / 206883 =  1.20%
 --- D0 -> rho- nu_e e+            :     1 / 206883 =  0.00%
 --- D0 -> rho- nu_mu mu+          :     5 / 206883 =  0.00%
 --- D0 -> rho- pi+                :  2125 / 206883 =  1.03%
 --- D0 -> rho0 pi0                :     4 / 206883 =  0.00%
 --- D0 -> rho0 rho0               :     8 / 206883 =  0.00%
 --- K*0 -> K+ pi-                 :     1 / 206883 =  0.00%
 --- K_1+ -> K+ pi+ pi-            :     1 / 206883 =  0.00%
 --- a_1+ -> pi+ rho0              :     3 / 206883 =  0.00%
 --- omega -> pi+ pi-              :     1 / 206883 =  0.00%
 --- rho0 -> pi+ pi-               :    52 / 206883 =  0.03%
 -- bkg / total:   6804 / 206883 = ( 3.29 + 0.04 - 0.04)%
 -- sig / total: 200079 / 206883 = (96.71 + 0.04 - 0.04)%

 -- eta bin 1
 --- D0 -> K*- rho+                :     5 / 66203 =  0.01%
 --- D0 -> K+ K-                   :     5 / 66203 =  0.01%
 --- D0 -> K+ K_S0 pi-             :     3 / 66203 =  0.00%
 --- D0 -> K+ pi-                  :     7 / 66203 =  0.01%
 --- D0 -> K+ pi- K_L0             :     1 / 66203 =  0.00%
 --- D0 -> K- nu_e e+              :     9 / 66203 =  0.01%
 --- D0 -> K- nu_mu mu+            :    63 / 66203 =  0.10%
 --- D0 -> K- pi+                  : 65127 / 66203 = 98.37%
 --- D0 -> K- pi+ pi+ pi-          :     1 / 66203 =  0.00%
 --- D0 -> K- pi+ pi0              :     6 / 66203 =  0.01%
 --- D0 -> K_1- pi+                :     5 / 66203 =  0.01%
 --- D0 -> K_S0 pi+ pi-            :    39 / 66203 =  0.06%
 --- D0 -> K_S0 pi+ pi- pi0        :     1 / 66203 =  0.00%
 --- D0 -> anti-K*0 pi+ pi-        :     1 / 66203 =  0.00%
 --- D0 -> pi+ pi+ pi- pi-         :     6 / 66203 =  0.01%
 --- D0 -> pi+ pi+ pi- pi- pi0     :     1 / 66203 =  0.00%
 --- D0 -> pi+ pi-                 :    99 / 66203 =  0.15%
 --- D0 -> pi+ pi- K_L0            :    38 / 66203 =  0.06%
 --- D0 -> pi+ pi- pi0             :    14 / 66203 =  0.02%
 --- D0 -> pi+ pi- pi0 pi0         :     2 / 66203 =  0.00%
 --- D0 -> pi- nu_e e+             :    22 / 66203 =  0.03%
 --- D0 -> pi- nu_mu mu+           :    64 / 66203 =  0.10%
 --- D0 -> rho+ pi-                :   349 / 66203 =  0.53%
 --- D0 -> rho- nu_mu mu+          :     1 / 66203 =  0.00%
 --- D0 -> rho- pi+                :   332 / 66203 =  0.50%
 --- rho0 -> pi+ pi-               :     2 / 66203 =  0.00%
 -- bkg / total:   1076 / 66203 = ( 1.63 + 0.05 - 0.05)%
 -- sig / total:  65127 / 66203 = (98.37 + 0.05 - 0.05)%

 - p bin 4
 -- eta bin 0
 --- D0 -> K*+ pi-                 :    11 / 204173 =  0.01%
 --- D0 -> K*- K+                  :    11 / 204173 =  0.01%
 --- D0 -> K*- nu_e e+             :     7 / 204173 =  0.00%
 --- D0 -> K*- nu_mu mu+           :    20 / 204173 =  0.01%
 --- D0 -> K*- pi+ pi0             :    12 / 204173 =  0.01%
 --- D0 -> K*- rho+                :    78 / 204173 =  0.04%
 --- D0 -> K+ K-                   :    59 / 204173 =  0.03%
 --- D0 -> K+ K- K_S0              :     1 / 204173 =  0.00%
 --- D0 -> K+ K- pi+ pi-           :    14 / 204173 =  0.01%
 --- D0 -> K+ K- pi+ pi- pi0       :     3 / 204173 =  0.00%
 --- D0 -> K+ K- pi0 pi0           :     1 / 204173 =  0.00%
 --- D0 -> K+ K_S0 pi-             :    66 / 204173 =  0.03%
 --- D0 -> K+ pi+ pi- pi-          :     6 / 204173 =  0.00%
 --- D0 -> K+ pi-                  :     7 / 204173 =  0.00%
 --- D0 -> K+ pi- K_L0             :    68 / 204173 =  0.03%
 --- D0 -> K+ pi- pi0              :    30 / 204173 =  0.01%
 --- D0 -> K- K_S0 pi+             :     2 / 204173 =  0.00%
 --- D0 -> K- eta pi+              :     3 / 204173 =  0.00%
 --- D0 -> K- nu_e e+              :    15 / 204173 =  0.01%
 --- D0 -> K- nu_mu mu+            :    99 / 204173 =  0.05%
 --- D0 -> K- omega pi+            :     2 / 204173 =  0.00%
 --- D0 -> K- pi+                  : 194377 / 204173 = 95.20%
 --- D0 -> K- pi+ pi+ pi+ pi-      :     1 / 204173 =  0.00%
 --- D0 -> K- pi+ pi+ pi-          :    70 / 204173 =  0.03%
 --- D0 -> K- pi+ pi0              :    95 / 204173 =  0.05%
 --- D0 -> K- pi+ pi0 pi0 pi0      :     1 / 204173 =  0.00%
 --- D0 -> K- pi+ rho0             :     4 / 204173 =  0.00%
 --- D0 -> K- rho+ pi0             :     1 / 204173 =  0.00%
 --- D0 -> K_1- pi+                :    27 / 204173 =  0.01%
 --- D0 -> K_S0 omega              :     3 / 204173 =  0.00%
 --- D0 -> K_S0 pi+ pi+ pi- pi-    :     3 / 204173 =  0.00%
 --- D0 -> K_S0 pi+ pi-            :  1347 / 204173 =  0.66%
 --- D0 -> K_S0 pi+ pi- pi0        :   131 / 204173 =  0.06%
 --- D0 -> a_1+ K-                 :     1 / 204173 =  0.00%
 --- D0 -> anti-K*0 eta            :     3 / 204173 =  0.00%
 --- D0 -> anti-K*0 pi+ pi-        :    72 / 204173 =  0.04%
 --- D0 -> anti-K*0 pi+ pi- pi0    :     5 / 204173 =  0.00%
 --- D0 -> anti-K*0 rho0           :     3 / 204173 =  0.00%
 --- D0 -> anti-K0 pi- nu_e e+     :     1 / 204173 =  0.00%
 --- D0 -> anti-K0 pi- nu_mu mu+   :     1 / 204173 =  0.00%
 --- D0 -> anti-K_10 pi0           :     1 / 204173 =  0.00%
 --- D0 -> eta eta                 :     1 / 204173 =  0.00%
 --- D0 -> eta pi+ pi-             :    17 / 204173 =  0.01%
 --- D0 -> eta' K_S0               :     1 / 204173 =  0.00%
 --- D0 -> eta' pi+ pi-            :     2 / 204173 =  0.00%
 --- D0 -> omega pi+ pi-           :    11 / 204173 =  0.01%
 --- D0 -> phi pi+ pi-             :     2 / 204173 =  0.00%
 --- D0 -> pi+ pi+ pi+ pi- pi-     :     5 / 204173 =  0.00%
 --- D0 -> pi+ pi+ pi- pi-         :   241 / 204173 =  0.12%
 --- D0 -> pi+ pi+ pi- pi- K_L0    :     2 / 204173 =  0.00%
 --- D0 -> pi+ pi+ pi- pi- pi0     :    10 / 204173 =  0.00%
 --- D0 -> pi+ pi-                 :    47 / 204173 =  0.02%
 --- D0 -> pi+ pi- K_L0            :  1191 / 204173 =  0.58%
 --- D0 -> pi+ pi- K_L0 pi0        :    15 / 204173 =  0.01%
 --- D0 -> pi+ pi- pi0             :   124 / 204173 =  0.06%
 --- D0 -> pi+ pi- pi0 pi0         :   104 / 204173 =  0.05%
 --- D0 -> pi+ pi- pi0 pi0 pi0     :    15 / 204173 =  0.01%
 --- D0 -> pi- nu_e e+             :   118 / 204173 =  0.06%
 --- D0 -> pi- nu_mu mu+           :   262 / 204173 =  0.13%
 --- D0 -> rho+ pi-                :  2623 / 204173 =  1.28%
 --- D0 -> rho- nu_e e+            :     2 / 204173 =  0.00%
 --- D0 -> rho- nu_mu mu+          :     6 / 204173 =  0.00%
 --- D0 -> rho- pi+                :  2186 / 204173 =  1.07%
 --- D0 -> rho0 pi0                :     6 / 204173 =  0.00%
 --- D0 -> rho0 rho0               :    21 / 204173 =  0.01%
 --- K*+ -> K0 pi+                 :     2 / 204173 =  0.00%
 --- K*0 -> K+ pi-                 :     8 / 204173 =  0.00%
 --- K_10 -> K0 pi+ pi-            :     1 / 204173 =  0.00%
 --- K_2*+ -> K*0 pi+              :     1 / 204173 =  0.00%
 --- a_1+ -> pi+ rho0              :    13 / 204173 =  0.01%
 --- a_1+ -> rho+ pi0              :     8 / 204173 =  0.00%
 --- eta' -> pi+ pi- pi0           :     1 / 204173 =  0.00%
 --- eta' -> rho0                  :     1 / 204173 =  0.00%
 --- omega -> pi+ pi-              :    10 / 204173 =  0.00%
 --- phi -> rho+ pi-               :     1 / 204173 =  0.00%
 --- rho+ -> pi+ pi0               :    16 / 204173 =  0.01%
 --- rho0 -> pi+ pi-               :   437 / 204173 =  0.21%
 -- bkg / total:   9796 / 204173 = ( 4.80 + 0.05 - 0.05)%
 -- sig / total: 194377 / 204173 = (95.20 + 0.05 - 0.05)%

 -- eta bin 1
 --- D0 -> K*+ pi-                 :     6 / 157255 =  0.00%
 --- D0 -> K*- K+                  :    11 / 157255 =  0.01%
 --- D0 -> K*- nu_e e+             :     2 / 157255 =  0.00%
 --- D0 -> K*- nu_mu mu+           :    19 / 157255 =  0.01%
 --- D0 -> K*- pi+ pi0             :    11 / 157255 =  0.01%
 --- D0 -> K*- rho+                :    49 / 157255 =  0.03%
 --- D0 -> K+ K-                   :    38 / 157255 =  0.02%
 --- D0 -> K+ K- pi+ pi-           :     5 / 157255 =  0.00%
 --- D0 -> K+ K- pi+ pi- pi0       :     1 / 157255 =  0.00%
 --- D0 -> K+ K_S0 pi-             :    36 / 157255 =  0.02%
 --- D0 -> K+ pi+ pi- pi-          :     3 / 157255 =  0.00%
 --- D0 -> K+ pi-                  :    13 / 157255 =  0.01%
 --- D0 -> K+ pi- K_L0             :    34 / 157255 =  0.02%
 --- D0 -> K+ pi- pi0              :    20 / 157255 =  0.01%
 --- D0 -> K- eta pi+              :     3 / 157255 =  0.00%
 --- D0 -> K- nu_e e+              :    15 / 157255 =  0.01%
 --- D0 -> K- nu_mu mu+            :    96 / 157255 =  0.06%
 --- D0 -> K- omega pi+            :     1 / 157255 =  0.00%
 --- D0 -> K- pi+                  : 150656 / 157255 = 95.80%
 --- D0 -> K- pi+ pi+ pi-          :    29 / 157255 =  0.02%
 --- D0 -> K- pi+ pi0              :    42 / 157255 =  0.03%
 --- D0 -> K- pi+ rho0             :     1 / 157255 =  0.00%
 --- D0 -> K- rho+ pi0             :     1 / 157255 =  0.00%
 --- D0 -> K0 anti-K0 pi0 pi0      :     1 / 157255 =  0.00%
 --- D0 -> K_1- pi+                :    28 / 157255 =  0.02%
 --- D0 -> K_S0 omega              :     2 / 157255 =  0.00%
 --- D0 -> K_S0 pi+ pi-            :   786 / 157255 =  0.50%
 --- D0 -> K_S0 pi+ pi- pi0        :    90 / 157255 =  0.06%
 --- D0 -> a_1+ K-                 :     1 / 157255 =  0.00%
 --- D0 -> anti-K*0 pi+ pi-        :    32 / 157255 =  0.02%
 --- D0 -> anti-K*0 pi+ pi- pi0    :     1 / 157255 =  0.00%
 --- D0 -> anti-K*0 pi0 pi0        :     1 / 157255 =  0.00%
 --- D0 -> anti-K*0 rho0           :     4 / 157255 =  0.00%
 --- D0 -> anti-K0 pi- nu_mu mu+   :     2 / 157255 =  0.00%
 --- D0 -> eta pi+ pi-             :     8 / 157255 =  0.01%
 --- D0 -> eta' eta                :     1 / 157255 =  0.00%
 --- D0 -> eta' pi+ pi-            :     3 / 157255 =  0.00%
 --- D0 -> omega pi+ pi-           :    12 / 157255 =  0.01%
 --- D0 -> phi K_S0                :     1 / 157255 =  0.00%
 --- D0 -> pi+ pi+ pi- pi-         :   153 / 157255 =  0.10%
 --- D0 -> pi+ pi+ pi- pi- K_L0    :     2 / 157255 =  0.00%
 --- D0 -> pi+ pi+ pi- pi- pi0     :     8 / 157255 =  0.01%
 --- D0 -> pi+ pi-                 :    84 / 157255 =  0.05%
 --- D0 -> pi+ pi- K_L0            :   740 / 157255 =  0.47%
 --- D0 -> pi+ pi- K_L0 pi0        :    11 / 157255 =  0.01%
 --- D0 -> pi+ pi- pi0             :   113 / 157255 =  0.07%
 --- D0 -> pi+ pi- pi0 pi0         :    63 / 157255 =  0.04%
 --- D0 -> pi+ pi- pi0 pi0 pi0     :     8 / 157255 =  0.01%
 --- D0 -> pi- nu_e e+             :    91 / 157255 =  0.06%
 --- D0 -> pi- nu_mu mu+           :   208 / 157255 =  0.13%
 --- D0 -> rho+ pi-                :  1822 / 157255 =  1.16%
 --- D0 -> rho- nu_e e+            :     1 / 157255 =  0.00%
 --- D0 -> rho- nu_mu mu+          :     7 / 157255 =  0.00%
 --- D0 -> rho- pi+                :  1597 / 157255 =  1.02%
 --- D0 -> rho0 pi0                :     4 / 157255 =  0.00%
 --- D0 -> rho0 rho0               :    19 / 157255 =  0.01%
 --- K*+ -> K0 pi+                 :     1 / 157255 =  0.00%
 --- K*0 -> K+ pi-                 :     3 / 157255 =  0.00%
 --- K_10 -> K0 pi+ pi-            :     1 / 157255 =  0.00%
 --- a_1+ -> pi+ rho0              :     6 / 157255 =  0.00%
 --- a_1+ -> rho+ pi0              :     1 / 157255 =  0.00%
 --- omega -> pi+ pi-              :     4 / 157255 =  0.00%
 --- phi -> rho+ pi-               :     2 / 157255 =  0.00%
 --- rho+ -> pi+ pi0               :     6 / 157255 =  0.00%
 --- rho0 -> pi+ pi-               :   235 / 157255 =  0.15%
 -- bkg / total:   6599 / 157255 = ( 4.20 + 0.05 - 0.05)%
 -- sig / total: 150656 / 157255 = (95.80 + 0.05 - 0.05)%

 - p bin 5
 -- eta bin 0
 --- D0 -> K*+ pi-                 :     1 / 30416 =  0.00%
 --- D0 -> K*- K+                  :     1 / 30416 =  0.00%
 --- D0 -> K*- nu_mu mu+           :     2 / 30416 =  0.01%
 --- D0 -> K*- pi+ pi0             :     1 / 30416 =  0.00%
 --- D0 -> K*- rho+                :    15 / 30416 =  0.05%
 --- D0 -> K+ K-                   :    13 / 30416 =  0.04%
 --- D0 -> K+ K- pi+ pi-           :     3 / 30416 =  0.01%
 --- D0 -> K+ K- pi+ pi- pi0       :     1 / 30416 =  0.00%
 --- D0 -> K+ K_S0 pi-             :    16 / 30416 =  0.05%
 --- D0 -> K+ pi+ pi- pi-          :     3 / 30416 =  0.01%
 --- D0 -> K+ pi-                  :     1 / 30416 =  0.00%
 --- D0 -> K+ pi- K_L0             :    17 / 30416 =  0.06%
 --- D0 -> K+ pi- pi0              :    10 / 30416 =  0.03%
 --- D0 -> K- nu_e e+              :     3 / 30416 =  0.01%
 --- D0 -> K- nu_mu mu+            :    13 / 30416 =  0.04%
 --- D0 -> K- pi+                  : 28951 / 30416 = 95.18%
 --- D0 -> K- pi+ pi+ pi-          :     5 / 30416 =  0.02%
 --- D0 -> K- pi+ pi0              :    35 / 30416 =  0.12%
 --- D0 -> K- rho+ pi0             :     1 / 30416 =  0.00%
 --- D0 -> K_1- pi+                :     5 / 30416 =  0.02%
 --- D0 -> K_S0 pi+ pi-            :   227 / 30416 =  0.75%
 --- D0 -> K_S0 pi+ pi- pi0        :    22 / 30416 =  0.07%
 --- D0 -> a_1+ K-                 :     1 / 30416 =  0.00%
 --- D0 -> anti-K*0                :     1 / 30416 =  0.00%
 --- D0 -> anti-K*0 pi+ pi-        :     9 / 30416 =  0.03%
 --- D0 -> anti-K*0 pi+ pi- pi0    :     1 / 30416 =  0.00%
 --- D0 -> anti-K*0 rho0           :     2 / 30416 =  0.01%
 --- D0 -> anti-K0 pi- nu_e e+     :     1 / 30416 =  0.00%
 --- D0 -> anti-K0 pi- nu_mu mu+   :     3 / 30416 =  0.01%
 --- D0 -> eta pi+ pi-             :     4 / 30416 =  0.01%
 --- D0 -> eta' pi0                :     1 / 30416 =  0.00%
 --- D0 -> omega pi+ pi-           :     3 / 30416 =  0.01%
 --- D0 -> pi+ pi+ pi- pi-         :    38 / 30416 =  0.12%
 --- D0 -> pi+ pi+ pi- pi- pi0     :     1 / 30416 =  0.00%
 --- D0 -> pi+ pi-                 :     6 / 30416 =  0.02%
 --- D0 -> pi+ pi- K_L0            :   188 / 30416 =  0.62%
 --- D0 -> pi+ pi- K_L0 pi0        :     3 / 30416 =  0.01%
 --- D0 -> pi+ pi- pi0             :    16 / 30416 =  0.05%
 --- D0 -> pi+ pi- pi0 pi0         :    22 / 30416 =  0.07%
 --- D0 -> pi+ pi- pi0 pi0 pi0     :     1 / 30416 =  0.00%
 --- D0 -> pi- nu_e e+             :    15 / 30416 =  0.05%
 --- D0 -> pi- nu_mu mu+           :    37 / 30416 =  0.12%
 --- D0 -> rho+ pi-                :   326 / 30416 =  1.07%
 --- D0 -> rho- nu_mu mu+          :     1 / 30416 =  0.00%
 --- D0 -> rho- pi+                :   282 / 30416 =  0.93%
 --- D0 -> rho0 pi0                :     1 / 30416 =  0.00%
 --- D0 -> rho0 rho0               :     2 / 30416 =  0.01%
 --- K*0 -> K+ pi-                 :     1 / 30416 =  0.00%
 --- K_1+ -> K*0 pi+               :     1 / 30416 =  0.00%
 --- a_1+ -> pi+ rho0              :     1 / 30416 =  0.00%
 --- a_1+ -> rho+ pi0              :     1 / 30416 =  0.00%
 --- omega -> pi+ pi-              :     6 / 30416 =  0.02%
 --- omega -> pi+ pi- pi0          :     1 / 30416 =  0.00%
 --- rho+ -> pi+ pi0               :     4 / 30416 =  0.01%
 --- rho0 -> pi+ pi-               :    90 / 30416 =  0.30%
 -- bkg / total:   1465 / 30416 = ( 4.82 + 0.12 - 0.12)%
 -- sig / total:  28951 / 30416 = (95.18 + 0.12 - 0.12)%

 -- eta bin 1
 --- D0 -> K*+ pi-                 :     4 / 77353 =  0.01%
 --- D0 -> K*- K+                  :    10 / 77353 =  0.01%
 --- D0 -> K*- nu_e e+             :     2 / 77353 =  0.00%
 --- D0 -> K*- nu_mu mu+           :    11 / 77353 =  0.01%
 --- D0 -> K*- pi+ pi0             :     4 / 77353 =  0.01%
 --- D0 -> K*- rho+                :    48 / 77353 =  0.06%
 --- D0 -> K+ K-                   :    30 / 77353 =  0.04%
 --- D0 -> K+ K- pi+ pi-           :     7 / 77353 =  0.01%
 --- D0 -> K+ K- pi0               :     1 / 77353 =  0.00%
 --- D0 -> K+ K_S0 pi-             :    26 / 77353 =  0.03%
 --- D0 -> K+ pi+ pi- pi-          :     1 / 77353 =  0.00%
 --- D0 -> K+ pi-                  :     3 / 77353 =  0.00%
 --- D0 -> K+ pi- K_L0             :    32 / 77353 =  0.04%
 --- D0 -> K+ pi- pi0              :    10 / 77353 =  0.01%
 --- D0 -> K- eta pi+              :     2 / 77353 =  0.00%
 --- D0 -> K- nu_e e+              :     3 / 77353 =  0.00%
 --- D0 -> K- nu_mu mu+            :    36 / 77353 =  0.05%
 --- D0 -> K- omega pi+            :     1 / 77353 =  0.00%
 --- D0 -> K- pi+                  : 73469 / 77353 = 94.98%
 --- D0 -> K- pi+ pi+ pi-          :    28 / 77353 =  0.04%
 --- D0 -> K- pi+ pi0              :    50 / 77353 =  0.06%
 --- D0 -> K- pi+ rho0             :     1 / 77353 =  0.00%
 --- D0 -> K- rho+ pi0             :     1 / 77353 =  0.00%
 --- D0 -> K_1- pi+                :    12 / 77353 =  0.02%
 --- D0 -> K_S0 omega              :     4 / 77353 =  0.01%
 --- D0 -> K_S0 pi+ pi+ pi- pi-    :     2 / 77353 =  0.00%
 --- D0 -> K_S0 pi+ pi-            :   572 / 77353 =  0.74%
 --- D0 -> K_S0 pi+ pi- pi0        :    52 / 77353 =  0.07%
 --- D0 -> anti-K*0                :     1 / 77353 =  0.00%
 --- D0 -> anti-K*0 omega          :     1 / 77353 =  0.00%
 --- D0 -> anti-K*0 pi+ pi-        :    25 / 77353 =  0.03%
 --- D0 -> anti-K*0 pi+ pi- pi0    :     2 / 77353 =  0.00%
 --- D0 -> anti-K*0 pi0            :     1 / 77353 =  0.00%
 --- D0 -> anti-K0 pi- nu_mu mu+   :     1 / 77353 =  0.00%
 --- D0 -> eta pi+ pi-             :    15 / 77353 =  0.02%
 --- D0 -> eta' K_S0               :     1 / 77353 =  0.00%
 --- D0 -> eta' pi+ pi-            :     2 / 77353 =  0.00%
 --- D0 -> omega pi+ pi-           :     4 / 77353 =  0.01%
 --- D0 -> pi+ pi+ pi+ pi- pi-     :     1 / 77353 =  0.00%
 --- D0 -> pi+ pi+ pi- pi-         :    96 / 77353 =  0.12%
 --- D0 -> pi+ pi+ pi- pi- pi-     :     1 / 77353 =  0.00%
 --- D0 -> pi+ pi+ pi- pi- pi0     :     4 / 77353 =  0.01%
 --- D0 -> pi+ pi-                 :    23 / 77353 =  0.03%
 --- D0 -> pi+ pi- K_L0            :   523 / 77353 =  0.68%
 --- D0 -> pi+ pi- K_L0 pi0        :    11 / 77353 =  0.01%
 --- D0 -> pi+ pi- pi0             :    48 / 77353 =  0.06%
 --- D0 -> pi+ pi- pi0 pi0         :    46 / 77353 =  0.06%
 --- D0 -> pi+ pi- pi0 pi0 pi0     :     4 / 77353 =  0.01%
 --- D0 -> pi- nu_e e+             :    40 / 77353 =  0.05%
 --- D0 -> pi- nu_mu mu+           :   108 / 77353 =  0.14%
 --- D0 -> rho+ pi-                :   956 / 77353 =  1.24%
 --- D0 -> rho- nu_mu mu+          :     1 / 77353 =  0.00%
 --- D0 -> rho- pi+                :   798 / 77353 =  1.03%
 --- D0 -> rho0 pi0                :     6 / 77353 =  0.01%
 --- D0 -> rho0 rho0               :    10 / 77353 =  0.01%
 --- K*+ -> K+ pi0                 :     1 / 77353 =  0.00%
 --- K*+ -> K0 pi+                 :     1 / 77353 =  0.00%
 --- K*0 -> K+ pi-                 :     1 / 77353 =  0.00%
 --- K_1+ -> K+ pi+ pi-            :     1 / 77353 =  0.00%
 --- a_1+ -> pi+ rho0              :     2 / 77353 =  0.00%
 --- a_1+ -> rho+ pi0              :     5 / 77353 =  0.01%
 --- omega -> pi+ pi-              :     2 / 77353 =  0.00%
 --- omega -> pi+ pi- pi0          :     1 / 77353 =  0.00%
 --- phi -> rho+ pi-               :     1 / 77353 =  0.00%
 --- rho+ -> pi+ pi0               :     4 / 77353 =  0.01%
 --- rho0 -> pi+ pi-               :   183 / 77353 =  0.24%
 -- bkg / total:   3884 / 77353 = ( 5.02 + 0.08 - 0.08)%
 -- sig / total:  73469 / 77353 = (94.98 + 0.08 - 0.08)%


INFO Printing failed counts for k
 - p bin 0
 -- eta bin 0
 --- D0 -> K*+ pi-                 :     2 / 43840 =  0.00%
 --- D0 -> K*- K+                  :    11 / 43840 =  0.03%
 --- D0 -> K*- nu_e e+             :     3 / 43840 =  0.01%
 --- D0 -> K*- nu_mu mu+           :    26 / 43840 =  0.06%
 --- D0 -> K*- pi+ pi0             :    14 / 43840 =  0.03%
 --- D0 -> K*- rho+                :    97 / 43840 =  0.22%
 --- D0 -> K*0 anti-K0             :     1 / 43840 =  0.00%
 --- D0 -> K+ K-                   :    20 / 43840 =  0.05%
 --- D0 -> K+ K- K_L0              :     1 / 43840 =  0.00%
 --- D0 -> K+ K- pi+ pi-           :    12 / 43840 =  0.03%
 --- D0 -> K+ K- pi+ pi- pi0       :     1 / 43840 =  0.00%
 --- D0 -> K+ K_S0 pi-             :    74 / 43840 =  0.17%
 --- D0 -> K+ pi+ pi- pi-          :     9 / 43840 =  0.02%
 --- D0 -> K+ pi- K_L0             :    71 / 43840 =  0.16%
 --- D0 -> K+ pi- pi0              :    18 / 43840 =  0.04%
 --- D0 -> K- K_S0 pi+             :     1 / 43840 =  0.00%
 --- D0 -> K- eta pi+              :     4 / 43840 =  0.01%
 --- D0 -> K- nu_e e+              :     2 / 43840 =  0.00%
 --- D0 -> K- nu_mu mu+            :    24 / 43840 =  0.05%
 --- D0 -> K- omega pi+            :     3 / 43840 =  0.01%
 --- D0 -> K- pi+                  : 38077 / 43840 = 86.85%
 --- D0 -> K- pi+ pi+ pi+ pi-      :     1 / 43840 =  0.00%
 --- D0 -> K- pi+ pi+ pi-          :    54 / 43840 =  0.12%
 --- D0 -> K- pi+ pi0              :    84 / 43840 =  0.19%
 --- D0 -> K- pi+ rho0             :     4 / 43840 =  0.01%
 --- D0 -> K- rho+ pi0             :     4 / 43840 =  0.01%
 --- D0 -> K0 anti-K0 pi0 pi0      :     1 / 43840 =  0.00%
 --- D0 -> K_1- pi+                :    39 / 43840 =  0.09%
 --- D0 -> K_S0 omega              :     4 / 43840 =  0.01%
 --- D0 -> K_S0 pi+ pi+ pi- pi-    :     2 / 43840 =  0.00%
 --- D0 -> K_S0 pi+ pi-            :  1416 / 43840 =  3.23%
 --- D0 -> K_S0 pi+ pi- pi0        :   155 / 43840 =  0.35%
 --- D0 -> a_1+ K-                 :     1 / 43840 =  0.00%
 --- D0 -> anti-K*0 eta            :     2 / 43840 =  0.00%
 --- D0 -> anti-K*0 pi+ pi-        :    81 / 43840 =  0.18%
 --- D0 -> anti-K*0 pi+ pi- pi0    :     3 / 43840 =  0.01%
 --- D0 -> anti-K*0 rho0           :     4 / 43840 =  0.01%
 --- D0 -> anti-K0 pi- nu_e e+     :     1 / 43840 =  0.00%
 --- D0 -> anti-K0 pi- nu_mu mu+   :     5 / 43840 =  0.01%
 --- D0 -> eta eta                 :     1 / 43840 =  0.00%
 --- D0 -> eta pi+ pi-             :    22 / 43840 =  0.05%
 --- D0 -> eta' eta                :     1 / 43840 =  0.00%
 --- D0 -> eta' pi+ pi-            :     3 / 43840 =  0.01%
 --- D0 -> omega pi+ pi-           :    14 / 43840 =  0.03%
 --- D0 -> phi K_S0                :     1 / 43840 =  0.00%
 --- D0 -> pi+ pi+ pi+ pi- pi-     :     4 / 43840 =  0.01%
 --- D0 -> pi+ pi+ pi- pi-         :   259 / 43840 =  0.59%
 --- D0 -> pi+ pi+ pi- pi- K_L0    :     4 / 43840 =  0.01%
 --- D0 -> pi+ pi+ pi- pi- pi-     :     2 / 43840 =  0.00%
 --- D0 -> pi+ pi+ pi- pi- pi0     :    13 / 43840 =  0.03%
 --- D0 -> pi+ pi-                 :     8 / 43840 =  0.02%
 --- D0 -> pi+ pi- K_L0            :  1260 / 43840 =  2.87%
 --- D0 -> pi+ pi- K_L0 pi0        :    20 / 43840 =  0.05%
 --- D0 -> pi+ pi- pi0             :    65 / 43840 =  0.15%
 --- D0 -> pi+ pi- pi0 pi0         :    99 / 43840 =  0.23%
 --- D0 -> pi+ pi- pi0 pi0 pi0     :    12 / 43840 =  0.03%
 --- D0 -> pi- nu_e e+             :    72 / 43840 =  0.16%
 --- D0 -> pi- nu_mu mu+           :   113 / 43840 =  0.26%
 --- D0 -> rho+ pi-                :   477 / 43840 =  1.09%
 --- D0 -> rho- nu_e e+            :     1 / 43840 =  0.00%
 --- D0 -> rho- nu_mu mu+          :     9 / 43840 =  0.02%
 --- D0 -> rho- pi+                :   497 / 43840 =  1.13%
 --- D0 -> rho0 pi0                :    10 / 43840 =  0.02%
 --- D0 -> rho0 rho0               :    27 / 43840 =  0.06%
 --- K*+ -> K0 pi+                 :     2 / 43840 =  0.00%
 --- K*0 -> K+ pi-                 :     6 / 43840 =  0.01%
 --- K_1+ -> K*0 pi+               :     1 / 43840 =  0.00%
 --- K_10 -> K0 pi+ pi-            :     1 / 43840 =  0.00%
 --- a_1+ -> pi+ rho0              :     7 / 43840 =  0.02%
 --- a_1+ -> rho+ pi0              :     7 / 43840 =  0.02%
 --- eta' -> pi+ pi- pi0           :     1 / 43840 =  0.00%
 --- eta' -> rho0                  :     1 / 43840 =  0.00%
 --- omega -> pi+ pi-              :    12 / 43840 =  0.03%
 --- omega -> pi+ pi- pi0          :     1 / 43840 =  0.00%
 --- phi -> rho+ pi-               :     1 / 43840 =  0.00%
 --- rho+ -> pi+ pi0               :    14 / 43840 =  0.03%
 --- rho0 -> pi+ pi-               :   460 / 43840 =  1.05%
 -- bkg / total:   5763 / 43840 = (13.15 + 0.16 - 0.16)%
 -- sig / total:  38077 / 43840 = (86.85 + 0.16 - 0.16)%

 -- eta bin 1
 --- D0 -> K*- K+                  :     1 / 1770 =  0.06%
 --- D0 -> K*- pi+ pi0             :     3 / 1770 =  0.17%
 --- D0 -> K*- rho+                :     8 / 1770 =  0.45%
 --- D0 -> K+ K- pi+ pi-           :     3 / 1770 =  0.17%
 --- D0 -> K+ K_S0 pi-             :     5 / 1770 =  0.28%
 --- D0 -> K+ pi- K_L0             :     1 / 1770 =  0.06%
 --- D0 -> K- pi+                  :  1513 / 1770 = 85.48%
 --- D0 -> K- pi+ pi+ pi-          :     7 / 1770 =  0.40%
 --- D0 -> K- pi+ pi0              :     5 / 1770 =  0.28%
 --- D0 -> K- rho+ pi0             :     1 / 1770 =  0.06%
 --- D0 -> K_1- pi+                :     4 / 1770 =  0.23%
 --- D0 -> K_S0 omega              :     1 / 1770 =  0.06%
 --- D0 -> K_S0 pi+ pi+ pi- pi-    :     1 / 1770 =  0.06%
 --- D0 -> K_S0 pi+ pi-            :    57 / 1770 =  3.22%
 --- D0 -> K_S0 pi+ pi- pi0        :     9 / 1770 =  0.51%
 --- D0 -> anti-K*0 pi+ pi-        :     2 / 1770 =  0.11%
 --- D0 -> anti-K*0 pi+ pi- pi0    :     1 / 1770 =  0.06%
 --- D0 -> anti-K*0 rho0           :     1 / 1770 =  0.06%
 --- D0 -> eta pi+ pi-             :     3 / 1770 =  0.17%
 --- D0 -> pi+ pi+ pi+ pi- pi-     :     1 / 1770 =  0.06%
 --- D0 -> pi+ pi+ pi- pi-         :    12 / 1770 =  0.68%
 --- D0 -> pi+ pi-                 :     1 / 1770 =  0.06%
 --- D0 -> pi+ pi- K_L0            :    28 / 1770 =  1.58%
 --- D0 -> pi+ pi- K_L0 pi0        :     2 / 1770 =  0.11%
 --- D0 -> pi+ pi- pi0             :     3 / 1770 =  0.17%
 --- D0 -> pi+ pi- pi0 pi0         :     6 / 1770 =  0.34%
 --- D0 -> pi+ pi- pi0 pi0 pi0     :     2 / 1770 =  0.11%
 --- D0 -> pi- nu_e e+             :     2 / 1770 =  0.11%
 --- D0 -> pi- nu_mu mu+           :     3 / 1770 =  0.17%
 --- D0 -> rho+ pi-                :    22 / 1770 =  1.24%
 --- D0 -> rho- pi+                :    19 / 1770 =  1.07%
 --- D0 -> rho0 pi0                :     2 / 1770 =  0.11%
 --- K*+ -> K+ pi0                 :     1 / 1770 =  0.06%
 --- a_1+ -> pi+ rho0              :     2 / 1770 =  0.11%
 --- a_1+ -> rho+ pi0              :     2 / 1770 =  0.11%
 --- rho+ -> pi+ pi0               :     1 / 1770 =  0.06%
 --- rho0 -> pi+ pi-               :    35 / 1770 =  1.98%
 -- bkg / total:    257 / 1770 = (14.52 + 0.86 - 0.82)%
 -- sig / total:   1513 / 1770 = (85.48 + 0.82 - 0.86)%

 - p bin 1
 -- eta bin 0
 --- D0 -> K*+ pi-                 :     8 / 97804 =  0.01%
 --- D0 -> K*- K+                  :     9 / 97804 =  0.01%
 --- D0 -> K*- nu_e e+             :     1 / 97804 =  0.00%
 --- D0 -> K*- nu_mu mu+           :     7 / 97804 =  0.01%
 --- D0 -> K*- pi+ pi0             :     4 / 97804 =  0.00%
 --- D0 -> K*- rho+                :    33 / 97804 =  0.03%
 --- D0 -> K+ K-                   :    31 / 97804 =  0.03%
 --- D0 -> K+ K- pi+ pi-           :     2 / 97804 =  0.00%
 --- D0 -> K+ K_S0 pi-             :    25 / 97804 =  0.03%
 --- D0 -> K+ pi+ pi- pi-          :     4 / 97804 =  0.00%
 --- D0 -> K+ pi-                  :     1 / 97804 =  0.00%
 --- D0 -> K+ pi- K_L0             :    32 / 97804 =  0.03%
 --- D0 -> K+ pi- pi0              :    27 / 97804 =  0.03%
 --- D0 -> K- nu_e e+              :     5 / 97804 =  0.01%
 --- D0 -> K- nu_mu mu+            :    45 / 97804 =  0.05%
 --- D0 -> K- pi+                  : 91470 / 97804 = 93.52%
 --- D0 -> K- pi+ pi+ pi-          :    14 / 97804 =  0.01%
 --- D0 -> K- pi+ pi0              :    25 / 97804 =  0.03%
 --- D0 -> K- pi+ rho0             :     1 / 97804 =  0.00%
 --- D0 -> K_1- pi+                :     7 / 97804 =  0.01%
 --- D0 -> K_S0 omega              :     1 / 97804 =  0.00%
 --- D0 -> K_S0 pi+ pi-            :   753 / 97804 =  0.77%
 --- D0 -> K_S0 pi+ pi- pi0        :    32 / 97804 =  0.03%
 --- D0 -> a_1+ K-                 :     1 / 97804 =  0.00%
 --- D0 -> anti-K*0                :     1 / 97804 =  0.00%
 --- D0 -> anti-K*0 pi+ pi-        :    10 / 97804 =  0.01%
 --- D0 -> anti-K*0 pi0            :     1 / 97804 =  0.00%
 --- D0 -> anti-K*0 rho0           :     3 / 97804 =  0.00%
 --- D0 -> anti-K0 pi- nu_mu mu+   :     2 / 97804 =  0.00%
 --- D0 -> eta pi+ pi-             :     5 / 97804 =  0.01%
 --- D0 -> eta' pi+ pi-            :     1 / 97804 =  0.00%
 --- D0 -> eta' pi0                :     1 / 97804 =  0.00%
 --- D0 -> omega pi+ pi-           :     5 / 97804 =  0.01%
 --- D0 -> pi+ pi+ pi- pi-         :   119 / 97804 =  0.12%
 --- D0 -> pi+ pi+ pi- pi- pi0     :     2 / 97804 =  0.00%
 --- D0 -> pi+ pi-                 :    25 / 97804 =  0.03%
 --- D0 -> pi+ pi- K_L0            :   720 / 97804 =  0.74%
 --- D0 -> pi+ pi- K_L0 pi0        :     5 / 97804 =  0.01%
 --- D0 -> pi+ pi- pi0             :    94 / 97804 =  0.10%
 --- D0 -> pi+ pi- pi0 pi0         :    55 / 97804 =  0.06%
 --- D0 -> pi+ pi- pi0 pi0 pi0     :     3 / 97804 =  0.00%
 --- D0 -> pi- nu_e e+             :    93 / 97804 =  0.10%
 --- D0 -> pi- nu_mu mu+           :   201 / 97804 =  0.21%
 --- D0 -> rho+ pi-                :  2021 / 97804 =  2.07%
 --- D0 -> rho- nu_e e+            :     1 / 97804 =  0.00%
 --- D0 -> rho- nu_mu mu+          :     5 / 97804 =  0.01%
 --- D0 -> rho- pi+                :  1765 / 97804 =  1.80%
 --- D0 -> rho0 pi0                :     3 / 97804 =  0.00%
 --- D0 -> rho0 rho0               :    15 / 97804 =  0.02%
 --- K*+ -> K0 pi+                 :     1 / 97804 =  0.00%
 --- K*0 -> K+ pi-                 :     2 / 97804 =  0.00%
 --- a_1+ -> rho+ pi0              :     3 / 97804 =  0.00%
 --- omega -> pi+ pi-              :     5 / 97804 =  0.01%
 --- rho+ -> pi+ pi0               :     3 / 97804 =  0.00%
 --- rho0 -> pi+ pi-               :    96 / 97804 =  0.10%
 -- bkg / total:   6334 / 97804 = ( 6.48 + 0.08 - 0.08)%
 -- sig / total:  91470 / 97804 = (93.52 + 0.08 - 0.08)%

 -- eta bin 1
 --- D0 -> K*+ pi-                 :     2 / 17542 =  0.01%
 --- D0 -> K*- K+                  :     3 / 17542 =  0.02%
 --- D0 -> K*- nu_e e+             :     1 / 17542 =  0.01%
 --- D0 -> K*- nu_mu mu+           :    11 / 17542 =  0.06%
 --- D0 -> K*- rho+                :    31 / 17542 =  0.18%
 --- D0 -> K+ K-                   :     5 / 17542 =  0.03%
 --- D0 -> K+ K- pi+ pi-           :     5 / 17542 =  0.03%
 --- D0 -> K+ K- pi0               :     1 / 17542 =  0.01%
 --- D0 -> K+ K_S0 pi-             :    18 / 17542 =  0.10%
 --- D0 -> K+ pi+ pi- pi-          :     1 / 17542 =  0.01%
 --- D0 -> K+ pi- K_L0             :    24 / 17542 =  0.14%
 --- D0 -> K+ pi- pi0              :    11 / 17542 =  0.06%
 --- D0 -> K- nu_e e+              :     1 / 17542 =  0.01%
 --- D0 -> K- nu_mu mu+            :    10 / 17542 =  0.06%
 --- D0 -> K- pi+                  : 15807 / 17542 = 90.11%
 --- D0 -> K- pi+ pi+ pi-          :    22 / 17542 =  0.13%
 --- D0 -> K- pi+ pi0              :    39 / 17542 =  0.22%
 --- D0 -> K_1- pi+                :    12 / 17542 =  0.07%
 --- D0 -> K_S0 omega              :     2 / 17542 =  0.01%
 --- D0 -> K_S0 pi+ pi+ pi- pi-    :     3 / 17542 =  0.02%
 --- D0 -> K_S0 pi+ pi-            :   316 / 17542 =  1.80%
 --- D0 -> K_S0 pi+ pi- pi0        :    46 / 17542 =  0.26%
 --- D0 -> a_1+ K-                 :     1 / 17542 =  0.01%
 --- D0 -> anti-K*0                :     1 / 17542 =  0.01%
 --- D0 -> anti-K*0 omega          :     1 / 17542 =  0.01%
 --- D0 -> anti-K*0 pi+ pi-        :    16 / 17542 =  0.09%
 --- D0 -> anti-K*0 pi+ pi- pi0    :     2 / 17542 =  0.01%
 --- D0 -> eta pi+ pi-             :     6 / 17542 =  0.03%
 --- D0 -> eta' pi+ pi-            :     1 / 17542 =  0.01%
 --- D0 -> omega pi+ pi-           :     6 / 17542 =  0.03%
 --- D0 -> pi+ pi+ pi- pi-         :    57 / 17542 =  0.32%
 --- D0 -> pi+ pi+ pi- pi- K_L0    :     2 / 17542 =  0.01%
 --- D0 -> pi+ pi+ pi- pi- pi0     :     4 / 17542 =  0.02%
 --- D0 -> pi+ pi- K_L0            :   304 / 17542 =  1.73%
 --- D0 -> pi+ pi- K_L0 pi0        :     8 / 17542 =  0.05%
 --- D0 -> pi+ pi- pi0             :    20 / 17542 =  0.11%
 --- D0 -> pi+ pi- pi0 pi0         :    36 / 17542 =  0.21%
 --- D0 -> pi+ pi- pi0 pi0 pi0     :     5 / 17542 =  0.03%
 --- D0 -> pi- nu_e e+             :     9 / 17542 =  0.05%
 --- D0 -> pi- nu_mu mu+           :    33 / 17542 =  0.19%
 --- D0 -> rho+ pi-                :   268 / 17542 =  1.53%
 --- D0 -> rho- nu_mu mu+          :     1 / 17542 =  0.01%
 --- D0 -> rho- pi+                :   211 / 17542 =  1.20%
 --- D0 -> rho0 pi0                :     2 / 17542 =  0.01%
 --- D0 -> rho0 rho0               :     5 / 17542 =  0.03%
 --- K*+ -> K+ pi0                 :     1 / 17542 =  0.01%
 --- K*0 -> K+ pi-                 :     3 / 17542 =  0.02%
 --- K_1+ -> K+ pi+ pi-            :     1 / 17542 =  0.01%
 --- a_1+ -> pi+ rho0              :     3 / 17542 =  0.02%
 --- omega -> pi+ pi-              :     3 / 17542 =  0.02%
 --- omega -> pi+ pi- pi0          :     2 / 17542 =  0.01%
 --- phi -> rho+ pi-               :     1 / 17542 =  0.01%
 --- rho+ -> pi+ pi0               :     4 / 17542 =  0.02%
 --- rho0 -> pi+ pi-               :   154 / 17542 =  0.88%
 -- bkg / total:   1735 / 17542 = ( 9.89 + 0.23 - 0.22)%
 -- sig / total:  15807 / 17542 = (90.11 + 0.22 - 0.23)%

 - p bin 2
 -- eta bin 0
 --- D0 -> K*+ pi-                 :    10 / 130014 =  0.01%
 --- D0 -> K*- K+                  :     3 / 130014 =  0.00%
 --- D0 -> K*- nu_mu mu+           :     1 / 130014 =  0.00%
 --- D0 -> K*- rho+                :     5 / 130014 =  0.00%
 --- D0 -> K+ K-                   :    49 / 130014 =  0.04%
 --- D0 -> K+ K_S0 pi-             :     4 / 130014 =  0.00%
 --- D0 -> K+ pi+ pi- pi-          :     1 / 130014 =  0.00%
 --- D0 -> K+ pi-                  :     6 / 130014 =  0.00%
 --- D0 -> K+ pi- K_L0             :     6 / 130014 =  0.00%
 --- D0 -> K+ pi- pi0              :    11 / 130014 =  0.01%
 --- D0 -> K- nu_e e+              :    18 / 130014 =  0.01%
 --- D0 -> K- nu_mu mu+            :    63 / 130014 =  0.05%
 --- D0 -> K- pi+                  : 125006 / 130014 = 96.15%
 --- D0 -> K- pi+ pi+ pi-          :     4 / 130014 =  0.00%
 --- D0 -> K- pi+ pi0              :    11 / 130014 =  0.01%
 --- D0 -> K_1- pi+                :     1 / 130014 =  0.00%
 --- D0 -> K_S0 omega              :     1 / 130014 =  0.00%
 --- D0 -> K_S0 pi+ pi-            :   188 / 130014 =  0.14%
 --- D0 -> K_S0 pi+ pi- pi0        :     2 / 130014 =  0.00%
 --- D0 -> anti-K*0 rho0           :     1 / 130014 =  0.00%
 --- D0 -> eta pi+ pi-             :     3 / 130014 =  0.00%
 --- D0 -> pi+ pi+ pi- pi-         :    33 / 130014 =  0.03%
 --- D0 -> pi+ pi-                 :    55 / 130014 =  0.04%
 --- D0 -> pi+ pi- K_L0            :   168 / 130014 =  0.13%
 --- D0 -> pi+ pi- pi0             :   102 / 130014 =  0.08%
 --- D0 -> pi+ pi- pi0 pi0         :    17 / 130014 =  0.01%
 --- D0 -> pi+ pi- pi0 pi0 pi0     :     1 / 130014 =  0.00%
 --- D0 -> pi- nu_e e+             :    87 / 130014 =  0.07%
 --- D0 -> pi- nu_mu mu+           :   199 / 130014 =  0.15%
 --- D0 -> rho+ pi-                :  2111 / 130014 =  1.62%
 --- D0 -> rho- nu_mu mu+          :     1 / 130014 =  0.00%
 --- D0 -> rho- pi+                :  1821 / 130014 =  1.40%
 --- D0 -> rho0 pi0                :     2 / 130014 =  0.00%
 --- D0 -> rho0 rho0               :     3 / 130014 =  0.00%
 --- rho+ -> pi+ pi0               :     1 / 130014 =  0.00%
 --- rho0 -> pi+ pi-               :    19 / 130014 =  0.01%
 -- bkg / total:   5008 / 130014 = ( 3.85 + 0.05 - 0.05)%
 -- sig / total: 125006 / 130014 = (96.15 + 0.05 - 0.05)%

 -- eta bin 1
 --- D0 -> K*+ pi-                 :     1 / 34312 =  0.00%
 --- D0 -> K*- K+                  :     2 / 34312 =  0.01%
 --- D0 -> K*- nu_mu mu+           :     3 / 34312 =  0.01%
 --- D0 -> K*- pi+ pi0             :     4 / 34312 =  0.01%
 --- D0 -> K*- rho+                :    32 / 34312 =  0.09%
 --- D0 -> K+ K-                   :    17 / 34312 =  0.05%
 --- D0 -> K+ K- K_S0              :     1 / 34312 =  0.00%
 --- D0 -> K+ K- pi+ pi-           :     1 / 34312 =  0.00%
 --- D0 -> K+ K_S0 pi-             :    17 / 34312 =  0.05%
 --- D0 -> K+ pi+ pi- pi-          :     1 / 34312 =  0.00%
 --- D0 -> K+ pi-                  :     1 / 34312 =  0.00%
 --- D0 -> K+ pi- K_L0             :    12 / 34312 =  0.03%
 --- D0 -> K+ pi- pi0              :     7 / 34312 =  0.02%
 --- D0 -> K- nu_e e+              :     3 / 34312 =  0.01%
 --- D0 -> K- nu_mu mu+            :    22 / 34312 =  0.06%
 --- D0 -> K- pi+                  : 32238 / 34312 = 93.96%
 --- D0 -> K- pi+ pi+ pi-          :    13 / 34312 =  0.04%
 --- D0 -> K- pi+ pi0              :    17 / 34312 =  0.05%
 --- D0 -> K- pi+ rho0             :     1 / 34312 =  0.00%
 --- D0 -> K_1- pi+                :    12 / 34312 =  0.03%
 --- D0 -> K_S0 pi+ pi-            :   310 / 34312 =  0.90%
 --- D0 -> K_S0 pi+ pi- pi0        :    18 / 34312 =  0.05%
 --- D0 -> anti-K*0 pi+ pi-        :    10 / 34312 =  0.03%
 --- D0 -> anti-K*0 pi+ pi- pi0    :     1 / 34312 =  0.00%
 --- D0 -> anti-K*0 rho0           :     3 / 34312 =  0.01%
 --- D0 -> anti-K0 pi- nu_mu mu+   :     1 / 34312 =  0.00%
 --- D0 -> eta pi+ pi-             :     3 / 34312 =  0.01%
 --- D0 -> eta' K_S0               :     1 / 34312 =  0.00%
 --- D0 -> eta' pi+ pi-            :     1 / 34312 =  0.00%
 --- D0 -> omega pi+ pi-           :     3 / 34312 =  0.01%
 --- D0 -> phi pi+ pi-             :     1 / 34312 =  0.00%
 --- D0 -> pi+ pi+ pi- pi-         :    54 / 34312 =  0.16%
 --- D0 -> pi+ pi+ pi- pi- K_L0    :     2 / 34312 =  0.01%
 --- D0 -> pi+ pi+ pi- pi- pi0     :     1 / 34312 =  0.00%
 --- D0 -> pi+ pi-                 :     7 / 34312 =  0.02%
 --- D0 -> pi+ pi- K_L0            :   283 / 34312 =  0.82%
 --- D0 -> pi+ pi- K_L0 pi0        :     6 / 34312 =  0.02%
 --- D0 -> pi+ pi- pi0             :    24 / 34312 =  0.07%
 --- D0 -> pi+ pi- pi0 pi0         :    26 / 34312 =  0.08%
 --- D0 -> pi+ pi- pi0 pi0 pi0     :     2 / 34312 =  0.01%
 --- D0 -> pi- nu_e e+             :    21 / 34312 =  0.06%
 --- D0 -> pi- nu_mu mu+           :    57 / 34312 =  0.17%
 --- D0 -> rho+ pi-                :   526 / 34312 =  1.53%
 --- D0 -> rho- nu_mu mu+          :     2 / 34312 =  0.01%
 --- D0 -> rho- pi+                :   435 / 34312 =  1.27%
 --- D0 -> rho0 pi0                :     3 / 34312 =  0.01%
 --- D0 -> rho0 rho0               :     3 / 34312 =  0.01%
 --- K*0 -> K+ pi-                 :     1 / 34312 =  0.00%
 --- K_10 -> K0 pi+ pi-            :     1 / 34312 =  0.00%
 --- K_L0 -> 1000110220            :     1 / 34312 =  0.00%
 --- a_1+ -> pi+ rho0              :     1 / 34312 =  0.00%
 --- omega -> pi+ pi-              :     2 / 34312 =  0.01%
 --- omega -> pi+ pi- pi0          :     1 / 34312 =  0.00%
 --- rho+ -> pi+ pi0               :     4 / 34312 =  0.01%
 --- rho0 -> pi+ pi-               :    92 / 34312 =  0.27%
 -- bkg / total:   2074 / 34312 = ( 6.04 + 0.13 - 0.13)%
 -- sig / total:  32238 / 34312 = (93.96 + 0.13 - 0.13)%

 - p bin 3
 -- eta bin 0
 --- D0 -> K*+ pi-                 :     2 / 211757 =  0.00%
 --- D0 -> K*- nu_mu mu+           :     1 / 211757 =  0.00%
 --- D0 -> K+ K-                   :    35 / 211757 =  0.02%
 --- D0 -> K+ pi-                  :    11 / 211757 =  0.01%
 --- D0 -> K+ pi- pi0              :     6 / 211757 =  0.00%
 --- D0 -> K- nu_e e+              :    42 / 211757 =  0.02%
 --- D0 -> K- nu_mu mu+            :   150 / 211757 =  0.07%
 --- D0 -> K- pi+                  : 208202 / 211757 = 98.32%
 --- D0 -> K- pi+ pi0              :    10 / 211757 =  0.00%
 --- D0 -> K_S0 pi+ pi-            :    30 / 211757 =  0.01%
 --- D0 -> pi+ pi+ pi- pi-         :     7 / 211757 =  0.00%
 --- D0 -> pi+ pi-                 :   130 / 211757 =  0.06%
 --- D0 -> pi+ pi- K_L0            :    36 / 211757 =  0.02%
 --- D0 -> pi+ pi- pi0             :    60 / 211757 =  0.03%
 --- D0 -> pi+ pi- pi0 pi0         :     2 / 211757 =  0.00%
 --- D0 -> pi- nu_e e+             :    65 / 211757 =  0.03%
 --- D0 -> pi- nu_mu mu+           :   183 / 211757 =  0.09%
 --- D0 -> rho+ pi-                :  1490 / 211757 =  0.70%
 --- D0 -> rho- pi+                :  1292 / 211757 =  0.61%
 --- D0 -> rho0 rho0               :     1 / 211757 =  0.00%
 --- rho0 -> pi+ pi-               :     2 / 211757 =  0.00%
 -- bkg / total:   3555 / 211757 = ( 1.68 + 0.03 - 0.03)%
 -- sig / total: 208202 / 211757 = (98.32 + 0.03 - 0.03)%

 -- eta bin 1
 --- D0 -> K*+ pi-                 :     4 / 69923 =  0.01%
 --- D0 -> K*- K+                  :     1 / 69923 =  0.00%
 --- D0 -> K*- nu_mu mu+           :     1 / 69923 =  0.00%
 --- D0 -> K*- rho+                :     4 / 69923 =  0.01%
 --- D0 -> K+ K-                   :    46 / 69923 =  0.07%
 --- D0 -> K+ K- pi+ pi-           :     3 / 69923 =  0.00%
 --- D0 -> K+ K_S0 pi-             :     5 / 69923 =  0.01%
 --- D0 -> K+ pi+ pi- pi-          :     1 / 69923 =  0.00%
 --- D0 -> K+ pi-                  :     2 / 69923 =  0.00%
 --- D0 -> K+ pi- K_L0             :     5 / 69923 =  0.01%
 --- D0 -> K+ pi- pi0              :     7 / 69923 =  0.01%
 --- D0 -> K- nu_e e+              :    10 / 69923 =  0.01%
 --- D0 -> K- nu_mu mu+            :    45 / 69923 =  0.06%
 --- D0 -> K- pi+                  : 67457 / 69923 = 96.47%
 --- D0 -> K- pi+ pi+ pi-          :     2 / 69923 =  0.00%
 --- D0 -> K- pi+ pi0              :    17 / 69923 =  0.02%
 --- D0 -> K_1- pi+                :     1 / 69923 =  0.00%
 --- D0 -> K_S0 omega              :     1 / 69923 =  0.00%
 --- D0 -> K_S0 pi+ pi-            :   149 / 69923 =  0.21%
 --- D0 -> K_S0 pi+ pi- pi0        :     4 / 69923 =  0.01%
 --- D0 -> K_S0 pi0                :     1 / 69923 =  0.00%
 --- D0 -> anti-K*0 pi+ pi-        :     2 / 69923 =  0.00%
 --- D0 -> eta pi+ pi-             :     3 / 69923 =  0.00%
 --- D0 -> pi+ pi+ pi- pi-         :    28 / 69923 =  0.04%
 --- D0 -> pi+ pi+ pi- pi- pi0     :     2 / 69923 =  0.00%
 --- D0 -> pi+ pi-                 :    22 / 69923 =  0.03%
 --- D0 -> pi+ pi- K_L0            :   149 / 69923 =  0.21%
 --- D0 -> pi+ pi- K_L0 pi0        :     1 / 69923 =  0.00%
 --- D0 -> pi+ pi- pi0             :    41 / 69923 =  0.06%
 --- D0 -> pi+ pi- pi0 pi0         :    11 / 69923 =  0.02%
 --- D0 -> pi+ pi- pi0 pi0 pi0     :     2 / 69923 =  0.00%
 --- D0 -> pi- nu_e e+             :    23 / 69923 =  0.03%
 --- D0 -> pi- nu_mu mu+           :   102 / 69923 =  0.15%
 --- D0 -> rho+ pi-                :   984 / 69923 =  1.41%
 --- D0 -> rho- nu_e e+            :     1 / 69923 =  0.00%
 --- D0 -> rho- nu_mu mu+          :     2 / 69923 =  0.00%
 --- D0 -> rho- pi+                :   761 / 69923 =  1.09%
 --- D0 -> rho0 pi0                :     2 / 69923 =  0.00%
 --- D0 -> rho0 rho0               :     2 / 69923 =  0.00%
 --- a_1+ -> pi+ rho0              :     1 / 69923 =  0.00%
 --- eta' -> rho0                  :     1 / 69923 =  0.00%
 --- rho0 -> pi+ pi-               :    17 / 69923 =  0.02%
 -- bkg / total:   2466 / 69923 = ( 3.53 + 0.07 - 0.07)%
 -- sig / total:  67457 / 69923 = (96.47 + 0.07 - 0.07)%

 - p bin 4
 -- eta bin 0
 --- D0 -> K+ K-                   :    23 / 218260 =  0.01%
 --- D0 -> K+ pi-                  :     4 / 218260 =  0.00%
 --- D0 -> K+ pi- pi0              :     1 / 218260 =  0.00%
 --- D0 -> K- nu_e e+              :    79 / 218260 =  0.04%
 --- D0 -> K- nu_mu mu+            :   193 / 218260 =  0.09%
 --- D0 -> K- pi+                  : 216794 / 218260 = 99.33%
 --- D0 -> K- pi+ pi0              :    14 / 218260 =  0.01%
 --- D0 -> K_S0 pi+ pi-            :     2 / 218260 =  0.00%
 --- D0 -> pi+ pi+ pi- pi-         :     1 / 218260 =  0.00%
 --- D0 -> pi+ pi-                 :   149 / 218260 =  0.07%
 --- D0 -> pi+ pi- K_L0            :     3 / 218260 =  0.00%
 --- D0 -> pi+ pi- pi0             :     8 / 218260 =  0.00%
 --- D0 -> pi- nu_e e+             :    57 / 218260 =  0.03%
 --- D0 -> pi- nu_mu mu+           :   147 / 218260 =  0.07%
 --- D0 -> rho+ pi-                :   400 / 218260 =  0.18%
 --- D0 -> rho- pi+                :   385 / 218260 =  0.18%
 -- bkg / total:   1466 / 218260 = ( 0.67 + 0.02 - 0.02)%
 -- sig / total: 216794 / 218260 = (99.33 + 0.02 - 0.02)%

 -- eta bin 1
 --- D0 -> K*- nu_mu mu+           :     1 / 164472 =  0.00%
 --- D0 -> K+ K-                   :    52 / 164472 =  0.03%
 --- D0 -> K+ pi+ pi- pi-          :     1 / 164472 =  0.00%
 --- D0 -> K+ pi-                  :     5 / 164472 =  0.00%
 --- D0 -> K+ pi- pi0              :     2 / 164472 =  0.00%
 --- D0 -> K- nu_e e+              :    54 / 164472 =  0.03%
 --- D0 -> K- nu_mu mu+            :   133 / 164472 =  0.08%
 --- D0 -> K- pi+                  : 162332 / 164472 = 98.70%
 --- D0 -> K- pi+ pi+ pi-          :     1 / 164472 =  0.00%
 --- D0 -> K- pi+ pi0              :    24 / 164472 =  0.01%
 --- D0 -> K_S0 pi+ pi-            :    24 / 164472 =  0.01%
 --- D0 -> eta pi+ pi-             :     1 / 164472 =  0.00%
 --- D0 -> pi+ pi+ pi- pi-         :     6 / 164472 =  0.00%
 --- D0 -> pi+ pi-                 :   123 / 164472 =  0.07%
 --- D0 -> pi+ pi- K_L0            :    32 / 164472 =  0.02%
 --- D0 -> pi+ pi- K_L0 pi0        :     1 / 164472 =  0.00%
 --- D0 -> pi+ pi- pi0             :    36 / 164472 =  0.02%
 --- D0 -> pi+ pi- pi0 pi0         :     3 / 164472 =  0.00%
 --- D0 -> pi- nu_e e+             :    43 / 164472 =  0.03%
 --- D0 -> pi- nu_mu mu+           :   122 / 164472 =  0.07%
 --- D0 -> rho+ pi-                :   791 / 164472 =  0.48%
 --- D0 -> rho- nu_mu mu+          :     1 / 164472 =  0.00%
 --- D0 -> rho- pi+                :   681 / 164472 =  0.41%
 --- D0 -> rho0 pi0                :     1 / 164472 =  0.00%
 --- rho0 -> pi+ pi-               :     2 / 164472 =  0.00%
 -- bkg / total:   2140 / 164472 = ( 1.30 + 0.03 - 0.03)%
 -- sig / total: 162332 / 164472 = (98.70 + 0.03 - 0.03)%

 - p bin 5
 -- eta bin 0
 --- D0 -> K+ K-                   :     1 / 33601 =  0.00%
 --- D0 -> K+ pi-                  :     1 / 33601 =  0.00%
 --- D0 -> K- nu_e e+              :    22 / 33601 =  0.07%
 --- D0 -> K- nu_mu mu+            :    45 / 33601 =  0.13%
 --- D0 -> K- pi+                  : 33433 / 33601 = 99.50%
 --- D0 -> K- pi+ pi0              :     8 / 33601 =  0.02%
 --- D0 -> pi+ pi-                 :    33 / 33601 =  0.10%
 --- D0 -> pi+ pi- pi0             :     1 / 33601 =  0.00%
 --- D0 -> pi- nu_e e+             :    10 / 33601 =  0.03%
 --- D0 -> pi- nu_mu mu+           :    14 / 33601 =  0.04%
 --- D0 -> rho+ pi-                :    16 / 33601 =  0.05%
 --- D0 -> rho- pi+                :    17 / 33601 =  0.05%
 -- bkg / total:    168 / 33601 = ( 0.50 + 0.04 - 0.04)%
 -- sig / total:  33433 / 33601 = (99.50 + 0.04 - 0.04)%

 -- eta bin 1
 --- D0 -> K*+ pi-                 :     1 / 87769 =  0.00%
 --- D0 -> K+ K-                   :     9 / 87769 =  0.01%
 --- D0 -> K+ pi-                  :     4 / 87769 =  0.00%
 --- D0 -> K- nu_e e+              :    66 / 87769 =  0.08%
 --- D0 -> K- nu_mu mu+            :   109 / 87769 =  0.12%
 --- D0 -> K- pi+                  : 87153 / 87769 = 99.30%
 --- D0 -> K- pi+ pi0              :    22 / 87769 =  0.03%
 --- D0 -> pi+ pi-                 :    94 / 87769 =  0.11%
 --- D0 -> pi+ pi- K_L0            :     1 / 87769 =  0.00%
 --- D0 -> pi+ pi- pi0             :     2 / 87769 =  0.00%
 --- D0 -> pi- nu_e e+             :    24 / 87769 =  0.03%
 --- D0 -> pi- nu_mu mu+           :    52 / 87769 =  0.06%
 --- D0 -> rho+ pi-                :   134 / 87769 =  0.15%
 --- D0 -> rho- pi+                :    97 / 87769 =  0.11%
 --- rho0 -> pi+ pi-               :     1 / 87769 =  0.00%
 -- bkg / total:    616 / 87769 = ( 0.70 + 0.03 - 0.03)%
 -- sig / total:  87153 / 87769 = (99.30 + 0.03 - 0.03)%


INFO Printing passed counts for pi
 - p bin 0
 -- eta bin 0
 --- D0 -> K- nu_e e+              :     1 / 60 =  1.67%
 --- D0 -> K- nu_mu mu+            :     4 / 60 =  6.67%
 --- D0 -> K- pi+                  :    53 / 60 = 88.33%
 --- D0 -> pi+ pi-                 :     1 / 60 =  1.67%
 --- D0 -> pi- nu_mu mu+           :     1 / 60 =  1.67%
 -- bkg / total:      7 / 60 = (11.67 + 4.79 - 3.53)%
 -- sig / total:     53 / 60 = (88.33 + 3.53 - 4.79)%

 -- eta bin 1
 --- D0 -> K- pi+                  :     8 / 8 = 100.00%
 -- bkg / total:      0 / 8 = ( 0.00 + 11.11 - 0.00)%
 -- sig / total:      8 / 8 = (100.00 + 0.00 - 11.11)%

 - p bin 1
 -- eta bin 0
 --- D0 -> K- nu_mu mu+            :     2 / 187 =  1.07%
 --- D0 -> K- pi+                  :   179 / 187 = 95.72%
 --- D0 -> pi+ pi-                 :     1 / 187 =  0.53%
 --- D0 -> pi- nu_mu mu+           :     5 / 187 =  2.67%
 -- bkg / total:      8 / 187 = ( 4.28 + 1.74 - 1.25)%
 -- sig / total:    179 / 187 = (95.72 + 1.25 - 1.74)%

 -- eta bin 1
 --- D0 -> K- nu_mu mu+            :     1 / 49 =  2.04%
 --- D0 -> K- pi+                  :    47 / 49 = 95.92%
 --- D0 -> pi- nu_mu mu+           :     1 / 49 =  2.04%
 -- bkg / total:      2 / 49 = ( 4.08 + 3.86 - 2.03)%
 -- sig / total:     47 / 49 = (95.92 + 2.03 - 3.86)%

 - p bin 2
 -- eta bin 0
 --- D0 -> K- nu_mu mu+            :     1 / 91 =  1.10%
 --- D0 -> K- pi+                  :    87 / 91 = 95.60%
 --- D0 -> pi- nu_mu mu+           :     2 / 91 =  2.20%
 --- D0 -> rho- pi+                :     1 / 91 =  1.10%
 -- bkg / total:      4 / 91 = ( 4.40 + 2.69 - 1.70)%
 -- sig / total:     87 / 91 = (95.60 + 1.70 - 2.69)%

 -- eta bin 1
 --- D0 -> K- pi+                  :    44 / 45 = 97.78%
 --- D0 -> pi- nu_mu mu+           :     1 / 45 =  2.22%
 -- bkg / total:      1 / 45 = ( 2.22 + 3.45 - 1.37)%
 -- sig / total:     44 / 45 = (97.78 + 1.37 - 3.45)%

 - p bin 3
 -- eta bin 0
 --- D0 -> K+ K-                   :    11 / 94 = 11.70%
 --- D0 -> K- nu_mu mu+            :     3 / 94 =  3.19%
 --- D0 -> K- pi+                  :    72 / 94 = 76.60%
 --- D0 -> pi- nu_mu mu+           :     5 / 94 =  5.32%
 --- D0 -> rho+ pi-                :     1 / 94 =  1.06%
 --- D0 -> rho- pi+                :     2 / 94 =  2.13%
 -- bkg / total:     22 / 94 = (23.40 + 4.63 - 4.07)%
 -- sig / total:     72 / 94 = (76.60 + 4.07 - 4.63)%

 -- eta bin 1
 --- D0 -> K- nu_mu mu+            :     1 / 40 =  2.50%
 --- D0 -> K- pi+                  :    36 / 40 = 90.00%
 --- D0 -> pi- nu_mu mu+           :     2 / 40 =  5.00%
 --- D0 -> rho- pi+                :     1 / 40 =  2.50%
 -- bkg / total:      4 / 40 = (10.00 + 5.76 - 3.81)%
 -- sig / total:     36 / 40 = (90.00 + 3.81 - 5.76)%

 - p bin 4
 -- eta bin 0
 --- D0 -> K*- nu_mu mu+           :     1 / 90 =  1.11%
 --- D0 -> K+ K-                   :    15 / 90 = 16.67%
 --- D0 -> K+ K_S0 pi-             :     1 / 90 =  1.11%
 --- D0 -> K+ pi- K_L0             :     1 / 90 =  1.11%
 --- D0 -> K- pi+                  :    58 / 90 = 64.44%
 --- D0 -> pi- nu_mu mu+           :    11 / 90 = 12.22%
 --- D0 -> rho+ pi-                :     3 / 90 =  3.33%
 -- bkg / total:     32 / 90 = (35.56 + 5.18 - 4.86)%
 -- sig / total:     58 / 90 = (64.44 + 4.86 - 5.18)%

 -- eta bin 1
 --- D0 -> K+ K-                   :     5 / 48 = 10.42%
 --- D0 -> K+ pi- K_L0             :     1 / 48 =  2.08%
 --- D0 -> K- nu_mu mu+            :     1 / 48 =  2.08%
 --- D0 -> K- pi+                  :    33 / 48 = 68.75%
 --- D0 -> pi- nu_mu mu+           :     5 / 48 = 10.42%
 --- D0 -> rho+ pi-                :     2 / 48 =  4.17%
 --- D0 -> rho- nu_mu mu+          :     1 / 48 =  2.08%
 -- bkg / total:     15 / 48 = (31.25 + 7.02 - 6.25)%
 -- sig / total:     33 / 48 = (68.75 + 6.25 - 7.02)%

 - p bin 5
 -- eta bin 0
 --- D0 -> K+ K-                   :     2 / 8 = 25.00%
 --- D0 -> K- pi+                  :     3 / 8 = 37.50%
 --- D0 -> pi- nu_mu mu+           :     2 / 8 = 25.00%
 --- D0 -> rho- pi+                :     1 / 8 = 12.50%
 -- bkg / total:      5 / 8 = (62.50 + 14.81 - 17.59)%
 -- sig / total:      3 / 8 = (37.50 + 17.59 - 14.81)%

 -- eta bin 1
 --- D0 -> K*- nu_mu mu+           :     2 / 38 =  5.26%
 --- D0 -> K+ K-                   :     3 / 38 =  7.89%
 --- D0 -> K- pi+                  :    30 / 38 = 78.95%
 --- D0 -> pi- nu_mu mu+           :     2 / 38 =  5.26%
 --- D0 -> rho+ pi-                :     1 / 38 =  2.63%
 -- bkg / total:      8 / 38 = (21.05 + 7.31 - 5.83)%
 -- sig / total:     30 / 38 = (78.95 + 5.83 - 7.31)%


INFO Printing passed counts for k
 - p bin 0
 -- eta bin 0
 --- D0 -> K+ K-                   :     1 / 474 =  0.21%
 --- D0 -> K+ pi-                  :     1 / 474 =  0.21%
 --- D0 -> K- pi+                  :   461 / 474 = 97.26%
 --- D0 -> K- pi+ pi0              :     1 / 474 =  0.21%
 --- D0 -> K_S0 pi+ pi-            :     2 / 474 =  0.42%
 --- D0 -> K_S0 pi+ pi- pi0        :     1 / 474 =  0.21%
 --- D0 -> pi+ pi+ pi- pi-         :     1 / 474 =  0.21%
 --- D0 -> pi+ pi- K_L0            :     2 / 474 =  0.42%
 --- D0 -> rho+ pi-                :     2 / 474 =  0.42%
 --- D0 -> rho- pi+                :     1 / 474 =  0.21%
 --- rho0 -> pi+ pi-               :     1 / 474 =  0.21%
 -- bkg / total:     13 / 474 = ( 2.74 + 0.86 - 0.66)%
 -- sig / total:    461 / 474 = (97.26 + 0.66 - 0.86)%

 -- eta bin 1
 --- D0 -> K- pi+                  :    20 / 22 = 90.91%
 --- D0 -> K- pi+ pi0              :     1 / 22 =  4.55%
 --- D0 -> pi+ pi- K_L0            :     1 / 22 =  4.55%
 -- bkg / total:      2 / 22 = ( 9.09 + 8.03 - 4.47)%
 -- sig / total:     20 / 22 = (90.91 + 4.47 - 8.03)%

 - p bin 1
 -- eta bin 0
 --- D0 -> K*- rho+                :     1 / 1139 =  0.09%
 --- D0 -> K+ K-                   :     4 / 1139 =  0.35%
 --- D0 -> K- nu_mu mu+            :     1 / 1139 =  0.09%
 --- D0 -> K- pi+                  :  1118 / 1139 = 98.16%
 --- D0 -> K_S0 pi+ pi-            :     2 / 1139 =  0.18%
 --- D0 -> pi+ pi-                 :     2 / 1139 =  0.18%
 --- D0 -> pi+ pi- K_L0            :     2 / 1139 =  0.18%
 --- D0 -> pi+ pi- pi0             :     1 / 1139 =  0.09%
 --- D0 -> rho+ pi-                :     4 / 1139 =  0.35%
 --- D0 -> rho- pi+                :     4 / 1139 =  0.35%
 -- bkg / total:     21 / 1139 = ( 1.84 + 0.44 - 0.36)%
 -- sig / total:   1118 / 1139 = (98.16 + 0.36 - 0.44)%

 -- eta bin 1
 --- D0 -> K- pi+                  :   172 / 180 = 95.56%
 --- D0 -> pi+ pi- K_L0            :     2 / 180 =  1.11%
 --- D0 -> pi- nu_mu mu+           :     1 / 180 =  0.56%
 --- D0 -> rho+ pi-                :     2 / 180 =  1.11%
 --- D0 -> rho- pi+                :     1 / 180 =  0.56%
 --- rho0 -> pi+ pi-               :     2 / 180 =  1.11%
 -- bkg / total:      8 / 180 = ( 4.44 + 1.80 - 1.30)%
 -- sig / total:    172 / 180 = (95.56 + 1.30 - 1.80)%

 - p bin 2
 -- eta bin 0
 --- D0 -> K+ K-                   :     1 / 1234 =  0.08%
 --- D0 -> K- pi+                  :  1230 / 1234 = 99.68%
 --- D0 -> rho+ pi-                :     2 / 1234 =  0.16%
 --- D0 -> rho- pi+                :     1 / 1234 =  0.08%
 -- bkg / total:      4 / 1234 = ( 0.32 + 0.21 - 0.13)%
 -- sig / total:   1230 / 1234 = (99.68 + 0.13 - 0.21)%

 -- eta bin 1
 --- D0 -> K- nu_mu mu+            :     1 / 187 =  0.53%
 --- D0 -> K- pi+                  :   182 / 187 = 97.33%
 --- D0 -> rho+ pi-                :     2 / 187 =  1.07%
 --- D0 -> rho- pi+                :     2 / 187 =  1.07%
 -- bkg / total:      5 / 187 = ( 2.67 + 1.45 - 0.95)%
 -- sig / total:    182 / 187 = (97.33 + 0.95 - 1.45)%

 - p bin 3
 -- eta bin 0
 --- D0 -> K+ K-                   :    10 / 1708 =  0.59%
 --- D0 -> K- nu_mu mu+            :     3 / 1708 =  0.18%
 --- D0 -> K- pi+                  :  1694 / 1708 = 99.18%
 --- D0 -> pi+ pi-                 :     1 / 1708 =  0.06%
 -- bkg / total:     14 / 1708 = ( 0.82 + 0.25 - 0.19)%
 -- sig / total:   1694 / 1708 = (99.18 + 0.19 - 0.25)%

 -- eta bin 1
 --- D0 -> K+ K-                   :     1 / 325 =  0.31%
 --- D0 -> K- pi+                  :   321 / 325 = 98.77%
 --- D0 -> K- pi+ pi0              :     1 / 325 =  0.31%
 --- D0 -> rho+ pi-                :     2 / 325 =  0.62%
 -- bkg / total:      4 / 325 = ( 1.23 + 0.78 - 0.48)%
 -- sig / total:    321 / 325 = (98.77 + 0.48 - 0.78)%

 - p bin 4
 -- eta bin 0
 --- D0 -> K+ K-                   :     4 / 1213 =  0.33%
 --- D0 -> K- nu_e e+              :     1 / 1213 =  0.08%
 --- D0 -> K- nu_mu mu+            :     6 / 1213 =  0.49%
 --- D0 -> K- pi+                  :  1201 / 1213 = 99.01%
 --- D0 -> pi+ pi-                 :     1 / 1213 =  0.08%
 -- bkg / total:     12 / 1213 = ( 0.99 + 0.33 - 0.25)%
 -- sig / total:   1201 / 1213 = (99.01 + 0.25 - 0.33)%

 -- eta bin 1
 --- D0 -> K+ K-                   :     1 / 569 =  0.18%
 --- D0 -> K- nu_mu mu+            :     2 / 569 =  0.35%
 --- D0 -> K- pi+                  :   566 / 569 = 99.47%
 -- bkg / total:      3 / 569 = ( 0.53 + 0.40 - 0.23)%
 -- sig / total:    566 / 569 = (99.47 + 0.23 - 0.40)%

 - p bin 5
 -- eta bin 0
 --- D0 -> K- pi+                  :    80 / 81 = 98.77%
 --- D0 -> K- pi+ pi0              :     1 / 81 =  1.23%
 -- bkg / total:      1 / 81 = ( 1.23 + 1.95 - 0.76)%
 -- sig / total:     80 / 81 = (98.77 + 0.76 - 1.95)%

 -- eta bin 1
 --- D0 -> K- pi+                  :   171 / 171 = 100.00%
 -- bkg / total:      0 / 171 = ( 0.00 + 0.58 - 0.00)%
 -- sig / total:    171 / 171 = (100.00 + 0.00 - 0.58)%

INFO Producing fake_mu constraints
INFO Opening MC files: ntuples/0.9.16-d0_bkg/d0_bkg-mb-misid_corrections-k/Dst_ANNK--25_11_03--mc--10000000--201*.root
INFO Opened MC files:
  - ntuples/0.9.16-d0_bkg/d0_bkg-mb-misid_corrections-k/Dst_ANNK--25_11_03--mc--10000000--2016--md.root
  - ntuples/0.9.16-d0_bkg/d0_bkg-mb-misid_corrections-k/Dst_ANNK--25_11_03--mc--10000000--2016--mu.root
  - ntuples/0.9.16-d0_bkg/d0_bkg-mb-misid_corrections-k/Dst_ANNK--25_11_03--mc--10000000--2017--md.root
  - ntuples/0.9.16-d0_bkg/d0_bkg-mb-misid_corrections-k/Dst_ANNK--25_11_03--mc--10000000--2017--mu.root
  - ntuples/0.9.16-d0_bkg/d0_bkg-mb-misid_corrections-k/Dst_ANNK--25_11_03--mc--10000000--2018--md.root
  - ntuples/0.9.16-d0_bkg/d0_bkg-mb-misid_corrections-k/Dst_ANNK--25_11_03--mc--10000000--2018--mu.root
INFO Starting MC event loop over 1328796 entries
INFO Opening MC files: ntuples/0.9.16-d0_bkg/d0_bkg-mb-misid_corrections-pi/Dst_ANNPi--25_11_04--mc--10000000--201*.root
INFO Opened MC files:
  - ntuples/0.9.16-d0_bkg/d0_bkg-mb-misid_corrections-pi/Dst_ANNPi--25_11_04--mc--10000000--2016--md.root
  - ntuples/0.9.16-d0_bkg/d0_bkg-mb-misid_corrections-pi/Dst_ANNPi--25_11_04--mc--10000000--2016--mu.root
  - ntuples/0.9.16-d0_bkg/d0_bkg-mb-misid_corrections-pi/Dst_ANNPi--25_11_04--mc--10000000--2017--md.root
  - ntuples/0.9.16-d0_bkg/d0_bkg-mb-misid_corrections-pi/Dst_ANNPi--25_11_04--mc--10000000--2017--mu.root
  - ntuples/0.9.16-d0_bkg/d0_bkg-mb-misid_corrections-pi/Dst_ANNPi--25_11_04--mc--10000000--2018--md.root
  - ntuples/0.9.16-d0_bkg/d0_bkg-mb-misid_corrections-pi/Dst_ANNPi--25_11_04--mc--10000000--2018--mu.root
INFO Starting MC event loop over 1328796 entries

INFO Printing failed counts for pi
 - p bin 0
 -- eta bin 0
 --- D0 -> K- nu_e e+              :   117 / 70867 =  0.17%
 --- D0 -> K- nu_mu mu+            :     3 / 70867 =  0.00%
 --- D0 -> K- pi+                  : 70615 / 70867 = 99.64%
 --- D0 -> K- pi+ pi+ pi-          :     1 / 70867 =  0.00%
 --- D0 -> K- pi+ pi0              :     8 / 70867 =  0.01%
 --- D0 -> K_S0 omega              :     1 / 70867 =  0.00%
 --- D0 -> K_S0 pi+ pi-            :     1 / 70867 =  0.00%
 --- D0 -> pi+ pi-                 :    91 / 70867 =  0.13%
 --- D0 -> pi- nu_e e+             :    23 / 70867 =  0.03%
 --- D0 -> pi- nu_mu mu+           :     3 / 70867 =  0.00%
 --- D0 -> rho- pi+                :     4 / 70867 =  0.01%
 -- bkg / total:    252 / 70867 = ( 0.36 + 0.02 - 0.02)%
 -- sig / total:  70615 / 70867 = (99.64 + 0.02 - 0.02)%

 -- eta bin 1
 --- D0 -> K- nu_e e+              :     2 / 1632 =  0.12%
 --- D0 -> K- pi+                  :  1624 / 1632 = 99.51%
 --- D0 -> pi+ pi-                 :     6 / 1632 =  0.37%
 -- bkg / total:      8 / 1632 = ( 0.49 + 0.21 - 0.15)%
 -- sig / total:   1624 / 1632 = (99.51 + 0.15 - 0.21)%

 - p bin 1
 -- eta bin 0
 --- D0 -> K+ pi-                  :     1 / 112090 =  0.00%
 --- D0 -> K- nu_e e+              :    53 / 112090 =  0.05%
 --- D0 -> K- nu_mu mu+            :     3 / 112090 =  0.00%
 --- D0 -> K- pi+                  : 111844 / 112090 = 99.78%
 --- D0 -> K- pi+ pi0              :     8 / 112090 =  0.01%
 --- D0 -> pi+ pi-                 :   108 / 112090 =  0.10%
 --- D0 -> pi+ pi- K_L0            :     1 / 112090 =  0.00%
 --- D0 -> pi- nu_e e+             :    24 / 112090 =  0.02%
 --- D0 -> rho+ pi-                :    29 / 112090 =  0.03%
 --- D0 -> rho- pi+                :    19 / 112090 =  0.02%
 -- bkg / total:    246 / 112090 = ( 0.22 + 0.01 - 0.01)%
 -- sig / total: 111844 / 112090 = (99.78 + 0.01 - 0.01)%

 -- eta bin 1
 --- D0 -> K- nu_e e+              :     6 / 16983 =  0.04%
 --- D0 -> K- pi+                  : 16940 / 16983 = 99.75%
 --- D0 -> K- pi+ pi0              :     4 / 16983 =  0.02%
 --- D0 -> pi+ pi-                 :    27 / 16983 =  0.16%
 --- D0 -> pi- nu_e e+             :     2 / 16983 =  0.01%
 --- D0 -> rho+ pi-                :     2 / 16983 =  0.01%
 --- D0 -> rho- pi+                :     2 / 16983 =  0.01%
 -- bkg / total:     43 / 16983 = ( 0.25 + 0.04 - 0.04)%
 -- sig / total:  16940 / 16983 = (99.75 + 0.04 - 0.04)%

 - p bin 2
 -- eta bin 0
 --- D0 -> K+ K-                   :     5 / 132825 =  0.00%
 --- D0 -> K+ K- K_L0              :     1 / 132825 =  0.00%
 --- D0 -> K+ pi-                  :     4 / 132825 =  0.00%
 --- D0 -> K+ pi- pi0              :     2 / 132825 =  0.00%
 --- D0 -> K- nu_e e+              :    31 / 132825 =  0.02%
 --- D0 -> K- nu_mu mu+            :     2 / 132825 =  0.00%
 --- D0 -> K- pi+                  : 131650 / 132825 = 99.12%
 --- D0 -> K- pi+ pi0              :     8 / 132825 =  0.01%
 --- D0 -> K_S0 pi+ pi-            :     8 / 132825 =  0.01%
 --- D0 -> pi+ pi+ pi- pi-         :     2 / 132825 =  0.00%
 --- D0 -> pi+ pi-                 :   106 / 132825 =  0.08%
 --- D0 -> pi+ pi- K_L0            :    11 / 132825 =  0.01%
 --- D0 -> pi+ pi- pi0             :    25 / 132825 =  0.02%
 --- D0 -> pi- nu_e e+             :    43 / 132825 =  0.03%
 --- D0 -> pi- nu_mu mu+           :     2 / 132825 =  0.00%
 --- D0 -> rho+ pi-                :   478 / 132825 =  0.36%
 --- D0 -> rho- pi+                :   447 / 132825 =  0.34%
 -- bkg / total:   1175 / 132825 = ( 0.88 + 0.03 - 0.03)%
 -- sig / total: 131650 / 132825 = (99.12 + 0.03 - 0.03)%

 -- eta bin 1
 --- D0 -> K+ K-                   :     1 / 31445 =  0.00%
 --- D0 -> K- nu_e e+              :     7 / 31445 =  0.02%
 --- D0 -> K- pi+                  : 31317 / 31445 = 99.59%
 --- D0 -> K- pi+ pi0              :     7 / 31445 =  0.02%
 --- D0 -> pi+ pi-                 :    52 / 31445 =  0.17%
 --- D0 -> pi+ pi- K_L0            :     1 / 31445 =  0.00%
 --- D0 -> pi+ pi- pi0             :     1 / 31445 =  0.00%
 --- D0 -> pi- nu_e e+             :     4 / 31445 =  0.01%
 --- D0 -> rho+ pi-                :    30 / 31445 =  0.10%
 --- D0 -> rho- pi+                :    25 / 31445 =  0.08%
 -- bkg / total:    128 / 31445 = ( 0.41 + 0.04 - 0.03)%
 -- sig / total:  31317 / 31445 = (99.59 + 0.03 - 0.04)%

 - p bin 3
 -- eta bin 0
 --- D0 -> K*+ pi-                 :     7 / 204759 =  0.00%
 --- D0 -> K*- K+                  :     2 / 204759 =  0.00%
 --- D0 -> K*- pi+ pi0             :     4 / 204759 =  0.00%
 --- D0 -> K*- rho+                :    24 / 204759 =  0.01%
 --- D0 -> K*0 anti-K0             :     1 / 204759 =  0.00%
 --- D0 -> K+ K-                   :    30 / 204759 =  0.01%
 --- D0 -> K+ K- pi+ pi-           :     2 / 204759 =  0.00%
 --- D0 -> K+ K_S0 pi-             :    10 / 204759 =  0.00%
 --- D0 -> K+ pi+ pi- pi-          :     4 / 204759 =  0.00%
 --- D0 -> K+ pi-                  :     5 / 204759 =  0.00%
 --- D0 -> K+ pi- K_L0             :    11 / 204759 =  0.01%
 --- D0 -> K+ pi- pi0              :    21 / 204759 =  0.01%
 --- D0 -> K- eta pi+              :     1 / 204759 =  0.00%
 --- D0 -> K- nu_e e+              :    32 / 204759 =  0.02%
 --- D0 -> K- nu_mu mu+            :     8 / 204759 =  0.00%
 --- D0 -> K- pi+                  : 198427 / 204759 = 96.91%
 --- D0 -> K- pi+ pi+ pi-          :    10 / 204759 =  0.00%
 --- D0 -> K- pi+ pi0              :    10 / 204759 =  0.00%
 --- D0 -> K_1- pi+                :     9 / 204759 =  0.00%
 --- D0 -> K_S0 omega              :     1 / 204759 =  0.00%
 --- D0 -> K_S0 pi+ pi-            :   503 / 204759 =  0.25%
 --- D0 -> K_S0 pi+ pi- pi0        :    32 / 204759 =  0.02%
 --- D0 -> a_1+ K-                 :     1 / 204759 =  0.00%
 --- D0 -> anti-K*0 omega          :     2 / 204759 =  0.00%
 --- D0 -> anti-K*0 pi+ pi-        :    14 / 204759 =  0.01%
 --- D0 -> anti-K*0 rho0           :     1 / 204759 =  0.00%
 --- D0 -> eta pi+ pi-             :     5 / 204759 =  0.00%
 --- D0 -> omega pi+ pi-           :     3 / 204759 =  0.00%
 --- D0 -> phi pi+ pi-             :     1 / 204759 =  0.00%
 --- D0 -> pi+ pi+ pi- pi-         :    79 / 204759 =  0.04%
 --- D0 -> pi+ pi+ pi- pi- pi0     :     5 / 204759 =  0.00%
 --- D0 -> pi+ pi-                 :   118 / 204759 =  0.06%
 --- D0 -> pi+ pi- K_L0            :   439 / 204759 =  0.21%
 --- D0 -> pi+ pi- K_L0 pi0        :     5 / 204759 =  0.00%
 --- D0 -> pi+ pi- pi0             :   115 / 204759 =  0.06%
 --- D0 -> pi+ pi- pi0 pi0         :    29 / 204759 =  0.01%
 --- D0 -> pi+ pi- pi0 pi0 pi0     :     1 / 204759 =  0.00%
 --- D0 -> pi- nu_e e+             :   127 / 204759 =  0.06%
 --- D0 -> pi- nu_mu mu+           :     7 / 204759 =  0.00%
 --- D0 -> rho+ pi-                :  2469 / 204759 =  1.21%
 --- D0 -> rho- nu_e e+            :     1 / 204759 =  0.00%
 --- D0 -> rho- pi+                :  2113 / 204759 =  1.03%
 --- D0 -> rho0 pi0                :     4 / 204759 =  0.00%
 --- D0 -> rho0 rho0               :     8 / 204759 =  0.00%
 --- K*0 -> K+ pi-                 :     1 / 204759 =  0.00%
 --- K_1+ -> K+ pi+ pi-            :     1 / 204759 =  0.00%
 --- a_1+ -> pi+ rho0              :     3 / 204759 =  0.00%
 --- omega -> pi+ pi-              :     1 / 204759 =  0.00%
 --- rho0 -> pi+ pi-               :    52 / 204759 =  0.03%
 -- bkg / total:   6332 / 204759 = ( 3.09 + 0.04 - 0.04)%
 -- sig / total: 198427 / 204759 = (96.91 + 0.04 - 0.04)%

 -- eta bin 1
 --- D0 -> K*- rho+                :     5 / 65357 =  0.01%
 --- D0 -> K+ K-                   :     4 / 65357 =  0.01%
 --- D0 -> K+ K_S0 pi-             :     3 / 65357 =  0.00%
 --- D0 -> K+ pi-                  :     7 / 65357 =  0.01%
 --- D0 -> K+ pi- K_L0             :     1 / 65357 =  0.00%
 --- D0 -> K- nu_e e+              :     9 / 65357 =  0.01%
 --- D0 -> K- nu_mu mu+            :     2 / 65357 =  0.00%
 --- D0 -> K- pi+                  : 64419 / 65357 = 98.56%
 --- D0 -> K- pi+ pi+ pi-          :     1 / 65357 =  0.00%
 --- D0 -> K- pi+ pi0              :     6 / 65357 =  0.01%
 --- D0 -> K_1- pi+                :     5 / 65357 =  0.01%
 --- D0 -> K_S0 pi+ pi-            :    38 / 65357 =  0.06%
 --- D0 -> K_S0 pi+ pi- pi0        :     1 / 65357 =  0.00%
 --- D0 -> anti-K*0 pi+ pi-        :     1 / 65357 =  0.00%
 --- D0 -> pi+ pi+ pi- pi-         :     6 / 65357 =  0.01%
 --- D0 -> pi+ pi+ pi- pi- pi0     :     1 / 65357 =  0.00%
 --- D0 -> pi+ pi-                 :    93 / 65357 =  0.14%
 --- D0 -> pi+ pi- K_L0            :    38 / 65357 =  0.06%
 --- D0 -> pi+ pi- pi0             :    14 / 65357 =  0.02%
 --- D0 -> pi+ pi- pi0 pi0         :     2 / 65357 =  0.00%
 --- D0 -> pi- nu_e e+             :    22 / 65357 =  0.03%
 --- D0 -> pi- nu_mu mu+           :     2 / 65357 =  0.00%
 --- D0 -> rho+ pi-                :   346 / 65357 =  0.53%
 --- D0 -> rho- pi+                :   329 / 65357 =  0.50%
 --- rho0 -> pi+ pi-               :     2 / 65357 =  0.00%
 -- bkg / total:    938 / 65357 = ( 1.44 + 0.05 - 0.05)%
 -- sig / total:  64419 / 65357 = (98.56 + 0.05 - 0.05)%

 - p bin 4
 -- eta bin 0
 --- D0 -> K*+ pi-                 :    11 / 202841 =  0.01%
 --- D0 -> K*- K+                  :    10 / 202841 =  0.00%
 --- D0 -> K*- nu_e e+             :     7 / 202841 =  0.00%
 --- D0 -> K*- pi+ pi0             :    12 / 202841 =  0.01%
 --- D0 -> K*- rho+                :    78 / 202841 =  0.04%
 --- D0 -> K+ K-                   :    54 / 202841 =  0.03%
 --- D0 -> K+ K- K_S0              :     1 / 202841 =  0.00%
 --- D0 -> K+ K- pi+ pi-           :    14 / 202841 =  0.01%
 --- D0 -> K+ K- pi+ pi- pi0       :     3 / 202841 =  0.00%
 --- D0 -> K+ K- pi0 pi0           :     1 / 202841 =  0.00%
 --- D0 -> K+ K_S0 pi-             :    65 / 202841 =  0.03%
 --- D0 -> K+ pi+ pi- pi-          :     6 / 202841 =  0.00%
 --- D0 -> K+ pi-                  :     7 / 202841 =  0.00%
 --- D0 -> K+ pi- K_L0             :    68 / 202841 =  0.03%
 --- D0 -> K+ pi- pi0              :    30 / 202841 =  0.01%
 --- D0 -> K- K_S0 pi+             :     2 / 202841 =  0.00%
 --- D0 -> K- eta pi+              :     3 / 202841 =  0.00%
 --- D0 -> K- nu_e e+              :    15 / 202841 =  0.01%
 --- D0 -> K- nu_mu mu+            :     2 / 202841 =  0.00%
 --- D0 -> K- omega pi+            :     2 / 202841 =  0.00%
 --- D0 -> K- pi+                  : 193488 / 202841 = 95.39%
 --- D0 -> K- pi+ pi+ pi+ pi-      :     1 / 202841 =  0.00%
 --- D0 -> K- pi+ pi+ pi-          :    69 / 202841 =  0.03%
 --- D0 -> K- pi+ pi0              :    95 / 202841 =  0.05%
 --- D0 -> K- pi+ pi0 pi0 pi0      :     1 / 202841 =  0.00%
 --- D0 -> K- pi+ rho0             :     4 / 202841 =  0.00%
 --- D0 -> K- rho+ pi0             :     1 / 202841 =  0.00%
 --- D0 -> K_1- pi+                :    27 / 202841 =  0.01%
 --- D0 -> K_S0 omega              :     3 / 202841 =  0.00%
 --- D0 -> K_S0 pi+ pi+ pi- pi-    :     3 / 202841 =  0.00%
 --- D0 -> K_S0 pi+ pi-            :  1339 / 202841 =  0.66%
 --- D0 -> K_S0 pi+ pi- pi0        :   131 / 202841 =  0.06%
 --- D0 -> a_1+ K-                 :     1 / 202841 =  0.00%
 --- D0 -> anti-K*0 eta            :     3 / 202841 =  0.00%
 --- D0 -> anti-K*0 pi+ pi-        :    72 / 202841 =  0.04%
 --- D0 -> anti-K*0 pi+ pi- pi0    :     5 / 202841 =  0.00%
 --- D0 -> anti-K*0 rho0           :     3 / 202841 =  0.00%
 --- D0 -> anti-K0 pi- nu_e e+     :     1 / 202841 =  0.00%
 --- D0 -> anti-K_10 pi0           :     1 / 202841 =  0.00%
 --- D0 -> eta eta                 :     1 / 202841 =  0.00%
 --- D0 -> eta pi+ pi-             :    17 / 202841 =  0.01%
 --- D0 -> eta' K_S0               :     1 / 202841 =  0.00%
 --- D0 -> eta' pi+ pi-            :     2 / 202841 =  0.00%
 --- D0 -> omega pi+ pi-           :    11 / 202841 =  0.01%
 --- D0 -> phi pi+ pi-             :     2 / 202841 =  0.00%
 --- D0 -> pi+ pi+ pi+ pi- pi-     :     5 / 202841 =  0.00%
 --- D0 -> pi+ pi+ pi- pi-         :   241 / 202841 =  0.12%
 --- D0 -> pi+ pi+ pi- pi- K_L0    :     2 / 202841 =  0.00%
 --- D0 -> pi+ pi+ pi- pi- pi0     :    10 / 202841 =  0.00%
 --- D0 -> pi+ pi-                 :    46 / 202841 =  0.02%
 --- D0 -> pi+ pi- K_L0            :  1183 / 202841 =  0.58%
 --- D0 -> pi+ pi- K_L0 pi0        :    15 / 202841 =  0.01%
 --- D0 -> pi+ pi- pi0             :   124 / 202841 =  0.06%
 --- D0 -> pi+ pi- pi0 pi0         :   104 / 202841 =  0.05%
 --- D0 -> pi+ pi- pi0 pi0 pi0     :    15 / 202841 =  0.01%
 --- D0 -> pi- nu_e e+             :   118 / 202841 =  0.06%
 --- D0 -> pi- nu_mu mu+           :     3 / 202841 =  0.00%
 --- D0 -> rho+ pi-                :  2603 / 202841 =  1.28%
 --- D0 -> rho- nu_e e+            :     2 / 202841 =  0.00%
 --- D0 -> rho- pi+                :  2175 / 202841 =  1.07%
 --- D0 -> rho0 pi0                :     6 / 202841 =  0.00%
 --- D0 -> rho0 rho0               :    21 / 202841 =  0.01%
 --- K*+ -> K0 pi+                 :     2 / 202841 =  0.00%
 --- K*0 -> K+ pi-                 :     8 / 202841 =  0.00%
 --- K_10 -> K0 pi+ pi-            :     1 / 202841 =  0.00%
 --- K_2*+ -> K*0 pi+              :     1 / 202841 =  0.00%
 --- a_1+ -> pi+ rho0              :    13 / 202841 =  0.01%
 --- a_1+ -> rho+ pi0              :     8 / 202841 =  0.00%
 --- eta' -> pi+ pi- pi0           :     1 / 202841 =  0.00%
 --- eta' -> rho0                  :     1 / 202841 =  0.00%
 --- omega -> pi+ pi-              :    10 / 202841 =  0.00%
 --- phi -> rho+ pi-               :     1 / 202841 =  0.00%
 --- rho+ -> pi+ pi0               :    16 / 202841 =  0.01%
 --- rho0 -> pi+ pi-               :   433 / 202841 =  0.21%
 -- bkg / total:   9353 / 202841 = ( 4.61 + 0.05 - 0.05)%
 -- sig / total: 193488 / 202841 = (95.39 + 0.05 - 0.05)%

 -- eta bin 1
 --- D0 -> K*+ pi-                 :     6 / 156144 =  0.00%
 --- D0 -> K*- K+                  :    11 / 156144 =  0.01%
 --- D0 -> K*- nu_e e+             :     2 / 156144 =  0.00%
 --- D0 -> K*- pi+ pi0             :    11 / 156144 =  0.01%
 --- D0 -> K*- rho+                :    49 / 156144 =  0.03%
 --- D0 -> K+ K-                   :    35 / 156144 =  0.02%
 --- D0 -> K+ K- pi+ pi-           :     5 / 156144 =  0.00%
 --- D0 -> K+ K- pi+ pi- pi0       :     1 / 156144 =  0.00%
 --- D0 -> K+ K_S0 pi-             :    36 / 156144 =  0.02%
 --- D0 -> K+ pi+ pi- pi-          :     3 / 156144 =  0.00%
 --- D0 -> K+ pi-                  :    13 / 156144 =  0.01%
 --- D0 -> K+ pi- K_L0             :    34 / 156144 =  0.02%
 --- D0 -> K+ pi- pi0              :    20 / 156144 =  0.01%
 --- D0 -> K- eta pi+              :     3 / 156144 =  0.00%
 --- D0 -> K- nu_e e+              :    15 / 156144 =  0.01%
 --- D0 -> K- nu_mu mu+            :     2 / 156144 =  0.00%
 --- D0 -> K- omega pi+            :     1 / 156144 =  0.00%
 --- D0 -> K- pi+                  : 149904 / 156144 = 96.00%
 --- D0 -> K- pi+ pi+ pi-          :    29 / 156144 =  0.02%
 --- D0 -> K- pi+ pi0              :    42 / 156144 =  0.03%
 --- D0 -> K- pi+ rho0             :     1 / 156144 =  0.00%
 --- D0 -> K- rho+ pi0             :     1 / 156144 =  0.00%
 --- D0 -> K0 anti-K0 pi0 pi0      :     1 / 156144 =  0.00%
 --- D0 -> K_1- pi+                :    28 / 156144 =  0.02%
 --- D0 -> K_S0 omega              :     2 / 156144 =  0.00%
 --- D0 -> K_S0 pi+ pi-            :   781 / 156144 =  0.50%
 --- D0 -> K_S0 pi+ pi- pi0        :    90 / 156144 =  0.06%
 --- D0 -> a_1+ K-                 :     1 / 156144 =  0.00%
 --- D0 -> anti-K*0 pi+ pi-        :    32 / 156144 =  0.02%
 --- D0 -> anti-K*0 pi+ pi- pi0    :     1 / 156144 =  0.00%
 --- D0 -> anti-K*0 pi0 pi0        :     1 / 156144 =  0.00%
 --- D0 -> anti-K*0 rho0           :     4 / 156144 =  0.00%
 --- D0 -> eta pi+ pi-             :     8 / 156144 =  0.01%
 --- D0 -> eta' eta                :     1 / 156144 =  0.00%
 --- D0 -> eta' pi+ pi-            :     3 / 156144 =  0.00%
 --- D0 -> omega pi+ pi-           :    12 / 156144 =  0.01%
 --- D0 -> phi K_S0                :     1 / 156144 =  0.00%
 --- D0 -> pi+ pi+ pi- pi-         :   153 / 156144 =  0.10%
 --- D0 -> pi+ pi+ pi- pi- K_L0    :     2 / 156144 =  0.00%
 --- D0 -> pi+ pi+ pi- pi- pi0     :     8 / 156144 =  0.01%
 --- D0 -> pi+ pi-                 :    81 / 156144 =  0.05%
 --- D0 -> pi+ pi- K_L0            :   734 / 156144 =  0.47%
 --- D0 -> pi+ pi- K_L0 pi0        :    11 / 156144 =  0.01%
 --- D0 -> pi+ pi- pi0             :   113 / 156144 =  0.07%
 --- D0 -> pi+ pi- pi0 pi0         :    62 / 156144 =  0.04%
 --- D0 -> pi+ pi- pi0 pi0 pi0     :     8 / 156144 =  0.01%
 --- D0 -> pi- nu_e e+             :    91 / 156144 =  0.06%
 --- D0 -> pi- nu_mu mu+           :     8 / 156144 =  0.01%
 --- D0 -> rho+ pi-                :  1809 / 156144 =  1.16%
 --- D0 -> rho- nu_e e+            :     1 / 156144 =  0.00%
 --- D0 -> rho- pi+                :  1592 / 156144 =  1.02%
 --- D0 -> rho0 pi0                :     4 / 156144 =  0.00%
 --- D0 -> rho0 rho0               :    19 / 156144 =  0.01%
 --- K*+ -> K0 pi+                 :     1 / 156144 =  0.00%
 --- K*0 -> K+ pi-                 :     3 / 156144 =  0.00%
 --- K_10 -> K0 pi+ pi-            :     1 / 156144 =  0.00%
 --- a_1+ -> pi+ rho0              :     6 / 156144 =  0.00%
 --- a_1+ -> rho+ pi0              :     1 / 156144 =  0.00%
 --- omega -> pi+ pi-              :     4 / 156144 =  0.00%
 --- phi -> rho+ pi-               :     2 / 156144 =  0.00%
 --- rho+ -> pi+ pi0               :     6 / 156144 =  0.00%
 --- rho0 -> pi+ pi-               :   234 / 156144 =  0.15%
 -- bkg / total:   6240 / 156144 = ( 4.00 + 0.05 - 0.05)%
 -- sig / total: 149904 / 156144 = (96.00 + 0.05 - 0.05)%

 - p bin 5
 -- eta bin 0
 --- D0 -> K*+ pi-                 :     1 / 30286 =  0.00%
 --- D0 -> K*- K+                  :     1 / 30286 =  0.00%
 --- D0 -> K*- pi+ pi0             :     1 / 30286 =  0.00%
 --- D0 -> K*- rho+                :    15 / 30286 =  0.05%
 --- D0 -> K+ K-                   :    13 / 30286 =  0.04%
 --- D0 -> K+ K- pi+ pi-           :     3 / 30286 =  0.01%
 --- D0 -> K+ K- pi+ pi- pi0       :     1 / 30286 =  0.00%
 --- D0 -> K+ K_S0 pi-             :    16 / 30286 =  0.05%
 --- D0 -> K+ pi+ pi- pi-          :     3 / 30286 =  0.01%
 --- D0 -> K+ pi-                  :     1 / 30286 =  0.00%
 --- D0 -> K+ pi- K_L0             :    17 / 30286 =  0.06%
 --- D0 -> K+ pi- pi0              :    10 / 30286 =  0.03%
 --- D0 -> K- nu_e e+              :     3 / 30286 =  0.01%
 --- D0 -> K- nu_mu mu+            :     1 / 30286 =  0.00%
 --- D0 -> K- pi+                  : 28877 / 30286 = 95.35%
 --- D0 -> K- pi+ pi+ pi-          :     5 / 30286 =  0.02%
 --- D0 -> K- pi+ pi0              :    35 / 30286 =  0.12%
 --- D0 -> K- rho+ pi0             :     1 / 30286 =  0.00%
 --- D0 -> K_1- pi+                :     5 / 30286 =  0.02%
 --- D0 -> K_S0 pi+ pi-            :   225 / 30286 =  0.74%
 --- D0 -> K_S0 pi+ pi- pi0        :    22 / 30286 =  0.07%
 --- D0 -> a_1+ K-                 :     1 / 30286 =  0.00%
 --- D0 -> anti-K*0                :     1 / 30286 =  0.00%
 --- D0 -> anti-K*0 pi+ pi-        :     9 / 30286 =  0.03%
 --- D0 -> anti-K*0 pi+ pi- pi0    :     1 / 30286 =  0.00%
 --- D0 -> anti-K*0 rho0           :     2 / 30286 =  0.01%
 --- D0 -> anti-K0 pi- nu_e e+     :     1 / 30286 =  0.00%
 --- D0 -> eta pi+ pi-             :     4 / 30286 =  0.01%
 --- D0 -> eta' pi0                :     1 / 30286 =  0.00%
 --- D0 -> omega pi+ pi-           :     3 / 30286 =  0.01%
 --- D0 -> pi+ pi+ pi- pi-         :    38 / 30286 =  0.13%
 --- D0 -> pi+ pi+ pi- pi- pi0     :     1 / 30286 =  0.00%
 --- D0 -> pi+ pi-                 :     6 / 30286 =  0.02%
 --- D0 -> pi+ pi- K_L0            :   185 / 30286 =  0.61%
 --- D0 -> pi+ pi- K_L0 pi0        :     3 / 30286 =  0.01%
 --- D0 -> pi+ pi- pi0             :    16 / 30286 =  0.05%
 --- D0 -> pi+ pi- pi0 pi0         :    22 / 30286 =  0.07%
 --- D0 -> pi+ pi- pi0 pi0 pi0     :     1 / 30286 =  0.00%
 --- D0 -> pi- nu_e e+             :    15 / 30286 =  0.05%
 --- D0 -> pi- nu_mu mu+           :     5 / 30286 =  0.02%
 --- D0 -> rho+ pi-                :   325 / 30286 =  1.07%
 --- D0 -> rho- pi+                :   282 / 30286 =  0.93%
 --- D0 -> rho0 pi0                :     1 / 30286 =  0.00%
 --- D0 -> rho0 rho0               :     2 / 30286 =  0.01%
 --- K*0 -> K+ pi-                 :     1 / 30286 =  0.00%
 --- K_1+ -> K*0 pi+               :     1 / 30286 =  0.00%
 --- a_1+ -> pi+ rho0              :     1 / 30286 =  0.00%
 --- a_1+ -> rho+ pi0              :     1 / 30286 =  0.00%
 --- omega -> pi+ pi-              :     6 / 30286 =  0.02%
 --- omega -> pi+ pi- pi0          :     1 / 30286 =  0.00%
 --- rho+ -> pi+ pi0               :     4 / 30286 =  0.01%
 --- rho0 -> pi+ pi-               :    90 / 30286 =  0.30%
 -- bkg / total:   1409 / 30286 = ( 4.65 + 0.12 - 0.12)%
 -- sig / total:  28877 / 30286 = (95.35 + 0.12 - 0.12)%

 -- eta bin 1
 --- D0 -> K*+ pi-                 :     4 / 76947 =  0.01%
 --- D0 -> K*- K+                  :    10 / 76947 =  0.01%
 --- D0 -> K*- nu_e e+             :     2 / 76947 =  0.00%
 --- D0 -> K*- pi+ pi0             :     4 / 76947 =  0.01%
 --- D0 -> K*- rho+                :    48 / 76947 =  0.06%
 --- D0 -> K+ K-                   :    29 / 76947 =  0.04%
 --- D0 -> K+ K- pi+ pi-           :     7 / 76947 =  0.01%
 --- D0 -> K+ K- pi0               :     1 / 76947 =  0.00%
 --- D0 -> K+ K_S0 pi-             :    26 / 76947 =  0.03%
 --- D0 -> K+ pi+ pi- pi-          :     1 / 76947 =  0.00%
 --- D0 -> K+ pi-                  :     3 / 76947 =  0.00%
 --- D0 -> K+ pi- K_L0             :    32 / 76947 =  0.04%
 --- D0 -> K+ pi- pi0              :    10 / 76947 =  0.01%
 --- D0 -> K- eta pi+              :     2 / 76947 =  0.00%
 --- D0 -> K- nu_e e+              :     3 / 76947 =  0.00%
 --- D0 -> K- nu_mu mu+            :     2 / 76947 =  0.00%
 --- D0 -> K- omega pi+            :     1 / 76947 =  0.00%
 --- D0 -> K- pi+                  : 73225 / 76947 = 95.16%
 --- D0 -> K- pi+ pi+ pi-          :    28 / 76947 =  0.04%
 --- D0 -> K- pi+ pi0              :    50 / 76947 =  0.06%
 --- D0 -> K- rho+ pi0             :     1 / 76947 =  0.00%
 --- D0 -> K_1- pi+                :    12 / 76947 =  0.02%
 --- D0 -> K_S0 omega              :     4 / 76947 =  0.01%
 --- D0 -> K_S0 pi+ pi+ pi- pi-    :     2 / 76947 =  0.00%
 --- D0 -> K_S0 pi+ pi-            :   568 / 76947 =  0.74%
 --- D0 -> K_S0 pi+ pi- pi0        :    52 / 76947 =  0.07%
 --- D0 -> anti-K*0                :     1 / 76947 =  0.00%
 --- D0 -> anti-K*0 omega          :     1 / 76947 =  0.00%
 --- D0 -> anti-K*0 pi+ pi-        :    25 / 76947 =  0.03%
 --- D0 -> anti-K*0 pi+ pi- pi0    :     2 / 76947 =  0.00%
 --- D0 -> anti-K*0 pi0            :     1 / 76947 =  0.00%
 --- D0 -> eta pi+ pi-             :    15 / 76947 =  0.02%
 --- D0 -> eta' K_S0               :     1 / 76947 =  0.00%
 --- D0 -> eta' pi+ pi-            :     2 / 76947 =  0.00%
 --- D0 -> omega pi+ pi-           :     4 / 76947 =  0.01%
 --- D0 -> pi+ pi+ pi+ pi- pi-     :     1 / 76947 =  0.00%
 --- D0 -> pi+ pi+ pi- pi-         :    96 / 76947 =  0.12%
 --- D0 -> pi+ pi+ pi- pi- pi-     :     1 / 76947 =  0.00%
 --- D0 -> pi+ pi+ pi- pi- pi0     :     4 / 76947 =  0.01%
 --- D0 -> pi+ pi-                 :    23 / 76947 =  0.03%
 --- D0 -> pi+ pi- K_L0            :   521 / 76947 =  0.68%
 --- D0 -> pi+ pi- K_L0 pi0        :    11 / 76947 =  0.01%
 --- D0 -> pi+ pi- pi0             :    48 / 76947 =  0.06%
 --- D0 -> pi+ pi- pi0 pi0         :    46 / 76947 =  0.06%
 --- D0 -> pi+ pi- pi0 pi0 pi0     :     4 / 76947 =  0.01%
 --- D0 -> pi- nu_e e+             :    40 / 76947 =  0.05%
 --- D0 -> pi- nu_mu mu+           :     3 / 76947 =  0.00%
 --- D0 -> rho+ pi-                :   956 / 76947 =  1.24%
 --- D0 -> rho- pi+                :   797 / 76947 =  1.04%
 --- D0 -> rho0 pi0                :     6 / 76947 =  0.01%
 --- D0 -> rho0 rho0               :    10 / 76947 =  0.01%
 --- K*+ -> K+ pi0                 :     1 / 76947 =  0.00%
 --- K*+ -> K0 pi+                 :     1 / 76947 =  0.00%
 --- K*0 -> K+ pi-                 :     1 / 76947 =  0.00%
 --- K_1+ -> K+ pi+ pi-            :     1 / 76947 =  0.00%
 --- a_1+ -> pi+ rho0              :     2 / 76947 =  0.00%
 --- a_1+ -> rho+ pi0              :     5 / 76947 =  0.01%
 --- omega -> pi+ pi-              :     2 / 76947 =  0.00%
 --- omega -> pi+ pi- pi0          :     1 / 76947 =  0.00%
 --- phi -> rho+ pi-               :     1 / 76947 =  0.00%
 --- rho+ -> pi+ pi0               :     4 / 76947 =  0.01%
 --- rho0 -> pi+ pi-               :   182 / 76947 =  0.24%
 -- bkg / total:   3722 / 76947 = ( 4.84 + 0.08 - 0.08)%
 -- sig / total:  73225 / 76947 = (95.16 + 0.08 - 0.08)%


INFO Printing failed counts for k
 - p bin 0
 -- eta bin 0
 --- D0 -> K*+ pi-                 :     2 / 40999 =  0.00%
 --- D0 -> K*- K+                  :     9 / 40999 =  0.02%
 --- D0 -> K*- nu_e e+             :     3 / 40999 =  0.01%
 --- D0 -> K*- nu_mu mu+           :    25 / 40999 =  0.06%
 --- D0 -> K*- pi+ pi0             :    14 / 40999 =  0.03%
 --- D0 -> K*- rho+                :    93 / 40999 =  0.23%
 --- D0 -> K*0 anti-K0             :     1 / 40999 =  0.00%
 --- D0 -> K+ K-                   :    18 / 40999 =  0.04%
 --- D0 -> K+ K- K_L0              :     1 / 40999 =  0.00%
 --- D0 -> K+ K- pi+ pi-           :    12 / 40999 =  0.03%
 --- D0 -> K+ K- pi+ pi- pi0       :     1 / 40999 =  0.00%
 --- D0 -> K+ K_S0 pi-             :    64 / 40999 =  0.16%
 --- D0 -> K+ pi+ pi- pi-          :     9 / 40999 =  0.02%
 --- D0 -> K+ pi- K_L0             :    65 / 40999 =  0.16%
 --- D0 -> K+ pi- pi0              :    16 / 40999 =  0.04%
 --- D0 -> K- K_S0 pi+             :     1 / 40999 =  0.00%
 --- D0 -> K- eta pi+              :     4 / 40999 =  0.01%
 --- D0 -> K- nu_e e+              :     2 / 40999 =  0.00%
 --- D0 -> K- nu_mu mu+            :    24 / 40999 =  0.06%
 --- D0 -> K- omega pi+            :     3 / 40999 =  0.01%
 --- D0 -> K- pi+                  : 35695 / 40999 = 87.06%
 --- D0 -> K- pi+ pi+ pi+ pi-      :     1 / 40999 =  0.00%
 --- D0 -> K- pi+ pi+ pi-          :    50 / 40999 =  0.12%
 --- D0 -> K- pi+ pi0              :    78 / 40999 =  0.19%
 --- D0 -> K- pi+ rho0             :     2 / 40999 =  0.00%
 --- D0 -> K- rho+ pi0             :     4 / 40999 =  0.01%
 --- D0 -> K0 anti-K0 pi0 pi0      :     1 / 40999 =  0.00%
 --- D0 -> K_1- pi+                :    38 / 40999 =  0.09%
 --- D0 -> K_S0 omega              :     4 / 40999 =  0.01%
 --- D0 -> K_S0 pi+ pi+ pi- pi-    :     2 / 40999 =  0.00%
 --- D0 -> K_S0 pi+ pi-            :  1294 / 40999 =  3.16%
 --- D0 -> K_S0 pi+ pi- pi0        :   140 / 40999 =  0.34%
 --- D0 -> a_1+ K-                 :     1 / 40999 =  0.00%
 --- D0 -> anti-K*0 eta            :     2 / 40999 =  0.00%
 --- D0 -> anti-K*0 pi+ pi-        :    74 / 40999 =  0.18%
 --- D0 -> anti-K*0 pi+ pi- pi0    :     3 / 40999 =  0.01%
 --- D0 -> anti-K*0 rho0           :     4 / 40999 =  0.01%
 --- D0 -> anti-K0 pi- nu_e e+     :     1 / 40999 =  0.00%
 --- D0 -> anti-K0 pi- nu_mu mu+   :     4 / 40999 =  0.01%
 --- D0 -> eta eta                 :     1 / 40999 =  0.00%
 --- D0 -> eta pi+ pi-             :    21 / 40999 =  0.05%
 --- D0 -> eta' eta                :     1 / 40999 =  0.00%
 --- D0 -> eta' pi+ pi-            :     3 / 40999 =  0.01%
 --- D0 -> omega pi+ pi-           :    14 / 40999 =  0.03%
 --- D0 -> phi K_S0                :     1 / 40999 =  0.00%
 --- D0 -> pi+ pi+ pi+ pi- pi-     :     4 / 40999 =  0.01%
 --- D0 -> pi+ pi+ pi- pi-         :   236 / 40999 =  0.58%
 --- D0 -> pi+ pi+ pi- pi- K_L0    :     3 / 40999 =  0.01%
 --- D0 -> pi+ pi+ pi- pi- pi-     :     2 / 40999 =  0.00%
 --- D0 -> pi+ pi+ pi- pi- pi0     :     9 / 40999 =  0.02%
 --- D0 -> pi+ pi-                 :     3 / 40999 =  0.01%
 --- D0 -> pi+ pi- K_L0            :  1159 / 40999 =  2.83%
 --- D0 -> pi+ pi- K_L0 pi0        :    17 / 40999 =  0.04%
 --- D0 -> pi+ pi- pi0             :    60 / 40999 =  0.15%
 --- D0 -> pi+ pi- pi0 pi0         :    84 / 40999 =  0.20%
 --- D0 -> pi+ pi- pi0 pi0 pi0     :    10 / 40999 =  0.02%
 --- D0 -> pi- nu_e e+             :    66 / 40999 =  0.16%
 --- D0 -> pi- nu_mu mu+           :   103 / 40999 =  0.25%
 --- D0 -> rho+ pi-                :   444 / 40999 =  1.08%
 --- D0 -> rho- nu_e e+            :     1 / 40999 =  0.00%
 --- D0 -> rho- nu_mu mu+          :     9 / 40999 =  0.02%
 --- D0 -> rho- pi+                :   468 / 40999 =  1.14%
 --- D0 -> rho0 pi0                :    10 / 40999 =  0.02%
 --- D0 -> rho0 rho0               :    26 / 40999 =  0.06%
 --- K*+ -> K0 pi+                 :     2 / 40999 =  0.00%
 --- K*0 -> K+ pi-                 :     5 / 40999 =  0.01%
 --- K_1+ -> K*0 pi+               :     1 / 40999 =  0.00%
 --- K_10 -> K0 pi+ pi-            :     1 / 40999 =  0.00%
 --- a_1+ -> pi+ rho0              :     7 / 40999 =  0.02%
 --- a_1+ -> rho+ pi0              :     5 / 40999 =  0.01%
 --- eta' -> pi+ pi- pi0           :     1 / 40999 =  0.00%
 --- eta' -> rho0                  :     1 / 40999 =  0.00%
 --- omega -> pi+ pi-              :    11 / 40999 =  0.03%
 --- phi -> rho+ pi-               :     1 / 40999 =  0.00%
 --- rho+ -> pi+ pi0               :    14 / 40999 =  0.03%
 --- rho0 -> pi+ pi-               :   430 / 40999 =  1.05%
 -- bkg / total:   5304 / 40999 = (12.94 + 0.17 - 0.16)%
 -- sig / total:  35695 / 40999 = (87.06 + 0.16 - 0.17)%

 -- eta bin 1
 --- D0 -> K*- K+                  :     1 / 1638 =  0.06%
 --- D0 -> K*- pi+ pi0             :     2 / 1638 =  0.12%
 --- D0 -> K*- rho+                :     7 / 1638 =  0.43%
 --- D0 -> K+ K- pi+ pi-           :     3 / 1638 =  0.18%
 --- D0 -> K+ K_S0 pi-             :     5 / 1638 =  0.31%
 --- D0 -> K+ pi- K_L0             :     1 / 1638 =  0.06%
 --- D0 -> K- pi+                  :  1399 / 1638 = 85.41%
 --- D0 -> K- pi+ pi+ pi-          :     7 / 1638 =  0.43%
 --- D0 -> K- pi+ pi0              :     5 / 1638 =  0.31%
 --- D0 -> K- rho+ pi0             :     1 / 1638 =  0.06%
 --- D0 -> K_1- pi+                :     4 / 1638 =  0.24%
 --- D0 -> K_S0 omega              :     1 / 1638 =  0.06%
 --- D0 -> K_S0 pi+ pi+ pi- pi-    :     1 / 1638 =  0.06%
 --- D0 -> K_S0 pi+ pi-            :    53 / 1638 =  3.24%
 --- D0 -> K_S0 pi+ pi- pi0        :     8 / 1638 =  0.49%
 --- D0 -> anti-K*0 pi+ pi-        :     1 / 1638 =  0.06%
 --- D0 -> anti-K*0 pi+ pi- pi0    :     1 / 1638 =  0.06%
 --- D0 -> anti-K*0 rho0           :     1 / 1638 =  0.06%
 --- D0 -> eta pi+ pi-             :     3 / 1638 =  0.18%
 --- D0 -> pi+ pi+ pi+ pi- pi-     :     1 / 1638 =  0.06%
 --- D0 -> pi+ pi+ pi- pi-         :    11 / 1638 =  0.67%
 --- D0 -> pi+ pi- K_L0            :    25 / 1638 =  1.53%
 --- D0 -> pi+ pi- K_L0 pi0        :     2 / 1638 =  0.12%
 --- D0 -> pi+ pi- pi0             :     3 / 1638 =  0.18%
 --- D0 -> pi+ pi- pi0 pi0         :     6 / 1638 =  0.37%
 --- D0 -> pi+ pi- pi0 pi0 pi0     :     2 / 1638 =  0.12%
 --- D0 -> pi- nu_e e+             :     2 / 1638 =  0.12%
 --- D0 -> pi- nu_mu mu+           :     3 / 1638 =  0.18%
 --- D0 -> rho+ pi-                :    19 / 1638 =  1.16%
 --- D0 -> rho- pi+                :    19 / 1638 =  1.16%
 --- D0 -> rho0 pi0                :     2 / 1638 =  0.12%
 --- K*+ -> K+ pi0                 :     1 / 1638 =  0.06%
 --- a_1+ -> pi+ rho0              :     2 / 1638 =  0.12%
 --- a_1+ -> rho+ pi0              :     1 / 1638 =  0.06%
 --- rho+ -> pi+ pi0               :     1 / 1638 =  0.06%
 --- rho0 -> pi+ pi-               :    34 / 1638 =  2.08%
 -- bkg / total:    239 / 1638 = (14.59 + 0.89 - 0.85)%
 -- sig / total:   1399 / 1638 = (85.41 + 0.85 - 0.89)%

 - p bin 1
 -- eta bin 0
 --- D0 -> K*+ pi-                 :     7 / 94239 =  0.01%
 --- D0 -> K*- K+                  :     8 / 94239 =  0.01%
 --- D0 -> K*- nu_mu mu+           :     7 / 94239 =  0.01%
 --- D0 -> K*- pi+ pi0             :     4 / 94239 =  0.00%
 --- D0 -> K*- rho+                :    31 / 94239 =  0.03%
 --- D0 -> K+ K-                   :    29 / 94239 =  0.03%
 --- D0 -> K+ K- pi+ pi-           :     2 / 94239 =  0.00%
 --- D0 -> K+ K_S0 pi-             :    24 / 94239 =  0.03%
 --- D0 -> K+ pi+ pi- pi-          :     4 / 94239 =  0.00%
 --- D0 -> K+ pi- K_L0             :    31 / 94239 =  0.03%
 --- D0 -> K+ pi- pi0              :    25 / 94239 =  0.03%
 --- D0 -> K- nu_e e+              :     5 / 94239 =  0.01%
 --- D0 -> K- nu_mu mu+            :    45 / 94239 =  0.05%
 --- D0 -> K- pi+                  : 88202 / 94239 = 93.59%
 --- D0 -> K- pi+ pi+ pi-          :    13 / 94239 =  0.01%
 --- D0 -> K- pi+ pi0              :    21 / 94239 =  0.02%
 --- D0 -> K- pi+ rho0             :     1 / 94239 =  0.00%
 --- D0 -> K_1- pi+                :     7 / 94239 =  0.01%
 --- D0 -> K_S0 omega              :     1 / 94239 =  0.00%
 --- D0 -> K_S0 pi+ pi-            :   710 / 94239 =  0.75%
 --- D0 -> K_S0 pi+ pi- pi0        :    30 / 94239 =  0.03%
 --- D0 -> anti-K*0                :     1 / 94239 =  0.00%
 --- D0 -> anti-K*0 pi+ pi-        :     9 / 94239 =  0.01%
 --- D0 -> anti-K*0 pi0            :     1 / 94239 =  0.00%
 --- D0 -> anti-K*0 rho0           :     2 / 94239 =  0.00%
 --- D0 -> anti-K0 pi- nu_mu mu+   :     2 / 94239 =  0.00%
 --- D0 -> eta pi+ pi-             :     5 / 94239 =  0.01%
 --- D0 -> eta' pi+ pi-            :     1 / 94239 =  0.00%
 --- D0 -> eta' pi0                :     1 / 94239 =  0.00%
 --- D0 -> omega pi+ pi-           :     5 / 94239 =  0.01%
 --- D0 -> pi+ pi+ pi- pi-         :   116 / 94239 =  0.12%
 --- D0 -> pi+ pi-                 :    19 / 94239 =  0.02%
 --- D0 -> pi+ pi- K_L0            :   676 / 94239 =  0.72%
 --- D0 -> pi+ pi- K_L0 pi0        :     4 / 94239 =  0.00%
 --- D0 -> pi+ pi- pi0             :    91 / 94239 =  0.10%
 --- D0 -> pi+ pi- pi0 pi0         :    49 / 94239 =  0.05%
 --- D0 -> pi+ pi- pi0 pi0 pi0     :     3 / 94239 =  0.00%
 --- D0 -> pi- nu_e e+             :    86 / 94239 =  0.09%
 --- D0 -> pi- nu_mu mu+           :   196 / 94239 =  0.21%
 --- D0 -> rho+ pi-                :  1941 / 94239 =  2.06%
 --- D0 -> rho- nu_e e+            :     1 / 94239 =  0.00%
 --- D0 -> rho- nu_mu mu+          :     5 / 94239 =  0.01%
 --- D0 -> rho- pi+                :  1701 / 94239 =  1.80%
 --- D0 -> rho0 pi0                :     3 / 94239 =  0.00%
 --- D0 -> rho0 rho0               :    14 / 94239 =  0.01%
 --- K*0 -> K+ pi-                 :     2 / 94239 =  0.00%
 --- a_1+ -> rho+ pi0              :     2 / 94239 =  0.00%
 --- omega -> pi+ pi-              :     5 / 94239 =  0.01%
 --- rho+ -> pi+ pi0               :     3 / 94239 =  0.00%
 --- rho0 -> pi+ pi-               :    88 / 94239 =  0.09%
 -- bkg / total:   6037 / 94239 = ( 6.41 + 0.08 - 0.08)%
 -- sig / total:  88202 / 94239 = (93.59 + 0.08 - 0.08)%

 -- eta bin 1
 --- D0 -> K*+ pi-                 :     2 / 16777 =  0.01%
 --- D0 -> K*- K+                  :     3 / 16777 =  0.02%
 --- D0 -> K*- nu_e e+             :     1 / 16777 =  0.01%
 --- D0 -> K*- nu_mu mu+           :     9 / 16777 =  0.05%
 --- D0 -> K*- rho+                :    29 / 16777 =  0.17%
 --- D0 -> K+ K-                   :     5 / 16777 =  0.03%
 --- D0 -> K+ K- pi+ pi-           :     5 / 16777 =  0.03%
 --- D0 -> K+ K- pi0               :     1 / 16777 =  0.01%
 --- D0 -> K+ K_S0 pi-             :    15 / 16777 =  0.09%
 --- D0 -> K+ pi+ pi- pi-          :     1 / 16777 =  0.01%
 --- D0 -> K+ pi- K_L0             :    23 / 16777 =  0.14%
 --- D0 -> K+ pi- pi0              :    10 / 16777 =  0.06%
 --- D0 -> K- nu_e e+              :     1 / 16777 =  0.01%
 --- D0 -> K- nu_mu mu+            :    10 / 16777 =  0.06%
 --- D0 -> K- pi+                  : 15137 / 16777 = 90.22%
 --- D0 -> K- pi+ pi+ pi-          :    22 / 16777 =  0.13%
 --- D0 -> K- pi+ pi0              :    37 / 16777 =  0.22%
 --- D0 -> K_1- pi+                :    12 / 16777 =  0.07%
 --- D0 -> K_S0 omega              :     2 / 16777 =  0.01%
 --- D0 -> K_S0 pi+ pi+ pi- pi-    :     2 / 16777 =  0.01%
 --- D0 -> K_S0 pi+ pi-            :   296 / 16777 =  1.76%
 --- D0 -> K_S0 pi+ pi- pi0        :    44 / 16777 =  0.26%
 --- D0 -> anti-K*0                :     1 / 16777 =  0.01%
 --- D0 -> anti-K*0 omega          :     1 / 16777 =  0.01%
 --- D0 -> anti-K*0 pi+ pi-        :    16 / 16777 =  0.10%
 --- D0 -> anti-K*0 pi+ pi- pi0    :     2 / 16777 =  0.01%
 --- D0 -> eta pi+ pi-             :     6 / 16777 =  0.04%
 --- D0 -> eta' pi+ pi-            :     1 / 16777 =  0.01%
 --- D0 -> omega pi+ pi-           :     6 / 16777 =  0.04%
 --- D0 -> pi+ pi+ pi- pi-         :    54 / 16777 =  0.32%
 --- D0 -> pi+ pi+ pi- pi- K_L0    :     2 / 16777 =  0.01%
 --- D0 -> pi+ pi+ pi- pi- pi0     :     4 / 16777 =  0.02%
 --- D0 -> pi+ pi- K_L0            :   283 / 16777 =  1.69%
 --- D0 -> pi+ pi- K_L0 pi0        :     8 / 16777 =  0.05%
 --- D0 -> pi+ pi- pi0             :    19 / 16777 =  0.11%
 --- D0 -> pi+ pi- pi0 pi0         :    32 / 16777 =  0.19%
 --- D0 -> pi+ pi- pi0 pi0 pi0     :     5 / 16777 =  0.03%
 --- D0 -> pi- nu_e e+             :     9 / 16777 =  0.05%
 --- D0 -> pi- nu_mu mu+           :    31 / 16777 =  0.18%
 --- D0 -> rho+ pi-                :   253 / 16777 =  1.51%
 --- D0 -> rho- nu_mu mu+          :     1 / 16777 =  0.01%
 --- D0 -> rho- pi+                :   207 / 16777 =  1.23%
 --- D0 -> rho0 pi0                :     2 / 16777 =  0.01%
 --- D0 -> rho0 rho0               :     5 / 16777 =  0.03%
 --- K*+ -> K+ pi0                 :     1 / 16777 =  0.01%
 --- K*0 -> K+ pi-                 :     3 / 16777 =  0.02%
 --- K_1+ -> K+ pi+ pi-            :     1 / 16777 =  0.01%
 --- a_1+ -> pi+ rho0              :     3 / 16777 =  0.02%
 --- omega -> pi+ pi-              :     3 / 16777 =  0.02%
 --- omega -> pi+ pi- pi0          :     2 / 16777 =  0.01%
 --- phi -> rho+ pi-               :     1 / 16777 =  0.01%
 --- rho+ -> pi+ pi0               :     4 / 16777 =  0.02%
 --- rho0 -> pi+ pi-               :   144 / 16777 =  0.86%
 -- bkg / total:   1640 / 16777 = ( 9.78 + 0.23 - 0.23)%
 -- sig / total:  15137 / 16777 = (90.22 + 0.23 - 0.23)%

 - p bin 2
 -- eta bin 0
 --- D0 -> K*+ pi-                 :     9 / 128361 =  0.01%
 --- D0 -> K*- K+                  :     3 / 128361 =  0.00%
 --- D0 -> K*- nu_mu mu+           :     1 / 128361 =  0.00%
 --- D0 -> K*- rho+                :     4 / 128361 =  0.00%
 --- D0 -> K+ K-                   :    47 / 128361 =  0.04%
 --- D0 -> K+ K_S0 pi-             :     4 / 128361 =  0.00%
 --- D0 -> K+ pi+ pi- pi-          :     1 / 128361 =  0.00%
 --- D0 -> K+ pi-                  :     5 / 128361 =  0.00%
 --- D0 -> K+ pi- K_L0             :     5 / 128361 =  0.00%
 --- D0 -> K+ pi- pi0              :    11 / 128361 =  0.01%
 --- D0 -> K- nu_e e+              :    17 / 128361 =  0.01%
 --- D0 -> K- nu_mu mu+            :    61 / 128361 =  0.05%
 --- D0 -> K- pi+                  : 123468 / 128361 = 96.19%
 --- D0 -> K- pi+ pi+ pi-          :     4 / 128361 =  0.00%
 --- D0 -> K- pi+ pi0              :    11 / 128361 =  0.01%
 --- D0 -> K_1- pi+                :     1 / 128361 =  0.00%
 --- D0 -> K_S0 omega              :     1 / 128361 =  0.00%
 --- D0 -> K_S0 pi+ pi-            :   184 / 128361 =  0.14%
 --- D0 -> K_S0 pi+ pi- pi0        :     2 / 128361 =  0.00%
 --- D0 -> anti-K*0 rho0           :     1 / 128361 =  0.00%
 --- D0 -> eta pi+ pi-             :     3 / 128361 =  0.00%
 --- D0 -> pi+ pi+ pi- pi-         :    30 / 128361 =  0.02%
 --- D0 -> pi+ pi-                 :    48 / 128361 =  0.04%
 --- D0 -> pi+ pi- K_L0            :   164 / 128361 =  0.13%
 --- D0 -> pi+ pi- pi0             :   100 / 128361 =  0.08%
 --- D0 -> pi+ pi- pi0 pi0         :    16 / 128361 =  0.01%
 --- D0 -> pi+ pi- pi0 pi0 pi0     :     1 / 128361 =  0.00%
 --- D0 -> pi- nu_e e+             :    86 / 128361 =  0.07%
 --- D0 -> pi- nu_mu mu+           :   192 / 128361 =  0.15%
 --- D0 -> rho+ pi-                :  2077 / 128361 =  1.62%
 --- D0 -> rho- nu_mu mu+          :     1 / 128361 =  0.00%
 --- D0 -> rho- pi+                :  1778 / 128361 =  1.39%
 --- D0 -> rho0 pi0                :     2 / 128361 =  0.00%
 --- D0 -> rho0 rho0               :     3 / 128361 =  0.00%
 --- rho+ -> pi+ pi0               :     1 / 128361 =  0.00%
 --- rho0 -> pi+ pi-               :    19 / 128361 =  0.01%
 -- bkg / total:   4893 / 128361 = ( 3.81 + 0.05 - 0.05)%
 -- sig / total: 123468 / 128361 = (96.19 + 0.05 - 0.05)%

 -- eta bin 1
 --- D0 -> K*+ pi-                 :     1 / 33542 =  0.00%
 --- D0 -> K*- K+                  :     2 / 33542 =  0.01%
 --- D0 -> K*- nu_mu mu+           :     3 / 33542 =  0.01%
 --- D0 -> K*- pi+ pi0             :     4 / 33542 =  0.01%
 --- D0 -> K*- rho+                :    31 / 33542 =  0.09%
 --- D0 -> K+ K-                   :    17 / 33542 =  0.05%
 --- D0 -> K+ K- K_S0              :     1 / 33542 =  0.00%
 --- D0 -> K+ K_S0 pi-             :    17 / 33542 =  0.05%
 --- D0 -> K+ pi+ pi- pi-          :     1 / 33542 =  0.00%
 --- D0 -> K+ pi-                  :     1 / 33542 =  0.00%
 --- D0 -> K+ pi- K_L0             :    11 / 33542 =  0.03%
 --- D0 -> K+ pi- pi0              :     7 / 33542 =  0.02%
 --- D0 -> K- nu_e e+              :     3 / 33542 =  0.01%
 --- D0 -> K- nu_mu mu+            :    22 / 33542 =  0.07%
 --- D0 -> K- pi+                  : 31527 / 33542 = 93.99%
 --- D0 -> K- pi+ pi+ pi-          :    12 / 33542 =  0.04%
 --- D0 -> K- pi+ pi0              :    16 / 33542 =  0.05%
 --- D0 -> K- pi+ rho0             :     1 / 33542 =  0.00%
 --- D0 -> K_1- pi+                :    12 / 33542 =  0.04%
 --- D0 -> K_S0 pi+ pi-            :   304 / 33542 =  0.91%
 --- D0 -> K_S0 pi+ pi- pi0        :    17 / 33542 =  0.05%
 --- D0 -> anti-K*0 pi+ pi-        :    10 / 33542 =  0.03%
 --- D0 -> anti-K*0 pi+ pi- pi0    :     1 / 33542 =  0.00%
 --- D0 -> anti-K*0 rho0           :     3 / 33542 =  0.01%
 --- D0 -> anti-K0 pi- nu_mu mu+   :     1 / 33542 =  0.00%
 --- D0 -> eta pi+ pi-             :     3 / 33542 =  0.01%
 --- D0 -> eta' K_S0               :     1 / 33542 =  0.00%
 --- D0 -> eta' pi+ pi-            :     1 / 33542 =  0.00%
 --- D0 -> omega pi+ pi-           :     3 / 33542 =  0.01%
 --- D0 -> phi pi+ pi-             :     1 / 33542 =  0.00%
 --- D0 -> pi+ pi+ pi- pi-         :    52 / 33542 =  0.16%
 --- D0 -> pi+ pi+ pi- pi- K_L0    :     2 / 33542 =  0.01%
 --- D0 -> pi+ pi+ pi- pi- pi0     :     1 / 33542 =  0.00%
 --- D0 -> pi+ pi-                 :     7 / 33542 =  0.02%
 --- D0 -> pi+ pi- K_L0            :   273 / 33542 =  0.81%
 --- D0 -> pi+ pi- K_L0 pi0        :     5 / 33542 =  0.01%
 --- D0 -> pi+ pi- pi0             :    24 / 33542 =  0.07%
 --- D0 -> pi+ pi- pi0 pi0         :    26 / 33542 =  0.08%
 --- D0 -> pi+ pi- pi0 pi0 pi0     :     2 / 33542 =  0.01%
 --- D0 -> pi- nu_e e+             :    21 / 33542 =  0.06%
 --- D0 -> pi- nu_mu mu+           :    55 / 33542 =  0.16%
 --- D0 -> rho+ pi-                :   508 / 33542 =  1.51%
 --- D0 -> rho- nu_mu mu+          :     2 / 33542 =  0.01%
 --- D0 -> rho- pi+                :   422 / 33542 =  1.26%
 --- D0 -> rho0 pi0                :     3 / 33542 =  0.01%
 --- D0 -> rho0 rho0               :     3 / 33542 =  0.01%
 --- K*0 -> K+ pi-                 :     1 / 33542 =  0.00%
 --- K_10 -> K0 pi+ pi-            :     1 / 33542 =  0.00%
 --- K_L0 -> 1000110220            :     1 / 33542 =  0.00%
 --- a_1+ -> pi+ rho0              :     1 / 33542 =  0.00%
 --- omega -> pi+ pi-              :     2 / 33542 =  0.01%
 --- omega -> pi+ pi- pi0          :     1 / 33542 =  0.00%
 --- rho+ -> pi+ pi0               :     4 / 33542 =  0.01%
 --- rho0 -> pi+ pi-               :    91 / 33542 =  0.27%
 -- bkg / total:   2015 / 33542 = ( 6.01 + 0.13 - 0.13)%
 -- sig / total:  31527 / 33542 = (93.99 + 0.13 - 0.13)%

 - p bin 3
 -- eta bin 0
 --- D0 -> K*+ pi-                 :     2 / 210440 =  0.00%
 --- D0 -> K*- nu_mu mu+           :     1 / 210440 =  0.00%
 --- D0 -> K+ K-                   :    33 / 210440 =  0.02%
 --- D0 -> K+ pi-                  :    10 / 210440 =  0.00%
 --- D0 -> K+ pi- pi0              :     6 / 210440 =  0.00%
 --- D0 -> K- nu_e e+              :    42 / 210440 =  0.02%
 --- D0 -> K- nu_mu mu+            :   147 / 210440 =  0.07%
 --- D0 -> K- pi+                  : 206941 / 210440 = 98.34%
 --- D0 -> K- pi+ pi0              :    10 / 210440 =  0.00%
 --- D0 -> K_S0 pi+ pi-            :    30 / 210440 =  0.01%
 --- D0 -> pi+ pi+ pi- pi-         :     7 / 210440 =  0.00%
 --- D0 -> pi+ pi-                 :   114 / 210440 =  0.05%
 --- D0 -> pi+ pi- K_L0            :    36 / 210440 =  0.02%
 --- D0 -> pi+ pi- pi0             :    60 / 210440 =  0.03%
 --- D0 -> pi+ pi- pi0 pi0         :     2 / 210440 =  0.00%
 --- D0 -> pi- nu_e e+             :    65 / 210440 =  0.03%
 --- D0 -> pi- nu_mu mu+           :   173 / 210440 =  0.08%
 --- D0 -> rho+ pi-                :  1479 / 210440 =  0.70%
 --- D0 -> rho- pi+                :  1279 / 210440 =  0.61%
 --- D0 -> rho0 rho0               :     1 / 210440 =  0.00%
 --- rho0 -> pi+ pi-               :     2 / 210440 =  0.00%
 -- bkg / total:   3499 / 210440 = ( 1.66 + 0.03 - 0.03)%
 -- sig / total: 206941 / 210440 = (98.34 + 0.03 - 0.03)%

 -- eta bin 1
 --- D0 -> K*+ pi-                 :     4 / 69105 =  0.01%
 --- D0 -> K*- K+                  :     1 / 69105 =  0.00%
 --- D0 -> K*- nu_mu mu+           :     1 / 69105 =  0.00%
 --- D0 -> K*- rho+                :     4 / 69105 =  0.01%
 --- D0 -> K+ K-                   :    46 / 69105 =  0.07%
 --- D0 -> K+ K- pi+ pi-           :     3 / 69105 =  0.00%
 --- D0 -> K+ K_S0 pi-             :     5 / 69105 =  0.01%
 --- D0 -> K+ pi+ pi- pi-          :     1 / 69105 =  0.00%
 --- D0 -> K+ pi-                  :     2 / 69105 =  0.00%
 --- D0 -> K+ pi- K_L0             :     4 / 69105 =  0.01%
 --- D0 -> K+ pi- pi0              :     7 / 69105 =  0.01%
 --- D0 -> K- nu_e e+              :     9 / 69105 =  0.01%
 --- D0 -> K- nu_mu mu+            :    42 / 69105 =  0.06%
 --- D0 -> K- pi+                  : 66673 / 69105 = 96.48%
 --- D0 -> K- pi+ pi+ pi-          :     2 / 69105 =  0.00%
 --- D0 -> K- pi+ pi0              :    17 / 69105 =  0.02%
 --- D0 -> K_1- pi+                :     1 / 69105 =  0.00%
 --- D0 -> K_S0 omega              :     1 / 69105 =  0.00%
 --- D0 -> K_S0 pi+ pi-            :   145 / 69105 =  0.21%
 --- D0 -> K_S0 pi+ pi- pi0        :     4 / 69105 =  0.01%
 --- D0 -> K_S0 pi0                :     1 / 69105 =  0.00%
 --- D0 -> anti-K*0 pi+ pi-        :     2 / 69105 =  0.00%
 --- D0 -> eta pi+ pi-             :     3 / 69105 =  0.00%
 --- D0 -> pi+ pi+ pi- pi-         :    28 / 69105 =  0.04%
 --- D0 -> pi+ pi+ pi- pi- pi0     :     2 / 69105 =  0.00%
 --- D0 -> pi+ pi-                 :    20 / 69105 =  0.03%
 --- D0 -> pi+ pi- K_L0            :   148 / 69105 =  0.21%
 --- D0 -> pi+ pi- K_L0 pi0        :     1 / 69105 =  0.00%
 --- D0 -> pi+ pi- pi0             :    40 / 69105 =  0.06%
 --- D0 -> pi+ pi- pi0 pi0         :    11 / 69105 =  0.02%
 --- D0 -> pi+ pi- pi0 pi0 pi0     :     2 / 69105 =  0.00%
 --- D0 -> pi- nu_e e+             :    22 / 69105 =  0.03%
 --- D0 -> pi- nu_mu mu+           :    96 / 69105 =  0.14%
 --- D0 -> rho+ pi-                :   976 / 69105 =  1.41%
 --- D0 -> rho- nu_e e+            :     1 / 69105 =  0.00%
 --- D0 -> rho- nu_mu mu+          :     2 / 69105 =  0.00%
 --- D0 -> rho- pi+                :   755 / 69105 =  1.09%
 --- D0 -> rho0 pi0                :     2 / 69105 =  0.00%
 --- D0 -> rho0 rho0               :     2 / 69105 =  0.00%
 --- a_1+ -> pi+ rho0              :     1 / 69105 =  0.00%
 --- eta' -> rho0                  :     1 / 69105 =  0.00%
 --- rho0 -> pi+ pi-               :    17 / 69105 =  0.02%
 -- bkg / total:   2432 / 69105 = ( 3.52 + 0.07 - 0.07)%
 -- sig / total:  66673 / 69105 = (96.48 + 0.07 - 0.07)%

 - p bin 4
 -- eta bin 0
 --- D0 -> K+ K-                   :    22 / 217473 =  0.01%
 --- D0 -> K+ pi-                  :     4 / 217473 =  0.00%
 --- D0 -> K+ pi- pi0              :     1 / 217473 =  0.00%
 --- D0 -> K- nu_e e+              :    78 / 217473 =  0.04%
 --- D0 -> K- nu_mu mu+            :   191 / 217473 =  0.09%
 --- D0 -> K- pi+                  : 216021 / 217473 = 99.33%
 --- D0 -> K- pi+ pi0              :    14 / 217473 =  0.01%
 --- D0 -> K_S0 pi+ pi-            :     2 / 217473 =  0.00%
 --- D0 -> pi+ pi+ pi- pi-         :     1 / 217473 =  0.00%
 --- D0 -> pi+ pi-                 :   146 / 217473 =  0.07%
 --- D0 -> pi+ pi- K_L0            :     3 / 217473 =  0.00%
 --- D0 -> pi+ pi- pi0             :     8 / 217473 =  0.00%
 --- D0 -> pi- nu_e e+             :    57 / 217473 =  0.03%
 --- D0 -> pi- nu_mu mu+           :   143 / 217473 =  0.07%
 --- D0 -> rho+ pi-                :   397 / 217473 =  0.18%
 --- D0 -> rho- pi+                :   385 / 217473 =  0.18%
 -- bkg / total:   1452 / 217473 = ( 0.67 + 0.02 - 0.02)%
 -- sig / total: 216021 / 217473 = (99.33 + 0.02 - 0.02)%

 -- eta bin 1
 --- D0 -> K*- nu_mu mu+           :     1 / 163581 =  0.00%
 --- D0 -> K+ K-                   :    51 / 163581 =  0.03%
 --- D0 -> K+ pi+ pi- pi-          :     1 / 163581 =  0.00%
 --- D0 -> K+ pi-                  :     5 / 163581 =  0.00%
 --- D0 -> K+ pi- pi0              :     2 / 163581 =  0.00%
 --- D0 -> K- nu_e e+              :    54 / 163581 =  0.03%
 --- D0 -> K- nu_mu mu+            :   131 / 163581 =  0.08%
 --- D0 -> K- pi+                  : 161460 / 163581 = 98.70%
 --- D0 -> K- pi+ pi+ pi-          :     1 / 163581 =  0.00%
 --- D0 -> K- pi+ pi0              :    24 / 163581 =  0.01%
 --- D0 -> K_S0 pi+ pi-            :    24 / 163581 =  0.01%
 --- D0 -> eta pi+ pi-             :     1 / 163581 =  0.00%
 --- D0 -> pi+ pi+ pi- pi-         :     6 / 163581 =  0.00%
 --- D0 -> pi+ pi-                 :   123 / 163581 =  0.08%
 --- D0 -> pi+ pi- K_L0            :    31 / 163581 =  0.02%
 --- D0 -> pi+ pi- K_L0 pi0        :     1 / 163581 =  0.00%
 --- D0 -> pi+ pi- pi0             :    36 / 163581 =  0.02%
 --- D0 -> pi+ pi- pi0 pi0         :     3 / 163581 =  0.00%
 --- D0 -> pi- nu_e e+             :    43 / 163581 =  0.03%
 --- D0 -> pi- nu_mu mu+           :   121 / 163581 =  0.07%
 --- D0 -> rho+ pi-                :   780 / 163581 =  0.48%
 --- D0 -> rho- nu_mu mu+          :     1 / 163581 =  0.00%
 --- D0 -> rho- pi+                :   678 / 163581 =  0.41%
 --- D0 -> rho0 pi0                :     1 / 163581 =  0.00%
 --- rho0 -> pi+ pi-               :     2 / 163581 =  0.00%
 -- bkg / total:   2121 / 163581 = ( 1.30 + 0.03 - 0.03)%
 -- sig / total: 161460 / 163581 = (98.70 + 0.03 - 0.03)%

 - p bin 5
 -- eta bin 0
 --- D0 -> K+ K-                   :     1 / 33452 =  0.00%
 --- D0 -> K+ pi-                  :     1 / 33452 =  0.00%
 --- D0 -> K- nu_e e+              :    22 / 33452 =  0.07%
 --- D0 -> K- nu_mu mu+            :    43 / 33452 =  0.13%
 --- D0 -> K- pi+                  : 33289 / 33452 = 99.51%
 --- D0 -> K- pi+ pi0              :     8 / 33452 =  0.02%
 --- D0 -> pi+ pi-                 :    33 / 33452 =  0.10%
 --- D0 -> pi+ pi- pi0             :     1 / 33452 =  0.00%
 --- D0 -> pi- nu_e e+             :    10 / 33452 =  0.03%
 --- D0 -> pi- nu_mu mu+           :    13 / 33452 =  0.04%
 --- D0 -> rho+ pi-                :    15 / 33452 =  0.04%
 --- D0 -> rho- pi+                :    16 / 33452 =  0.05%
 -- bkg / total:    163 / 33452 = ( 0.49 + 0.04 - 0.04)%
 -- sig / total:  33289 / 33452 = (99.51 + 0.04 - 0.04)%

 -- eta bin 1
 --- D0 -> K*+ pi-                 :     1 / 87387 =  0.00%
 --- D0 -> K+ K-                   :     9 / 87387 =  0.01%
 --- D0 -> K+ pi-                  :     4 / 87387 =  0.00%
 --- D0 -> K- nu_e e+              :    66 / 87387 =  0.08%
 --- D0 -> K- nu_mu mu+            :   109 / 87387 =  0.12%
 --- D0 -> K- pi+                  : 86775 / 87387 = 99.30%
 --- D0 -> K- pi+ pi0              :    22 / 87387 =  0.03%
 --- D0 -> pi+ pi-                 :    93 / 87387 =  0.11%
 --- D0 -> pi+ pi- K_L0            :     1 / 87387 =  0.00%
 --- D0 -> pi+ pi- pi0             :     2 / 87387 =  0.00%
 --- D0 -> pi- nu_e e+             :    24 / 87387 =  0.03%
 --- D0 -> pi- nu_mu mu+           :    50 / 87387 =  0.06%
 --- D0 -> rho+ pi-                :   134 / 87387 =  0.15%
 --- D0 -> rho- pi+                :    96 / 87387 =  0.11%
 --- rho0 -> pi+ pi-               :     1 / 87387 =  0.00%
 -- bkg / total:    612 / 87387 = ( 0.70 + 0.03 - 0.03)%
 -- sig / total:  86775 / 87387 = (99.30 + 0.03 - 0.03)%


INFO Printing passed counts for pi
 - p bin 0
 -- eta bin 0
 --- D0 -> K- nu_e e+              :     4 / 6906 =  0.06%
 --- D0 -> K- nu_mu mu+            :   147 / 6906 =  2.13%
 --- D0 -> K- pi+                  :  6687 / 6906 = 96.83%
 --- D0 -> K- pi+ pi0              :     1 / 6906 =  0.01%
 --- D0 -> pi+ pi-                 :    22 / 6906 =  0.32%
 --- D0 -> pi- nu_mu mu+           :    45 / 6906 =  0.65%
 -- bkg / total:    219 / 6906 = ( 3.17 + 0.22 - 0.20)%
 -- sig / total:   6687 / 6906 = (96.83 + 0.20 - 0.22)%

 -- eta bin 1
 --- D0 -> K- nu_mu mu+            :     3 / 161 =  1.86%
 --- D0 -> K- pi+                  :   157 / 161 = 97.52%
 --- D0 -> pi+ pi-                 :     1 / 161 =  0.62%
 -- bkg / total:      4 / 161 = ( 2.48 + 1.55 - 0.96)%
 -- sig / total:    157 / 161 = (97.52 + 0.96 - 1.55)%

 - p bin 1
 -- eta bin 0
 --- D0 -> K- nu_e e+              :     3 / 5675 =  0.05%
 --- D0 -> K- nu_mu mu+            :   102 / 5675 =  1.80%
 --- D0 -> K- pi+                  :  5480 / 5675 = 96.56%
 --- D0 -> pi+ pi-                 :    14 / 5675 =  0.25%
 --- D0 -> pi- nu_e e+             :     2 / 5675 =  0.04%
 --- D0 -> pi- nu_mu mu+           :    73 / 5675 =  1.29%
 --- D0 -> rho- pi+                :     1 / 5675 =  0.02%
 -- bkg / total:    195 / 5675 = ( 3.44 + 0.25 - 0.23)%
 -- sig / total:   5480 / 5675 = (96.56 + 0.23 - 0.25)%

 -- eta bin 1
 --- D0 -> K- nu_mu mu+            :    32 / 914 =  3.50%
 --- D0 -> K- pi+                  :   873 / 914 = 95.51%
 --- D0 -> pi+ pi-                 :     2 / 914 =  0.22%
 --- D0 -> pi- nu_mu mu+           :     7 / 914 =  0.77%
 -- bkg / total:     41 / 914 = ( 4.49 + 0.74 - 0.64)%
 -- sig / total:    873 / 914 = (95.51 + 0.64 - 0.74)%

 - p bin 2
 -- eta bin 0
 --- D0 -> K+ pi-                  :     2 / 2496 =  0.08%
 --- D0 -> K- nu_mu mu+            :    98 / 2496 =  3.93%
 --- D0 -> K- pi+                  :  2282 / 2496 = 91.43%
 --- D0 -> pi+ pi-                 :    10 / 2496 =  0.40%
 --- D0 -> pi- nu_mu mu+           :    95 / 2496 =  3.81%
 --- D0 -> rho+ pi-                :     3 / 2496 =  0.12%
 --- D0 -> rho- pi+                :     6 / 2496 =  0.24%
 -- bkg / total:    214 / 2496 = ( 8.57 + 0.58 - 0.54)%
 -- sig / total:   2282 / 2496 = (91.43 + 0.54 - 0.58)%

 -- eta bin 1
 --- D0 -> K- nu_mu mu+            :    33 / 748 =  4.41%
 --- D0 -> K- pi+                  :   689 / 748 = 92.11%
 --- D0 -> pi+ pi-                 :     2 / 748 =  0.27%
 --- D0 -> pi- nu_mu mu+           :    24 / 748 =  3.21%
 -- bkg / total:     59 / 748 = ( 7.89 + 1.04 - 0.93)%
 -- sig / total:    689 / 748 = (92.11 + 0.93 - 1.04)%

 - p bin 3
 -- eta bin 0
 --- D0 -> K*- nu_mu mu+           :    10 / 2218 =  0.45%
 --- D0 -> K+ K-                   :    16 / 2218 =  0.72%
 --- D0 -> K- nu_mu mu+            :   127 / 2218 =  5.73%
 --- D0 -> K- pi+                  :  1724 / 2218 = 77.73%
 --- D0 -> K_S0 pi+ pi-            :     2 / 2218 =  0.09%
 --- D0 -> pi+ pi-                 :     5 / 2218 =  0.23%
 --- D0 -> pi+ pi- K_L0            :     2 / 2218 =  0.09%
 --- D0 -> pi+ pi- pi0             :     1 / 2218 =  0.05%
 --- D0 -> pi- nu_mu mu+           :   295 / 2218 = 13.30%
 --- D0 -> rho+ pi-                :    17 / 2218 =  0.77%
 --- D0 -> rho- nu_mu mu+          :     5 / 2218 =  0.23%
 --- D0 -> rho- pi+                :    14 / 2218 =  0.63%
 -- bkg / total:    494 / 2218 = (22.27 + 0.90 - 0.87)%
 -- sig / total:   1724 / 2218 = (77.73 + 0.87 - 0.90)%

 -- eta bin 1
 --- D0 -> K+ K-                   :     1 / 886 =  0.11%
 --- D0 -> K- nu_mu mu+            :    62 / 886 =  7.00%
 --- D0 -> K- pi+                  :   744 / 886 = 83.97%
 --- D0 -> K_S0 pi+ pi-            :     1 / 886 =  0.11%
 --- D0 -> pi+ pi-                 :     6 / 886 =  0.68%
 --- D0 -> pi- nu_mu mu+           :    64 / 886 =  7.22%
 --- D0 -> rho+ pi-                :     3 / 886 =  0.34%
 --- D0 -> rho- nu_mu mu+          :     1 / 886 =  0.11%
 --- D0 -> rho- pi+                :     4 / 886 =  0.45%
 -- bkg / total:    142 / 886 = (16.03 + 1.27 - 1.19)%
 -- sig / total:    744 / 886 = (83.97 + 1.19 - 1.27)%

 - p bin 4
 -- eta bin 0
 --- D0 -> K*- K+                  :     1 / 1422 =  0.07%
 --- D0 -> K*- nu_mu mu+           :    21 / 1422 =  1.48%
 --- D0 -> K+ K-                   :    20 / 1422 =  1.41%
 --- D0 -> K+ K_S0 pi-             :     2 / 1422 =  0.14%
 --- D0 -> K+ pi- K_L0             :     1 / 1422 =  0.07%
 --- D0 -> K- nu_mu mu+            :    97 / 1422 =  6.82%
 --- D0 -> K- pi+                  :   947 / 1422 = 66.60%
 --- D0 -> K- pi+ pi+ pi-          :     1 / 1422 =  0.07%
 --- D0 -> K_S0 pi+ pi-            :     8 / 1422 =  0.56%
 --- D0 -> anti-K0 pi- nu_mu mu+   :     1 / 1422 =  0.07%
 --- D0 -> pi+ pi-                 :     1 / 1422 =  0.07%
 --- D0 -> pi+ pi- K_L0            :     8 / 1422 =  0.56%
 --- D0 -> pi- nu_mu mu+           :   270 / 1422 = 18.99%
 --- D0 -> rho+ pi-                :    23 / 1422 =  1.62%
 --- D0 -> rho- nu_mu mu+          :     6 / 1422 =  0.42%
 --- D0 -> rho- pi+                :    11 / 1422 =  0.77%
 --- rho0 -> pi+ pi-               :     4 / 1422 =  0.28%
 -- bkg / total:    475 / 1422 = (33.40 + 1.26 - 1.24)%
 -- sig / total:    947 / 1422 = (66.60 + 1.24 - 1.26)%

 -- eta bin 1
 --- D0 -> K*- nu_mu mu+           :    19 / 1159 =  1.64%
 --- D0 -> K+ K-                   :     8 / 1159 =  0.69%
 --- D0 -> K+ pi- K_L0             :     1 / 1159 =  0.09%
 --- D0 -> K- nu_mu mu+            :    95 / 1159 =  8.20%
 --- D0 -> K- pi+                  :   785 / 1159 = 67.73%
 --- D0 -> K_S0 pi+ pi-            :     5 / 1159 =  0.43%
 --- D0 -> anti-K0 pi- nu_mu mu+   :     2 / 1159 =  0.17%
 --- D0 -> pi+ pi-                 :     3 / 1159 =  0.26%
 --- D0 -> pi+ pi- K_L0            :     6 / 1159 =  0.52%
 --- D0 -> pi+ pi- pi0 pi0         :     1 / 1159 =  0.09%
 --- D0 -> pi- nu_mu mu+           :   205 / 1159 = 17.69%
 --- D0 -> rho+ pi-                :    15 / 1159 =  1.29%
 --- D0 -> rho- nu_mu mu+          :     8 / 1159 =  0.69%
 --- D0 -> rho- pi+                :     5 / 1159 =  0.43%
 --- rho0 -> pi+ pi-               :     1 / 1159 =  0.09%
 -- bkg / total:    374 / 1159 = (32.27 + 1.39 - 1.36)%
 -- sig / total:    785 / 1159 = (67.73 + 1.36 - 1.39)%

 - p bin 5
 -- eta bin 0
 --- D0 -> K*- nu_mu mu+           :     2 / 138 =  1.45%
 --- D0 -> K+ K-                   :     2 / 138 =  1.45%
 --- D0 -> K- nu_mu mu+            :    12 / 138 =  8.70%
 --- D0 -> K- pi+                  :    77 / 138 = 55.80%
 --- D0 -> K_S0 pi+ pi-            :     2 / 138 =  1.45%
 --- D0 -> anti-K0 pi- nu_mu mu+   :     3 / 138 =  2.17%
 --- D0 -> pi+ pi- K_L0            :     3 / 138 =  2.17%
 --- D0 -> pi- nu_mu mu+           :    34 / 138 = 24.64%
 --- D0 -> rho+ pi-                :     1 / 138 =  0.72%
 --- D0 -> rho- nu_mu mu+          :     1 / 138 =  0.72%
 --- D0 -> rho- pi+                :     1 / 138 =  0.72%
 -- bkg / total:     61 / 138 = (44.20 + 4.25 - 4.17)%
 -- sig / total:     77 / 138 = (55.80 + 4.17 - 4.25)%

 -- eta bin 1
 --- D0 -> K*- nu_mu mu+           :    13 / 444 =  2.93%
 --- D0 -> K+ K-                   :     4 / 444 =  0.90%
 --- D0 -> K- nu_mu mu+            :    34 / 444 =  7.66%
 --- D0 -> K- pi+                  :   274 / 444 = 61.71%
 --- D0 -> K- pi+ rho0             :     1 / 444 =  0.23%
 --- D0 -> K_S0 pi+ pi-            :     4 / 444 =  0.90%
 --- D0 -> anti-K0 pi- nu_mu mu+   :     1 / 444 =  0.23%
 --- D0 -> pi+ pi- K_L0            :     2 / 444 =  0.45%
 --- D0 -> pi- nu_mu mu+           :   107 / 444 = 24.10%
 --- D0 -> rho+ pi-                :     1 / 444 =  0.23%
 --- D0 -> rho- nu_mu mu+          :     1 / 444 =  0.23%
 --- D0 -> rho- pi+                :     1 / 444 =  0.23%
 --- rho0 -> pi+ pi-               :     1 / 444 =  0.23%
 -- bkg / total:    170 / 444 = (38.29 + 2.33 - 2.28)%
 -- sig / total:    274 / 444 = (61.71 + 2.28 - 2.33)%


INFO Printing passed counts for k
 - p bin 0
 -- eta bin 0
 --- D0 -> K*- K+                  :     2 / 3315 =  0.06%
 --- D0 -> K*- nu_mu mu+           :     1 / 3315 =  0.03%
 --- D0 -> K*- rho+                :     4 / 3315 =  0.12%
 --- D0 -> K+ K-                   :     3 / 3315 =  0.09%
 --- D0 -> K+ K_S0 pi-             :    10 / 3315 =  0.30%
 --- D0 -> K+ pi-                  :     1 / 3315 =  0.03%
 --- D0 -> K+ pi- K_L0             :     6 / 3315 =  0.18%
 --- D0 -> K+ pi- pi0              :     2 / 3315 =  0.06%
 --- D0 -> K- pi+                  :  2843 / 3315 = 85.76%
 --- D0 -> K- pi+ pi+ pi-          :     4 / 3315 =  0.12%
 --- D0 -> K- pi+ pi0              :     7 / 3315 =  0.21%
 --- D0 -> K- pi+ rho0             :     2 / 3315 =  0.06%
 --- D0 -> K_1- pi+                :     1 / 3315 =  0.03%
 --- D0 -> K_S0 pi+ pi-            :   124 / 3315 =  3.74%
 --- D0 -> K_S0 pi+ pi- pi0        :    16 / 3315 =  0.48%
 --- D0 -> anti-K*0 pi+ pi-        :     7 / 3315 =  0.21%
 --- D0 -> anti-K0 pi- nu_mu mu+   :     1 / 3315 =  0.03%
 --- D0 -> eta pi+ pi-             :     1 / 3315 =  0.03%
 --- D0 -> pi+ pi+ pi- pi-         :    24 / 3315 =  0.72%
 --- D0 -> pi+ pi+ pi- pi- K_L0    :     1 / 3315 =  0.03%
 --- D0 -> pi+ pi+ pi- pi- pi0     :     4 / 3315 =  0.12%
 --- D0 -> pi+ pi-                 :     5 / 3315 =  0.15%
 --- D0 -> pi+ pi- K_L0            :   103 / 3315 =  3.11%
 --- D0 -> pi+ pi- K_L0 pi0        :     3 / 3315 =  0.09%
 --- D0 -> pi+ pi- pi0             :     5 / 3315 =  0.15%
 --- D0 -> pi+ pi- pi0 pi0         :    15 / 3315 =  0.45%
 --- D0 -> pi+ pi- pi0 pi0 pi0     :     2 / 3315 =  0.06%
 --- D0 -> pi- nu_e e+             :     6 / 3315 =  0.18%
 --- D0 -> pi- nu_mu mu+           :    10 / 3315 =  0.30%
 --- D0 -> rho+ pi-                :    35 / 3315 =  1.06%
 --- D0 -> rho- pi+                :    30 / 3315 =  0.90%
 --- D0 -> rho0 rho0               :     1 / 3315 =  0.03%
 --- K*0 -> K+ pi-                 :     1 / 3315 =  0.03%
 --- a_1+ -> rho+ pi0              :     2 / 3315 =  0.06%
 --- omega -> pi+ pi-              :     1 / 3315 =  0.03%
 --- omega -> pi+ pi- pi0          :     1 / 3315 =  0.03%
 --- rho0 -> pi+ pi-               :    31 / 3315 =  0.94%
 -- bkg / total:    472 / 3315 = (14.24 + 0.62 - 0.60)%
 -- sig / total:   2843 / 3315 = (85.76 + 0.60 - 0.62)%

 -- eta bin 1
 --- D0 -> K*- pi+ pi0             :     1 / 154 =  0.65%
 --- D0 -> K*- rho+                :     1 / 154 =  0.65%
 --- D0 -> K- pi+                  :   134 / 154 = 87.01%
 --- D0 -> K- pi+ pi0              :     1 / 154 =  0.65%
 --- D0 -> K_S0 pi+ pi-            :     4 / 154 =  2.60%
 --- D0 -> K_S0 pi+ pi- pi0        :     1 / 154 =  0.65%
 --- D0 -> anti-K*0 pi+ pi-        :     1 / 154 =  0.65%
 --- D0 -> pi+ pi+ pi- pi-         :     1 / 154 =  0.65%
 --- D0 -> pi+ pi-                 :     1 / 154 =  0.65%
 --- D0 -> pi+ pi- K_L0            :     4 / 154 =  2.60%
 --- D0 -> rho+ pi-                :     3 / 154 =  1.95%
 --- a_1+ -> rho+ pi0              :     1 / 154 =  0.65%
 --- rho0 -> pi+ pi-               :     1 / 154 =  0.65%
 -- bkg / total:     20 / 154 = (12.99 + 2.95 - 2.47)%
 -- sig / total:    134 / 154 = (87.01 + 2.47 - 2.95)%

 - p bin 1
 -- eta bin 0
 --- D0 -> K*+ pi-                 :     1 / 4704 =  0.02%
 --- D0 -> K*- K+                  :     1 / 4704 =  0.02%
 --- D0 -> K*- nu_e e+             :     1 / 4704 =  0.02%
 --- D0 -> K*- rho+                :     3 / 4704 =  0.06%
 --- D0 -> K+ K-                   :     6 / 4704 =  0.13%
 --- D0 -> K+ K_S0 pi-             :     1 / 4704 =  0.02%
 --- D0 -> K+ pi-                  :     1 / 4704 =  0.02%
 --- D0 -> K+ pi- K_L0             :     1 / 4704 =  0.02%
 --- D0 -> K+ pi- pi0              :     2 / 4704 =  0.04%
 --- D0 -> K- nu_mu mu+            :     1 / 4704 =  0.02%
 --- D0 -> K- pi+                  :  4386 / 4704 = 93.24%
 --- D0 -> K- pi+ pi+ pi-          :     1 / 4704 =  0.02%
 --- D0 -> K- pi+ pi0              :     4 / 4704 =  0.09%
 --- D0 -> K_S0 pi+ pi-            :    45 / 4704 =  0.96%
 --- D0 -> K_S0 pi+ pi- pi0        :     2 / 4704 =  0.04%
 --- D0 -> a_1+ K-                 :     1 / 4704 =  0.02%
 --- D0 -> anti-K*0 pi+ pi-        :     1 / 4704 =  0.02%
 --- D0 -> anti-K*0 rho0           :     1 / 4704 =  0.02%
 --- D0 -> pi+ pi+ pi- pi-         :     3 / 4704 =  0.06%
 --- D0 -> pi+ pi+ pi- pi- pi0     :     2 / 4704 =  0.04%
 --- D0 -> pi+ pi-                 :     8 / 4704 =  0.17%
 --- D0 -> pi+ pi- K_L0            :    46 / 4704 =  0.98%
 --- D0 -> pi+ pi- K_L0 pi0        :     1 / 4704 =  0.02%
 --- D0 -> pi+ pi- pi0             :     4 / 4704 =  0.09%
 --- D0 -> pi+ pi- pi0 pi0         :     6 / 4704 =  0.13%
 --- D0 -> pi- nu_e e+             :     7 / 4704 =  0.15%
 --- D0 -> pi- nu_mu mu+           :     5 / 4704 =  0.11%
 --- D0 -> rho+ pi-                :    84 / 4704 =  1.79%
 --- D0 -> rho- pi+                :    68 / 4704 =  1.45%
 --- D0 -> rho0 rho0               :     1 / 4704 =  0.02%
 --- K*+ -> K0 pi+                 :     1 / 4704 =  0.02%
 --- a_1+ -> rho+ pi0              :     1 / 4704 =  0.02%
 --- rho0 -> pi+ pi-               :     8 / 4704 =  0.17%
 -- bkg / total:    318 / 4704 = ( 6.76 + 0.38 - 0.36)%
 -- sig / total:   4386 / 4704 = (93.24 + 0.36 - 0.38)%

 -- eta bin 1
 --- D0 -> K*- nu_mu mu+           :     2 / 945 =  0.21%
 --- D0 -> K*- rho+                :     2 / 945 =  0.21%
 --- D0 -> K+ K_S0 pi-             :     3 / 945 =  0.32%
 --- D0 -> K+ pi- K_L0             :     1 / 945 =  0.11%
 --- D0 -> K+ pi- pi0              :     1 / 945 =  0.11%
 --- D0 -> K- pi+                  :   842 / 945 = 89.10%
 --- D0 -> K- pi+ pi0              :     2 / 945 =  0.21%
 --- D0 -> K_S0 pi+ pi+ pi- pi-    :     1 / 945 =  0.11%
 --- D0 -> K_S0 pi+ pi-            :    20 / 945 =  2.12%
 --- D0 -> K_S0 pi+ pi- pi0        :     2 / 945 =  0.21%
 --- D0 -> a_1+ K-                 :     1 / 945 =  0.11%
 --- D0 -> pi+ pi+ pi- pi-         :     3 / 945 =  0.32%
 --- D0 -> pi+ pi- K_L0            :    23 / 945 =  2.43%
 --- D0 -> pi+ pi- pi0             :     1 / 945 =  0.11%
 --- D0 -> pi+ pi- pi0 pi0         :     4 / 945 =  0.42%
 --- D0 -> pi- nu_mu mu+           :     3 / 945 =  0.32%
 --- D0 -> rho+ pi-                :    17 / 945 =  1.80%
 --- D0 -> rho- pi+                :     5 / 945 =  0.53%
 --- rho0 -> pi+ pi-               :    12 / 945 =  1.27%
 -- bkg / total:    103 / 945 = (10.90 + 1.06 - 0.97)%
 -- sig / total:    842 / 945 = (89.10 + 0.97 - 1.06)%

 - p bin 2
 -- eta bin 0
 --- D0 -> K*+ pi-                 :     1 / 2887 =  0.03%
 --- D0 -> K*- rho+                :     1 / 2887 =  0.03%
 --- D0 -> K+ K-                   :     3 / 2887 =  0.10%
 --- D0 -> K+ pi-                  :     1 / 2887 =  0.03%
 --- D0 -> K+ pi- K_L0             :     1 / 2887 =  0.03%
 --- D0 -> K- nu_e e+              :     1 / 2887 =  0.03%
 --- D0 -> K- nu_mu mu+            :     2 / 2887 =  0.07%
 --- D0 -> K- pi+                  :  2768 / 2887 = 95.88%
 --- D0 -> K_S0 pi+ pi-            :     4 / 2887 =  0.14%
 --- D0 -> pi+ pi+ pi- pi-         :     3 / 2887 =  0.10%
 --- D0 -> pi+ pi-                 :     7 / 2887 =  0.24%
 --- D0 -> pi+ pi- K_L0            :     4 / 2887 =  0.14%
 --- D0 -> pi+ pi- pi0             :     2 / 2887 =  0.07%
 --- D0 -> pi+ pi- pi0 pi0         :     1 / 2887 =  0.03%
 --- D0 -> pi- nu_e e+             :     1 / 2887 =  0.03%
 --- D0 -> pi- nu_mu mu+           :     7 / 2887 =  0.24%
 --- D0 -> rho+ pi-                :    36 / 2887 =  1.25%
 --- D0 -> rho- pi+                :    44 / 2887 =  1.52%
 -- bkg / total:    119 / 2887 = ( 4.12 + 0.39 - 0.35)%
 -- sig / total:   2768 / 2887 = (95.88 + 0.35 - 0.39)%

 -- eta bin 1
 --- D0 -> K*- rho+                :     1 / 957 =  0.10%
 --- D0 -> K+ K- pi+ pi-           :     1 / 957 =  0.10%
 --- D0 -> K+ pi- K_L0             :     1 / 957 =  0.10%
 --- D0 -> K- nu_mu mu+            :     1 / 957 =  0.10%
 --- D0 -> K- pi+                  :   893 / 957 = 93.31%
 --- D0 -> K- pi+ pi+ pi-          :     1 / 957 =  0.10%
 --- D0 -> K- pi+ pi0              :     1 / 957 =  0.10%
 --- D0 -> K_S0 pi+ pi-            :     6 / 957 =  0.63%
 --- D0 -> K_S0 pi+ pi- pi0        :     1 / 957 =  0.10%
 --- D0 -> pi+ pi+ pi- pi-         :     2 / 957 =  0.21%
 --- D0 -> pi+ pi- K_L0            :    10 / 957 =  1.04%
 --- D0 -> pi+ pi- K_L0 pi0        :     1 / 957 =  0.10%
 --- D0 -> pi- nu_mu mu+           :     2 / 957 =  0.21%
 --- D0 -> rho+ pi-                :    20 / 957 =  2.09%
 --- D0 -> rho- pi+                :    15 / 957 =  1.57%
 --- rho0 -> pi+ pi-               :     1 / 957 =  0.10%
 -- bkg / total:     64 / 957 = ( 6.69 + 0.85 - 0.76)%
 -- sig / total:    893 / 957 = (93.31 + 0.76 - 0.85)%

 - p bin 3
 -- eta bin 0
 --- D0 -> K+ K-                   :    12 / 3025 =  0.40%
 --- D0 -> K+ pi-                  :     1 / 3025 =  0.03%
 --- D0 -> K- nu_mu mu+            :     6 / 3025 =  0.20%
 --- D0 -> K- pi+                  :  2955 / 3025 = 97.69%
 --- D0 -> pi+ pi-                 :    17 / 3025 =  0.56%
 --- D0 -> pi- nu_mu mu+           :    10 / 3025 =  0.33%
 --- D0 -> rho+ pi-                :    11 / 3025 =  0.36%
 --- D0 -> rho- pi+                :    13 / 3025 =  0.43%
 -- bkg / total:     70 / 3025 = ( 2.31 + 0.29 - 0.26)%
 -- sig / total:   2955 / 3025 = (97.69 + 0.26 - 0.29)%

 -- eta bin 1
 --- D0 -> K+ K-                   :     1 / 1143 =  0.09%
 --- D0 -> K+ pi- K_L0             :     1 / 1143 =  0.09%
 --- D0 -> K- nu_e e+              :     1 / 1143 =  0.09%
 --- D0 -> K- nu_mu mu+            :     3 / 1143 =  0.26%
 --- D0 -> K- pi+                  :  1105 / 1143 = 96.68%
 --- D0 -> K- pi+ pi0              :     1 / 1143 =  0.09%
 --- D0 -> K_S0 pi+ pi-            :     4 / 1143 =  0.35%
 --- D0 -> pi+ pi-                 :     2 / 1143 =  0.17%
 --- D0 -> pi+ pi- K_L0            :     1 / 1143 =  0.09%
 --- D0 -> pi+ pi- pi0             :     1 / 1143 =  0.09%
 --- D0 -> pi- nu_e e+             :     1 / 1143 =  0.09%
 --- D0 -> pi- nu_mu mu+           :     6 / 1143 =  0.52%
 --- D0 -> rho+ pi-                :    10 / 1143 =  0.87%
 --- D0 -> rho- pi+                :     6 / 1143 =  0.52%
 -- bkg / total:     38 / 1143 = ( 3.32 + 0.57 - 0.49)%
 -- sig / total:   1105 / 1143 = (96.68 + 0.49 - 0.57)%

 - p bin 4
 -- eta bin 0
 --- D0 -> K+ K-                   :     5 / 2000 =  0.25%
 --- D0 -> K- nu_e e+              :     2 / 2000 =  0.10%
 --- D0 -> K- nu_mu mu+            :     8 / 2000 =  0.40%
 --- D0 -> K- pi+                  :  1974 / 2000 = 98.70%
 --- D0 -> pi+ pi-                 :     4 / 2000 =  0.20%
 --- D0 -> pi- nu_mu mu+           :     4 / 2000 =  0.20%
 --- D0 -> rho+ pi-                :     3 / 2000 =  0.15%
 -- bkg / total:     26 / 2000 = ( 1.30 + 0.28 - 0.23)%
 -- sig / total:   1974 / 2000 = (98.70 + 0.23 - 0.28)%

 -- eta bin 1
 --- D0 -> K+ K-                   :     2 / 1460 =  0.14%
 --- D0 -> K- nu_mu mu+            :     4 / 1460 =  0.27%
 --- D0 -> K- pi+                  :  1438 / 1460 = 98.49%
 --- D0 -> pi+ pi- K_L0            :     1 / 1460 =  0.07%
 --- D0 -> pi- nu_mu mu+           :     1 / 1460 =  0.07%
 --- D0 -> rho+ pi-                :    11 / 1460 =  0.75%
 --- D0 -> rho- pi+                :     3 / 1460 =  0.21%
 -- bkg / total:     22 / 1460 = ( 1.51 + 0.35 - 0.29)%
 -- sig / total:   1438 / 1460 = (98.49 + 0.29 - 0.35)%

 - p bin 5
 -- eta bin 0
 --- D0 -> K- nu_mu mu+            :     2 / 230 =  0.87%
 --- D0 -> K- pi+                  :   224 / 230 = 97.39%
 --- D0 -> K- pi+ pi0              :     1 / 230 =  0.43%
 --- D0 -> pi- nu_mu mu+           :     1 / 230 =  0.43%
 --- D0 -> rho+ pi-                :     1 / 230 =  0.43%
 --- D0 -> rho- pi+                :     1 / 230 =  0.43%
 -- bkg / total:      6 / 230 = ( 2.61 + 1.27 - 0.86)%
 -- sig / total:    224 / 230 = (97.39 + 0.86 - 1.27)%

 -- eta bin 1
 --- D0 -> K- pi+                  :   549 / 553 = 99.28%
 --- D0 -> pi+ pi-                 :     1 / 553 =  0.18%
 --- D0 -> pi- nu_mu mu+           :     2 / 553 =  0.36%
 --- D0 -> rho- pi+                :     1 / 553 =  0.18%
 -- bkg / total:      4 / 553 = ( 0.72 + 0.46 - 0.28)%
 -- sig / total:    549 / 553 = (99.28 + 0.28 - 0.46)%

