INFO Using Run 2 Angular Analysis cuts
INFO Output will be saved in ./gen/rdx-26_04_13_08_57-d0_bkg_decays_run2ang/d0_bkg_constraints_run2ang.yml
INFO Producing iso_ctrl constraints
INFO Opening MC files: ntuples/0.9.19-run2ang_noDLLmu/d0_bkg-mb-misid_corrections-k/Dst_ANNK--26_02_10--mc--10000000--201*.root
INFO Opened MC files:
  - ntuples/0.9.19-run2ang_noDLLmu/d0_bkg-mb-misid_corrections-k/Dst_ANNK--26_02_10--mc--10000000--2016--md.root
  - ntuples/0.9.19-run2ang_noDLLmu/d0_bkg-mb-misid_corrections-k/Dst_ANNK--26_02_10--mc--10000000--2016--mu.root
  - ntuples/0.9.19-run2ang_noDLLmu/d0_bkg-mb-misid_corrections-k/Dst_ANNK--26_02_10--mc--10000000--2017--md.root
  - ntuples/0.9.19-run2ang_noDLLmu/d0_bkg-mb-misid_corrections-k/Dst_ANNK--26_02_10--mc--10000000--2017--mu.root
  - ntuples/0.9.19-run2ang_noDLLmu/d0_bkg-mb-misid_corrections-k/Dst_ANNK--26_02_10--mc--10000000--2018--md.root
  - ntuples/0.9.19-run2ang_noDLLmu/d0_bkg-mb-misid_corrections-k/Dst_ANNK--26_02_10--mc--10000000--2018--mu.root
INFO Starting MC event loop over 1328796 entries
INFO Opening MC files: ntuples/0.9.19-run2ang_noDLLmu/d0_bkg-mb-misid_corrections-pi/Dst_ANNPi--26_02_10--mc--10000000--201*.root
INFO Opened MC files:
  - ntuples/0.9.19-run2ang_noDLLmu/d0_bkg-mb-misid_corrections-pi/Dst_ANNPi--26_02_10--mc--10000000--2016--md.root
  - ntuples/0.9.19-run2ang_noDLLmu/d0_bkg-mb-misid_corrections-pi/Dst_ANNPi--26_02_10--mc--10000000--2016--mu.root
  - ntuples/0.9.19-run2ang_noDLLmu/d0_bkg-mb-misid_corrections-pi/Dst_ANNPi--26_02_10--mc--10000000--2017--md.root
  - ntuples/0.9.19-run2ang_noDLLmu/d0_bkg-mb-misid_corrections-pi/Dst_ANNPi--26_02_10--mc--10000000--2017--mu.root
  - ntuples/0.9.19-run2ang_noDLLmu/d0_bkg-mb-misid_corrections-pi/Dst_ANNPi--26_02_10--mc--10000000--2018--md.root
  - ntuples/0.9.19-run2ang_noDLLmu/d0_bkg-mb-misid_corrections-pi/Dst_ANNPi--26_02_10--mc--10000000--2018--mu.root
INFO Starting MC event loop over 1328796 entries

INFO Printing failed counts for pi
 - p bin 0
 -- eta bin 0
 --- D0 -> K- nu_e e+              :   121 / 77051 =  0.16%
 --- D0 -> K- nu_mu mu+            :     6 / 77051 =  0.01%
 --- D0 -> K- pi+                  : 76781 / 77051 = 99.65%
 --- D0 -> K- pi+ pi+ pi-          :     1 / 77051 =  0.00%
 --- D0 -> K- pi+ pi0              :     8 / 77051 =  0.01%
 --- D0 -> K_S0 omega              :     1 / 77051 =  0.00%
 --- D0 -> K_S0 pi+ pi-            :     1 / 77051 =  0.00%
 --- D0 -> pi+ pi-                 :   102 / 77051 =  0.13%
 --- D0 -> pi- nu_e e+             :    23 / 77051 =  0.03%
 --- D0 -> pi- nu_mu mu+           :     3 / 77051 =  0.00%
 --- D0 -> rho- pi+                :     4 / 77051 =  0.01%
 -- bkg / total:    270 / 77051 = ( 0.35 + 0.02 - 0.02)%
 -- sig / total:  76781 / 77051 = (99.65 + 0.02 - 0.02)%

 -- eta bin 1
 --- D0 -> K- nu_e e+              :     2 / 1763 =  0.11%
 --- D0 -> K- pi+                  :  1754 / 1763 = 99.49%
 --- D0 -> pi+ pi-                 :     7 / 1763 =  0.40%
 -- bkg / total:      9 / 1763 = ( 0.51 + 0.20 - 0.14)%
 -- sig / total:   1754 / 1763 = (99.49 + 0.14 - 0.20)%

 - p bin 1
 -- eta bin 0
 --- D0 -> K+ pi-                  :     1 / 116811 =  0.00%
 --- D0 -> K- nu_e e+              :    56 / 116811 =  0.05%
 --- D0 -> K- nu_mu mu+            :     6 / 116811 =  0.01%
 --- D0 -> K- pi+                  : 116549 / 116811 = 99.78%
 --- D0 -> K- pi+ pi0              :     8 / 116811 =  0.01%
 --- D0 -> pi+ pi-                 :   113 / 116811 =  0.10%
 --- D0 -> pi+ pi- K_L0            :     1 / 116811 =  0.00%
 --- D0 -> pi- nu_e e+             :    26 / 116811 =  0.02%
 --- D0 -> pi- nu_mu mu+           :     3 / 116811 =  0.00%
 --- D0 -> rho+ pi-                :    29 / 116811 =  0.02%
 --- D0 -> rho- pi+                :    19 / 116811 =  0.02%
 -- bkg / total:    262 / 116811 = ( 0.22 + 0.01 - 0.01)%
 -- sig / total: 116549 / 116811 = (99.78 + 0.01 - 0.01)%

 -- eta bin 1
 --- D0 -> K- nu_e e+              :     6 / 17657 =  0.03%
 --- D0 -> K- nu_mu mu+            :     1 / 17657 =  0.01%
 --- D0 -> K- pi+                  : 17611 / 17657 = 99.74%
 --- D0 -> K- pi+ pi0              :     4 / 17657 =  0.02%
 --- D0 -> pi+ pi-                 :    28 / 17657 =  0.16%
 --- D0 -> pi- nu_e e+             :     2 / 17657 =  0.01%
 --- D0 -> pi- nu_mu mu+           :     1 / 17657 =  0.01%
 --- D0 -> rho+ pi-                :     2 / 17657 =  0.01%
 --- D0 -> rho- pi+                :     2 / 17657 =  0.01%
 -- bkg / total:     46 / 17657 = ( 0.26 + 0.04 - 0.04)%
 -- sig / total:  17611 / 17657 = (99.74 + 0.04 - 0.04)%

 - p bin 2
 -- eta bin 0
 --- D0 -> K+ K-                   :     5 / 134042 =  0.00%
 --- D0 -> K+ K- K_L0              :     1 / 134042 =  0.00%
 --- D0 -> K+ pi-                  :     6 / 134042 =  0.00%
 --- D0 -> K+ pi- pi0              :     2 / 134042 =  0.00%
 --- D0 -> K- nu_e e+              :    31 / 134042 =  0.02%
 --- D0 -> K- nu_mu mu+            :     6 / 134042 =  0.00%
 --- D0 -> K- pi+                  : 132853 / 134042 = 99.11%
 --- D0 -> K- pi+ pi0              :     8 / 134042 =  0.01%
 --- D0 -> K_S0 pi+ pi-            :     8 / 134042 =  0.01%
 --- D0 -> pi+ pi+ pi- pi-         :     2 / 134042 =  0.00%
 --- D0 -> pi+ pi-                 :   107 / 134042 =  0.08%
 --- D0 -> pi+ pi- K_L0            :    11 / 134042 =  0.01%
 --- D0 -> pi+ pi- pi0             :    25 / 134042 =  0.02%
 --- D0 -> pi- nu_e e+             :    43 / 134042 =  0.03%
 --- D0 -> pi- nu_mu mu+           :     3 / 134042 =  0.00%
 --- D0 -> rho+ pi-                :   479 / 134042 =  0.36%
 --- D0 -> rho- pi+                :   452 / 134042 =  0.34%
 -- bkg / total:   1189 / 134042 = ( 0.89 + 0.03 - 0.03)%
 -- sig / total: 132853 / 134042 = (99.11 + 0.03 - 0.03)%

 -- eta bin 1
 --- D0 -> K+ K-                   :     1 / 31859 =  0.00%
 --- D0 -> K- nu_e e+              :     7 / 31859 =  0.02%
 --- D0 -> K- pi+                  : 31727 / 31859 = 99.59%
 --- D0 -> K- pi+ pi0              :     7 / 31859 =  0.02%
 --- D0 -> pi+ pi-                 :    54 / 31859 =  0.17%
 --- D0 -> pi+ pi- K_L0            :     1 / 31859 =  0.00%
 --- D0 -> pi+ pi- pi0             :     1 / 31859 =  0.00%
 --- D0 -> pi- nu_e e+             :     4 / 31859 =  0.01%
 --- D0 -> pi- nu_mu mu+           :     2 / 31859 =  0.01%
 --- D0 -> rho+ pi-                :    30 / 31859 =  0.09%
 --- D0 -> rho- pi+                :    25 / 31859 =  0.08%
 -- bkg / total:    132 / 31859 = ( 0.41 + 0.04 - 0.03)%
 -- sig / total:  31727 / 31859 = (99.59 + 0.03 - 0.04)%

 - p bin 3
 -- eta bin 0
 --- D0 -> K*+ pi-                 :     7 / 205319 =  0.00%
 --- D0 -> K*- K+                  :     2 / 205319 =  0.00%
 --- D0 -> K*- pi+ pi0             :     4 / 205319 =  0.00%
 --- D0 -> K*- rho+                :    24 / 205319 =  0.01%
 --- D0 -> K*0 anti-K0             :     1 / 205319 =  0.00%
 --- D0 -> K+ K-                   :    45 / 205319 =  0.02%
 --- D0 -> K+ K- pi+ pi-           :     2 / 205319 =  0.00%
 --- D0 -> K+ K_S0 pi-             :    10 / 205319 =  0.00%
 --- D0 -> K+ pi+ pi- pi-          :     4 / 205319 =  0.00%
 --- D0 -> K+ pi-                  :     5 / 205319 =  0.00%
 --- D0 -> K+ pi- K_L0             :    11 / 205319 =  0.01%
 --- D0 -> K+ pi- pi0              :    21 / 205319 =  0.01%
 --- D0 -> K- eta pi+              :     1 / 205319 =  0.00%
 --- D0 -> K- nu_e e+              :    32 / 205319 =  0.02%
 --- D0 -> K- nu_mu mu+            :    11 / 205319 =  0.01%
 --- D0 -> K- pi+                  : 198953 / 205319 = 96.90%
 --- D0 -> K- pi+ pi+ pi-          :    10 / 205319 =  0.00%
 --- D0 -> K- pi+ pi0              :    10 / 205319 =  0.00%
 --- D0 -> K_1- pi+                :     9 / 205319 =  0.00%
 --- D0 -> K_S0 omega              :     1 / 205319 =  0.00%
 --- D0 -> K_S0 pi+ pi-            :   504 / 205319 =  0.25%
 --- D0 -> K_S0 pi+ pi- pi0        :    32 / 205319 =  0.02%
 --- D0 -> a_1+ K-                 :     1 / 205319 =  0.00%
 --- D0 -> anti-K*0 omega          :     2 / 205319 =  0.00%
 --- D0 -> anti-K*0 pi+ pi-        :    14 / 205319 =  0.01%
 --- D0 -> anti-K*0 rho0           :     1 / 205319 =  0.00%
 --- D0 -> eta pi+ pi-             :     5 / 205319 =  0.00%
 --- D0 -> omega pi+ pi-           :     3 / 205319 =  0.00%
 --- D0 -> phi pi+ pi-             :     1 / 205319 =  0.00%
 --- D0 -> pi+ pi+ pi- pi-         :    79 / 205319 =  0.04%
 --- D0 -> pi+ pi+ pi- pi- pi0     :     5 / 205319 =  0.00%
 --- D0 -> pi+ pi-                 :   118 / 205319 =  0.06%
 --- D0 -> pi+ pi- K_L0            :   440 / 205319 =  0.21%
 --- D0 -> pi+ pi- K_L0 pi0        :     5 / 205319 =  0.00%
 --- D0 -> pi+ pi- pi0             :   115 / 205319 =  0.06%
 --- D0 -> pi+ pi- pi0 pi0         :    29 / 205319 =  0.01%
 --- D0 -> pi+ pi- pi0 pi0 pi0     :     1 / 205319 =  0.00%
 --- D0 -> pi- nu_e e+             :   127 / 205319 =  0.06%
 --- D0 -> pi- nu_mu mu+           :    16 / 205319 =  0.01%
 --- D0 -> rho+ pi-                :  2472 / 205319 =  1.20%
 --- D0 -> rho- nu_e e+            :     1 / 205319 =  0.00%
 --- D0 -> rho- pi+                :  2115 / 205319 =  1.03%
 --- D0 -> rho0 pi0                :     4 / 205319 =  0.00%
 --- D0 -> rho0 rho0               :     8 / 205319 =  0.00%
 --- K*0 -> K+ pi-                 :     1 / 205319 =  0.00%
 --- K_1+ -> K+ pi+ pi-            :     1 / 205319 =  0.00%
 --- a_1+ -> pi+ rho0              :     3 / 205319 =  0.00%
 --- omega -> pi+ pi-              :     1 / 205319 =  0.00%
 --- rho0 -> pi+ pi-               :    52 / 205319 =  0.03%
 -- bkg / total:   6366 / 205319 = ( 3.10 + 0.04 - 0.04)%
 -- sig / total: 198953 / 205319 = (96.90 + 0.04 - 0.04)%

 -- eta bin 1
 --- D0 -> K*- rho+                :     5 / 65692 =  0.01%
 --- D0 -> K+ K-                   :     5 / 65692 =  0.01%
 --- D0 -> K+ K_S0 pi-             :     3 / 65692 =  0.00%
 --- D0 -> K+ pi-                  :     7 / 65692 =  0.01%
 --- D0 -> K+ pi- K_L0             :     1 / 65692 =  0.00%
 --- D0 -> K- nu_e e+              :     9 / 65692 =  0.01%
 --- D0 -> K- nu_mu mu+            :     8 / 65692 =  0.01%
 --- D0 -> K- pi+                  : 64745 / 65692 = 98.56%
 --- D0 -> K- pi+ pi+ pi-          :     1 / 65692 =  0.00%
 --- D0 -> K- pi+ pi0              :     6 / 65692 =  0.01%
 --- D0 -> K_1- pi+                :     5 / 65692 =  0.01%
 --- D0 -> K_S0 pi+ pi-            :    38 / 65692 =  0.06%
 --- D0 -> K_S0 pi+ pi- pi0        :     1 / 65692 =  0.00%
 --- D0 -> anti-K*0 pi+ pi-        :     1 / 65692 =  0.00%
 --- D0 -> pi+ pi+ pi- pi-         :     6 / 65692 =  0.01%
 --- D0 -> pi+ pi+ pi- pi- pi0     :     1 / 65692 =  0.00%
 --- D0 -> pi+ pi-                 :    93 / 65692 =  0.14%
 --- D0 -> pi+ pi- K_L0            :    38 / 65692 =  0.06%
 --- D0 -> pi+ pi- pi0             :    14 / 65692 =  0.02%
 --- D0 -> pi+ pi- pi0 pi0         :     2 / 65692 =  0.00%
 --- D0 -> pi- nu_e e+             :    22 / 65692 =  0.03%
 --- D0 -> pi- nu_mu mu+           :     2 / 65692 =  0.00%
 --- D0 -> rho+ pi-                :   347 / 65692 =  0.53%
 --- D0 -> rho- pi+                :   330 / 65692 =  0.50%
 --- rho0 -> pi+ pi-               :     2 / 65692 =  0.00%
 -- bkg / total:    947 / 65692 = ( 1.44 + 0.05 - 0.05)%
 -- sig / total:  64745 / 65692 = (98.56 + 0.05 - 0.05)%

 - p bin 4
 -- eta bin 0
 --- D0 -> K*+ pi-                 :    11 / 203074 =  0.01%
 --- D0 -> K*- K+                  :    11 / 203074 =  0.01%
 --- D0 -> K*- nu_e e+             :     7 / 203074 =  0.00%
 --- D0 -> K*- nu_mu mu+           :     1 / 203074 =  0.00%
 --- D0 -> K*- pi+ pi0             :    12 / 203074 =  0.01%
 --- D0 -> K*- rho+                :    78 / 203074 =  0.04%
 --- D0 -> K+ K-                   :    68 / 203074 =  0.03%
 --- D0 -> K+ K- K_S0              :     1 / 203074 =  0.00%
 --- D0 -> K+ K- pi+ pi-           :    14 / 203074 =  0.01%
 --- D0 -> K+ K- pi+ pi- pi0       :     3 / 203074 =  0.00%
 --- D0 -> K+ K- pi0 pi0           :     1 / 203074 =  0.00%
 --- D0 -> K+ K_S0 pi-             :    67 / 203074 =  0.03%
 --- D0 -> K+ pi+ pi- pi-          :     6 / 203074 =  0.00%
 --- D0 -> K+ pi-                  :     7 / 203074 =  0.00%
 --- D0 -> K+ pi- K_L0             :    69 / 203074 =  0.03%
 --- D0 -> K+ pi- pi0              :    30 / 203074 =  0.01%
 --- D0 -> K- K_S0 pi+             :     2 / 203074 =  0.00%
 --- D0 -> K- eta pi+              :     3 / 203074 =  0.00%
 --- D0 -> K- nu_e e+              :    15 / 203074 =  0.01%
 --- D0 -> K- nu_mu mu+            :     3 / 203074 =  0.00%
 --- D0 -> K- omega pi+            :     2 / 203074 =  0.00%
 --- D0 -> K- pi+                  : 193686 / 203074 = 95.38%
 --- D0 -> K- pi+ pi+ pi+ pi-      :     1 / 203074 =  0.00%
 --- D0 -> K- pi+ pi+ pi-          :    69 / 203074 =  0.03%
 --- D0 -> K- pi+ pi0              :    95 / 203074 =  0.05%
 --- D0 -> K- pi+ pi0 pi0 pi0      :     1 / 203074 =  0.00%
 --- D0 -> K- pi+ rho0             :     4 / 203074 =  0.00%
 --- D0 -> K- rho+ pi0             :     1 / 203074 =  0.00%
 --- D0 -> K_1- pi+                :    27 / 203074 =  0.01%
 --- D0 -> K_S0 omega              :     3 / 203074 =  0.00%
 --- D0 -> K_S0 pi+ pi+ pi- pi-    :     3 / 203074 =  0.00%
 --- D0 -> K_S0 pi+ pi-            :  1340 / 203074 =  0.66%
 --- D0 -> K_S0 pi+ pi- pi0        :   131 / 203074 =  0.06%
 --- D0 -> a_1+ K-                 :     1 / 203074 =  0.00%
 --- D0 -> anti-K*0 eta            :     3 / 203074 =  0.00%
 --- D0 -> anti-K*0 pi+ pi-        :    72 / 203074 =  0.04%
 --- D0 -> anti-K*0 pi+ pi- pi0    :     5 / 203074 =  0.00%
 --- D0 -> anti-K*0 rho0           :     3 / 203074 =  0.00%
 --- D0 -> anti-K0 pi- nu_e e+     :     1 / 203074 =  0.00%
 --- D0 -> anti-K_10 pi0           :     1 / 203074 =  0.00%
 --- D0 -> eta eta                 :     1 / 203074 =  0.00%
 --- D0 -> eta pi+ pi-             :    17 / 203074 =  0.01%
 --- D0 -> eta' K_S0               :     1 / 203074 =  0.00%
 --- D0 -> eta' pi+ pi-            :     2 / 203074 =  0.00%
 --- D0 -> omega pi+ pi-           :    11 / 203074 =  0.01%
 --- D0 -> phi pi+ pi-             :     2 / 203074 =  0.00%
 --- D0 -> pi+ pi+ pi+ pi- pi-     :     5 / 203074 =  0.00%
 --- D0 -> pi+ pi+ pi- pi-         :   241 / 203074 =  0.12%
 --- D0 -> pi+ pi+ pi- pi- K_L0    :     2 / 203074 =  0.00%
 --- D0 -> pi+ pi+ pi- pi- pi0     :    10 / 203074 =  0.00%
 --- D0 -> pi+ pi-                 :    46 / 203074 =  0.02%
 --- D0 -> pi+ pi- K_L0            :  1185 / 203074 =  0.58%
 --- D0 -> pi+ pi- K_L0 pi0        :    15 / 203074 =  0.01%
 --- D0 -> pi+ pi- pi0             :   124 / 203074 =  0.06%
 --- D0 -> pi+ pi- pi0 pi0         :   104 / 203074 =  0.05%
 --- D0 -> pi+ pi- pi0 pi0 pi0     :    15 / 203074 =  0.01%
 --- D0 -> pi- nu_e e+             :   118 / 203074 =  0.06%
 --- D0 -> pi- nu_mu mu+           :    10 / 203074 =  0.00%
 --- D0 -> rho+ pi-                :  2608 / 203074 =  1.28%
 --- D0 -> rho- nu_e e+            :     2 / 203074 =  0.00%
 --- D0 -> rho- pi+                :  2175 / 203074 =  1.07%
 --- D0 -> rho0 pi0                :     6 / 203074 =  0.00%
 --- D0 -> rho0 rho0               :    21 / 203074 =  0.01%
 --- K*+ -> K0 pi+                 :     2 / 203074 =  0.00%
 --- K*0 -> K+ pi-                 :     8 / 203074 =  0.00%
 --- K_10 -> K0 pi+ pi-            :     1 / 203074 =  0.00%
 --- K_2*+ -> K*0 pi+              :     1 / 203074 =  0.00%
 --- a_1+ -> pi+ rho0              :    13 / 203074 =  0.01%
 --- a_1+ -> rho+ pi0              :     8 / 203074 =  0.00%
 --- eta' -> pi+ pi- pi0           :     1 / 203074 =  0.00%
 --- eta' -> rho0                  :     1 / 203074 =  0.00%
 --- omega -> pi+ pi-              :    10 / 203074 =  0.00%
 --- phi -> rho+ pi-               :     1 / 203074 =  0.00%
 --- rho+ -> pi+ pi0               :    16 / 203074 =  0.01%
 --- rho0 -> pi+ pi-               :   433 / 203074 =  0.21%
 -- bkg / total:   9388 / 203074 = ( 4.62 + 0.05 - 0.05)%
 -- sig / total: 193686 / 203074 = (95.38 + 0.05 - 0.05)%

 -- eta bin 1
 --- D0 -> K*+ pi-                 :     6 / 156447 =  0.00%
 --- D0 -> K*- K+                  :    11 / 156447 =  0.01%
 --- D0 -> K*- nu_e e+             :     2 / 156447 =  0.00%
 --- D0 -> K*- pi+ pi0             :    11 / 156447 =  0.01%
 --- D0 -> K*- rho+                :    49 / 156447 =  0.03%
 --- D0 -> K+ K-                   :    38 / 156447 =  0.02%
 --- D0 -> K+ K- pi+ pi-           :     5 / 156447 =  0.00%
 --- D0 -> K+ K- pi+ pi- pi0       :     1 / 156447 =  0.00%
 --- D0 -> K+ K_S0 pi-             :    36 / 156447 =  0.02%
 --- D0 -> K+ pi+ pi- pi-          :     3 / 156447 =  0.00%
 --- D0 -> K+ pi-                  :    13 / 156447 =  0.01%
 --- D0 -> K+ pi- K_L0             :    35 / 156447 =  0.02%
 --- D0 -> K+ pi- pi0              :    20 / 156447 =  0.01%
 --- D0 -> K- eta pi+              :     3 / 156447 =  0.00%
 --- D0 -> K- nu_e e+              :    15 / 156447 =  0.01%
 --- D0 -> K- nu_mu mu+            :     3 / 156447 =  0.00%
 --- D0 -> K- omega pi+            :     1 / 156447 =  0.00%
 --- D0 -> K- pi+                  : 150185 / 156447 = 96.00%
 --- D0 -> K- pi+ pi+ pi-          :    29 / 156447 =  0.02%
 --- D0 -> K- pi+ pi0              :    42 / 156447 =  0.03%
 --- D0 -> K- pi+ rho0             :     1 / 156447 =  0.00%
 --- D0 -> K- rho+ pi0             :     1 / 156447 =  0.00%
 --- D0 -> K0 anti-K0 pi0 pi0      :     1 / 156447 =  0.00%
 --- D0 -> K_1- pi+                :    28 / 156447 =  0.02%
 --- D0 -> K_S0 omega              :     2 / 156447 =  0.00%
 --- D0 -> K_S0 pi+ pi-            :   781 / 156447 =  0.50%
 --- D0 -> K_S0 pi+ pi- pi0        :    90 / 156447 =  0.06%
 --- D0 -> a_1+ K-                 :     1 / 156447 =  0.00%
 --- D0 -> anti-K*0 pi+ pi-        :    32 / 156447 =  0.02%
 --- D0 -> anti-K*0 pi+ pi- pi0    :     1 / 156447 =  0.00%
 --- D0 -> anti-K*0 pi0 pi0        :     1 / 156447 =  0.00%
 --- D0 -> anti-K*0 rho0           :     4 / 156447 =  0.00%
 --- D0 -> eta pi+ pi-             :     8 / 156447 =  0.01%
 --- D0 -> eta' eta                :     1 / 156447 =  0.00%
 --- D0 -> eta' pi+ pi-            :     3 / 156447 =  0.00%
 --- D0 -> omega pi+ pi-           :    12 / 156447 =  0.01%
 --- D0 -> phi K_S0                :     1 / 156447 =  0.00%
 --- D0 -> pi+ pi+ pi- pi-         :   153 / 156447 =  0.10%
 --- D0 -> pi+ pi+ pi- pi- K_L0    :     2 / 156447 =  0.00%
 --- D0 -> pi+ pi+ pi- pi- pi0     :     8 / 156447 =  0.01%
 --- D0 -> pi+ pi-                 :    82 / 156447 =  0.05%
 --- D0 -> pi+ pi- K_L0            :   736 / 156447 =  0.47%
 --- D0 -> pi+ pi- K_L0 pi0        :    11 / 156447 =  0.01%
 --- D0 -> pi+ pi- pi0             :   113 / 156447 =  0.07%
 --- D0 -> pi+ pi- pi0 pi0         :    63 / 156447 =  0.04%
 --- D0 -> pi+ pi- pi0 pi0 pi0     :     8 / 156447 =  0.01%
 --- D0 -> pi- nu_e e+             :    91 / 156447 =  0.06%
 --- D0 -> pi- nu_mu mu+           :    12 / 156447 =  0.01%
 --- D0 -> rho+ pi-                :  1816 / 156447 =  1.16%
 --- D0 -> rho- nu_e e+            :     1 / 156447 =  0.00%
 --- D0 -> rho- nu_mu mu+          :     1 / 156447 =  0.00%
 --- D0 -> rho- pi+                :  1593 / 156447 =  1.02%
 --- D0 -> rho0 pi0                :     4 / 156447 =  0.00%
 --- D0 -> rho0 rho0               :    19 / 156447 =  0.01%
 --- K*+ -> K0 pi+                 :     1 / 156447 =  0.00%
 --- K*0 -> K+ pi-                 :     3 / 156447 =  0.00%
 --- K_10 -> K0 pi+ pi-            :     1 / 156447 =  0.00%
 --- a_1+ -> pi+ rho0              :     6 / 156447 =  0.00%
 --- a_1+ -> rho+ pi0              :     1 / 156447 =  0.00%
 --- omega -> pi+ pi-              :     4 / 156447 =  0.00%
 --- phi -> rho+ pi-               :     2 / 156447 =  0.00%
 --- rho+ -> pi+ pi0               :     6 / 156447 =  0.00%
 --- rho0 -> pi+ pi-               :   234 / 156447 =  0.15%
 -- bkg / total:   6262 / 156447 = ( 4.00 + 0.05 - 0.05)%
 -- sig / total: 150185 / 156447 = (96.00 + 0.05 - 0.05)%

 - p bin 5
 -- eta bin 0
 --- D0 -> K*+ pi-                 :     1 / 30324 =  0.00%
 --- D0 -> K*- K+                  :     1 / 30324 =  0.00%
 --- D0 -> K*- pi+ pi0             :     1 / 30324 =  0.00%
 --- D0 -> K*- rho+                :    15 / 30324 =  0.05%
 --- D0 -> K+ K-                   :    15 / 30324 =  0.05%
 --- D0 -> K+ K- pi+ pi-           :     3 / 30324 =  0.01%
 --- D0 -> K+ K- pi+ pi- pi0       :     1 / 30324 =  0.00%
 --- D0 -> K+ K_S0 pi-             :    16 / 30324 =  0.05%
 --- D0 -> K+ pi+ pi- pi-          :     3 / 30324 =  0.01%
 --- D0 -> K+ pi-                  :     1 / 30324 =  0.00%
 --- D0 -> K+ pi- K_L0             :    17 / 30324 =  0.06%
 --- D0 -> K+ pi- pi0              :    10 / 30324 =  0.03%
 --- D0 -> K- nu_e e+              :     3 / 30324 =  0.01%
 --- D0 -> K- nu_mu mu+            :     1 / 30324 =  0.00%
 --- D0 -> K- pi+                  : 28909 / 30324 = 95.33%
 --- D0 -> K- pi+ pi+ pi-          :     5 / 30324 =  0.02%
 --- D0 -> K- pi+ pi0              :    35 / 30324 =  0.12%
 --- D0 -> K- rho+ pi0             :     1 / 30324 =  0.00%
 --- D0 -> K_1- pi+                :     5 / 30324 =  0.02%
 --- D0 -> K_S0 pi+ pi-            :   227 / 30324 =  0.75%
 --- D0 -> K_S0 pi+ pi- pi0        :    22 / 30324 =  0.07%
 --- D0 -> a_1+ K-                 :     1 / 30324 =  0.00%
 --- D0 -> anti-K*0                :     1 / 30324 =  0.00%
 --- D0 -> anti-K*0 pi+ pi-        :     9 / 30324 =  0.03%
 --- D0 -> anti-K*0 pi+ pi- pi0    :     1 / 30324 =  0.00%
 --- D0 -> anti-K*0 rho0           :     2 / 30324 =  0.01%
 --- D0 -> anti-K0 pi- nu_e e+     :     1 / 30324 =  0.00%
 --- D0 -> eta pi+ pi-             :     4 / 30324 =  0.01%
 --- D0 -> eta' pi0                :     1 / 30324 =  0.00%
 --- D0 -> omega pi+ pi-           :     3 / 30324 =  0.01%
 --- D0 -> pi+ pi+ pi- pi-         :    38 / 30324 =  0.13%
 --- D0 -> pi+ pi+ pi- pi- pi0     :     1 / 30324 =  0.00%
 --- D0 -> pi+ pi-                 :     6 / 30324 =  0.02%
 --- D0 -> pi+ pi- K_L0            :   185 / 30324 =  0.61%
 --- D0 -> pi+ pi- K_L0 pi0        :     3 / 30324 =  0.01%
 --- D0 -> pi+ pi- pi0             :    16 / 30324 =  0.05%
 --- D0 -> pi+ pi- pi0 pi0         :    22 / 30324 =  0.07%
 --- D0 -> pi+ pi- pi0 pi0 pi0     :     1 / 30324 =  0.00%
 --- D0 -> pi- nu_e e+             :    15 / 30324 =  0.05%
 --- D0 -> pi- nu_mu mu+           :     6 / 30324 =  0.02%
 --- D0 -> rho+ pi-                :   325 / 30324 =  1.07%
 --- D0 -> rho- pi+                :   283 / 30324 =  0.93%
 --- D0 -> rho0 pi0                :     1 / 30324 =  0.00%
 --- D0 -> rho0 rho0               :     2 / 30324 =  0.01%
 --- K*0 -> K+ pi-                 :     1 / 30324 =  0.00%
 --- K_1+ -> K*0 pi+               :     1 / 30324 =  0.00%
 --- a_1+ -> pi+ rho0              :     1 / 30324 =  0.00%
 --- a_1+ -> rho+ pi0              :     1 / 30324 =  0.00%
 --- omega -> pi+ pi-              :     6 / 30324 =  0.02%
 --- omega -> pi+ pi- pi0          :     1 / 30324 =  0.00%
 --- rho+ -> pi+ pi0               :     4 / 30324 =  0.01%
 --- rho0 -> pi+ pi-               :    90 / 30324 =  0.30%
 -- bkg / total:   1415 / 30324 = ( 4.67 + 0.12 - 0.12)%
 -- sig / total:  28909 / 30324 = (95.33 + 0.12 - 0.12)%

 -- eta bin 1
 --- D0 -> K*+ pi-                 :     4 / 77073 =  0.01%
 --- D0 -> K*- K+                  :    10 / 77073 =  0.01%
 --- D0 -> K*- nu_e e+             :     2 / 77073 =  0.00%
 --- D0 -> K*- pi+ pi0             :     4 / 77073 =  0.01%
 --- D0 -> K*- rho+                :    48 / 77073 =  0.06%
 --- D0 -> K+ K-                   :    30 / 77073 =  0.04%
 --- D0 -> K+ K- pi+ pi-           :     7 / 77073 =  0.01%
 --- D0 -> K+ K- pi0               :     1 / 77073 =  0.00%
 --- D0 -> K+ K_S0 pi-             :    26 / 77073 =  0.03%
 --- D0 -> K+ pi+ pi- pi-          :     1 / 77073 =  0.00%
 --- D0 -> K+ pi-                  :     3 / 77073 =  0.00%
 --- D0 -> K+ pi- K_L0             :    32 / 77073 =  0.04%
 --- D0 -> K+ pi- pi0              :    10 / 77073 =  0.01%
 --- D0 -> K- eta pi+              :     2 / 77073 =  0.00%
 --- D0 -> K- nu_e e+              :     3 / 77073 =  0.00%
 --- D0 -> K- nu_mu mu+            :     2 / 77073 =  0.00%
 --- D0 -> K- omega pi+            :     1 / 77073 =  0.00%
 --- D0 -> K- pi+                  : 73343 / 77073 = 95.16%
 --- D0 -> K- pi+ pi+ pi-          :    28 / 77073 =  0.04%
 --- D0 -> K- pi+ pi0              :    50 / 77073 =  0.06%
 --- D0 -> K- rho+ pi0             :     1 / 77073 =  0.00%
 --- D0 -> K_1- pi+                :    12 / 77073 =  0.02%
 --- D0 -> K_S0 omega              :     4 / 77073 =  0.01%
 --- D0 -> K_S0 pi+ pi+ pi- pi-    :     2 / 77073 =  0.00%
 --- D0 -> K_S0 pi+ pi-            :   569 / 77073 =  0.74%
 --- D0 -> K_S0 pi+ pi- pi0        :    52 / 77073 =  0.07%
 --- D0 -> anti-K*0                :     1 / 77073 =  0.00%
 --- D0 -> anti-K*0 omega          :     1 / 77073 =  0.00%
 --- D0 -> anti-K*0 pi+ pi-        :    25 / 77073 =  0.03%
 --- D0 -> anti-K*0 pi+ pi- pi0    :     2 / 77073 =  0.00%
 --- D0 -> anti-K*0 pi0            :     1 / 77073 =  0.00%
 --- D0 -> eta pi+ pi-             :    15 / 77073 =  0.02%
 --- D0 -> eta' K_S0               :     1 / 77073 =  0.00%
 --- D0 -> eta' pi+ pi-            :     2 / 77073 =  0.00%
 --- D0 -> omega pi+ pi-           :     4 / 77073 =  0.01%
 --- D0 -> pi+ pi+ pi+ pi- pi-     :     1 / 77073 =  0.00%
 --- D0 -> pi+ pi+ pi- pi-         :    96 / 77073 =  0.12%
 --- D0 -> pi+ pi+ pi- pi- pi-     :     1 / 77073 =  0.00%
 --- D0 -> pi+ pi+ pi- pi- pi0     :     4 / 77073 =  0.01%
 --- D0 -> pi+ pi-                 :    23 / 77073 =  0.03%
 --- D0 -> pi+ pi- K_L0            :   522 / 77073 =  0.68%
 --- D0 -> pi+ pi- K_L0 pi0        :    11 / 77073 =  0.01%
 --- D0 -> pi+ pi- pi0             :    48 / 77073 =  0.06%
 --- D0 -> pi+ pi- pi0 pi0         :    46 / 77073 =  0.06%
 --- D0 -> pi+ pi- pi0 pi0 pi0     :     4 / 77073 =  0.01%
 --- D0 -> pi- nu_e e+             :    40 / 77073 =  0.05%
 --- D0 -> pi- nu_mu mu+           :     6 / 77073 =  0.01%
 --- D0 -> rho+ pi-                :   957 / 77073 =  1.24%
 --- D0 -> rho- pi+                :   798 / 77073 =  1.04%
 --- D0 -> rho0 pi0                :     6 / 77073 =  0.01%
 --- D0 -> rho0 rho0               :    10 / 77073 =  0.01%
 --- K*+ -> K+ pi0                 :     1 / 77073 =  0.00%
 --- K*+ -> K0 pi+                 :     1 / 77073 =  0.00%
 --- K*0 -> K+ pi-                 :     1 / 77073 =  0.00%
 --- K_1+ -> K+ pi+ pi-            :     1 / 77073 =  0.00%
 --- a_1+ -> pi+ rho0              :     2 / 77073 =  0.00%
 --- a_1+ -> rho+ pi0              :     5 / 77073 =  0.01%
 --- omega -> pi+ pi-              :     2 / 77073 =  0.00%
 --- omega -> pi+ pi- pi0          :     1 / 77073 =  0.00%
 --- phi -> rho+ pi-               :     1 / 77073 =  0.00%
 --- rho+ -> pi+ pi0               :     4 / 77073 =  0.01%
 --- rho0 -> pi+ pi-               :   182 / 77073 =  0.24%
 -- bkg / total:   3730 / 77073 = ( 4.84 + 0.08 - 0.08)%
 -- sig / total:  73343 / 77073 = (95.16 + 0.08 - 0.08)%


INFO Printing failed counts for k
 - p bin 0
 -- eta bin 0
 --- D0 -> K*+ pi-                 :     2 / 43822 =  0.00%
 --- D0 -> K*- K+                  :    10 / 43822 =  0.02%
 --- D0 -> K*- nu_e e+             :     3 / 43822 =  0.01%
 --- D0 -> K*- nu_mu mu+           :    26 / 43822 =  0.06%
 --- D0 -> K*- pi+ pi0             :    14 / 43822 =  0.03%
 --- D0 -> K*- rho+                :    97 / 43822 =  0.22%
 --- D0 -> K*0 anti-K0             :     1 / 43822 =  0.00%
 --- D0 -> K+ K-                   :    19 / 43822 =  0.04%
 --- D0 -> K+ K- K_L0              :     1 / 43822 =  0.00%
 --- D0 -> K+ K- pi+ pi-           :    12 / 43822 =  0.03%
 --- D0 -> K+ K- pi+ pi- pi0       :     1 / 43822 =  0.00%
 --- D0 -> K+ K_S0 pi-             :    72 / 43822 =  0.16%
 --- D0 -> K+ pi+ pi- pi-          :     9 / 43822 =  0.02%
 --- D0 -> K+ pi- K_L0             :    69 / 43822 =  0.16%
 --- D0 -> K+ pi- pi0              :    17 / 43822 =  0.04%
 --- D0 -> K- K_S0 pi+             :     1 / 43822 =  0.00%
 --- D0 -> K- eta pi+              :     4 / 43822 =  0.01%
 --- D0 -> K- nu_e e+              :     2 / 43822 =  0.00%
 --- D0 -> K- nu_mu mu+            :    24 / 43822 =  0.05%
 --- D0 -> K- omega pi+            :     3 / 43822 =  0.01%
 --- D0 -> K- pi+                  : 38158 / 43822 = 87.07%
 --- D0 -> K- pi+ pi+ pi+ pi-      :     1 / 43822 =  0.00%
 --- D0 -> K- pi+ pi+ pi-          :    54 / 43822 =  0.12%
 --- D0 -> K- pi+ pi0              :    82 / 43822 =  0.19%
 --- D0 -> K- pi+ rho0             :     4 / 43822 =  0.01%
 --- D0 -> K- rho+ pi0             :     4 / 43822 =  0.01%
 --- D0 -> K0 anti-K0 pi0 pi0      :     1 / 43822 =  0.00%
 --- D0 -> K_1- pi+                :    39 / 43822 =  0.09%
 --- D0 -> K_S0 omega              :     4 / 43822 =  0.01%
 --- D0 -> K_S0 pi+ pi+ pi- pi-    :     2 / 43822 =  0.00%
 --- D0 -> K_S0 pi+ pi-            :  1393 / 43822 =  3.18%
 --- D0 -> K_S0 pi+ pi- pi0        :   152 / 43822 =  0.35%
 --- D0 -> a_1+ K-                 :     1 / 43822 =  0.00%
 --- D0 -> anti-K*0 eta            :     2 / 43822 =  0.00%
 --- D0 -> anti-K*0 pi+ pi-        :    79 / 43822 =  0.18%
 --- D0 -> anti-K*0 pi+ pi- pi0    :     3 / 43822 =  0.01%
 --- D0 -> anti-K*0 rho0           :     4 / 43822 =  0.01%
 --- D0 -> anti-K0 pi- nu_e e+     :     1 / 43822 =  0.00%
 --- D0 -> anti-K0 pi- nu_mu mu+   :     5 / 43822 =  0.01%
 --- D0 -> eta eta                 :     1 / 43822 =  0.00%
 --- D0 -> eta pi+ pi-             :    22 / 43822 =  0.05%
 --- D0 -> eta' eta                :     1 / 43822 =  0.00%
 --- D0 -> eta' pi+ pi-            :     3 / 43822 =  0.01%
 --- D0 -> omega pi+ pi-           :    14 / 43822 =  0.03%
 --- D0 -> phi K_S0                :     1 / 43822 =  0.00%
 --- D0 -> pi+ pi+ pi+ pi- pi-     :     4 / 43822 =  0.01%
 --- D0 -> pi+ pi+ pi- pi-         :   253 / 43822 =  0.58%
 --- D0 -> pi+ pi+ pi- pi- K_L0    :     3 / 43822 =  0.01%
 --- D0 -> pi+ pi+ pi- pi- pi-     :     2 / 43822 =  0.00%
 --- D0 -> pi+ pi+ pi- pi- pi0     :    13 / 43822 =  0.03%
 --- D0 -> pi+ pi-                 :     5 / 43822 =  0.01%
 --- D0 -> pi+ pi- K_L0            :  1240 / 43822 =  2.83%
 --- D0 -> pi+ pi- K_L0 pi0        :    20 / 43822 =  0.05%
 --- D0 -> pi+ pi- pi0             :    64 / 43822 =  0.15%
 --- D0 -> pi+ pi- pi0 pi0         :    97 / 43822 =  0.22%
 --- D0 -> pi+ pi- pi0 pi0 pi0     :    11 / 43822 =  0.03%
 --- D0 -> pi- nu_e e+             :    72 / 43822 =  0.16%
 --- D0 -> pi- nu_mu mu+           :   111 / 43822 =  0.25%
 --- D0 -> rho+ pi-                :   465 / 43822 =  1.06%
 --- D0 -> rho- nu_e e+            :     1 / 43822 =  0.00%
 --- D0 -> rho- nu_mu mu+          :     9 / 43822 =  0.02%
 --- D0 -> rho- pi+                :   491 / 43822 =  1.12%
 --- D0 -> rho0 pi0                :    10 / 43822 =  0.02%
 --- D0 -> rho0 rho0               :    27 / 43822 =  0.06%
 --- K*+ -> K0 pi+                 :     2 / 43822 =  0.00%
 --- K*0 -> K+ pi-                 :     5 / 43822 =  0.01%
 --- K_1+ -> K*0 pi+               :     1 / 43822 =  0.00%
 --- K_10 -> K0 pi+ pi-            :     1 / 43822 =  0.00%
 --- a_1+ -> pi+ rho0              :     7 / 43822 =  0.02%
 --- a_1+ -> rho+ pi0              :     7 / 43822 =  0.02%
 --- eta' -> pi+ pi- pi0           :     1 / 43822 =  0.00%
 --- eta' -> rho0                  :     1 / 43822 =  0.00%
 --- omega -> pi+ pi-              :    12 / 43822 =  0.03%
 --- omega -> pi+ pi- pi0          :     1 / 43822 =  0.00%
 --- phi -> rho+ pi-               :     1 / 43822 =  0.00%
 --- rho+ -> pi+ pi0               :    14 / 43822 =  0.03%
 --- rho0 -> pi+ pi-               :   453 / 43822 =  1.03%
 -- bkg / total:   5664 / 43822 = (12.93 + 0.16 - 0.16)%
 -- sig / total:  38158 / 43822 = (87.07 + 0.16 - 0.16)%

 -- eta bin 1
 --- D0 -> K*- K+                  :     1 / 1760 =  0.06%
 --- D0 -> K*- pi+ pi0             :     3 / 1760 =  0.17%
 --- D0 -> K*- rho+                :     8 / 1760 =  0.45%
 --- D0 -> K+ K- pi+ pi-           :     3 / 1760 =  0.17%
 --- D0 -> K+ K_S0 pi-             :     5 / 1760 =  0.28%
 --- D0 -> K+ pi- K_L0             :     1 / 1760 =  0.06%
 --- D0 -> K- pi+                  :  1509 / 1760 = 85.74%
 --- D0 -> K- pi+ pi+ pi-          :     7 / 1760 =  0.40%
 --- D0 -> K- pi+ pi0              :     5 / 1760 =  0.28%
 --- D0 -> K- rho+ pi0             :     1 / 1760 =  0.06%
 --- D0 -> K_1- pi+                :     4 / 1760 =  0.23%
 --- D0 -> K_S0 omega              :     1 / 1760 =  0.06%
 --- D0 -> K_S0 pi+ pi+ pi- pi-    :     1 / 1760 =  0.06%
 --- D0 -> K_S0 pi+ pi-            :    55 / 1760 =  3.12%
 --- D0 -> K_S0 pi+ pi- pi0        :     8 / 1760 =  0.45%
 --- D0 -> anti-K*0 pi+ pi-        :     2 / 1760 =  0.11%
 --- D0 -> anti-K*0 pi+ pi- pi0    :     1 / 1760 =  0.06%
 --- D0 -> anti-K*0 rho0           :     1 / 1760 =  0.06%
 --- D0 -> eta pi+ pi-             :     3 / 1760 =  0.17%
 --- D0 -> pi+ pi+ pi+ pi- pi-     :     1 / 1760 =  0.06%
 --- D0 -> pi+ pi+ pi- pi-         :    12 / 1760 =  0.68%
 --- D0 -> pi+ pi- K_L0            :    26 / 1760 =  1.48%
 --- D0 -> pi+ pi- K_L0 pi0        :     2 / 1760 =  0.11%
 --- D0 -> pi+ pi- pi0             :     3 / 1760 =  0.17%
 --- D0 -> pi+ pi- pi0 pi0         :     6 / 1760 =  0.34%
 --- D0 -> pi+ pi- pi0 pi0 pi0     :     2 / 1760 =  0.11%
 --- D0 -> pi- nu_e e+             :     2 / 1760 =  0.11%
 --- D0 -> pi- nu_mu mu+           :     3 / 1760 =  0.17%
 --- D0 -> rho+ pi-                :    22 / 1760 =  1.25%
 --- D0 -> rho- pi+                :    19 / 1760 =  1.08%
 --- D0 -> rho0 pi0                :     2 / 1760 =  0.11%
 --- K*+ -> K+ pi0                 :     1 / 1760 =  0.06%
 --- a_1+ -> pi+ rho0              :     2 / 1760 =  0.11%
 --- a_1+ -> rho+ pi0              :     2 / 1760 =  0.11%
 --- rho+ -> pi+ pi0               :     1 / 1760 =  0.06%
 --- rho0 -> pi+ pi-               :    35 / 1760 =  1.99%
 -- bkg / total:    251 / 1760 = (14.26 + 0.85 - 0.81)%
 -- sig / total:   1509 / 1760 = (85.74 + 0.81 - 0.85)%

 - p bin 1
 -- eta bin 0
 --- D0 -> K*+ pi-                 :     8 / 98429 =  0.01%
 --- D0 -> K*- K+                  :     8 / 98429 =  0.01%
 --- D0 -> K*- nu_mu mu+           :     7 / 98429 =  0.01%
 --- D0 -> K*- pi+ pi0             :     4 / 98429 =  0.00%
 --- D0 -> K*- rho+                :    34 / 98429 =  0.03%
 --- D0 -> K+ K-                   :    35 / 98429 =  0.04%
 --- D0 -> K+ K- pi+ pi-           :     2 / 98429 =  0.00%
 --- D0 -> K+ K_S0 pi-             :    24 / 98429 =  0.02%
 --- D0 -> K+ pi+ pi- pi-          :     4 / 98429 =  0.00%
 --- D0 -> K+ pi- K_L0             :    31 / 98429 =  0.03%
 --- D0 -> K+ pi- pi0              :    27 / 98429 =  0.03%
 --- D0 -> K- nu_e e+              :     5 / 98429 =  0.01%
 --- D0 -> K- nu_mu mu+            :    46 / 98429 =  0.05%
 --- D0 -> K- pi+                  : 92155 / 98429 = 93.63%
 --- D0 -> K- pi+ pi+ pi-          :    14 / 98429 =  0.01%
 --- D0 -> K- pi+ pi0              :    21 / 98429 =  0.02%
 --- D0 -> K- pi+ rho0             :     1 / 98429 =  0.00%
 --- D0 -> K_1- pi+                :     7 / 98429 =  0.01%
 --- D0 -> K_S0 omega              :     1 / 98429 =  0.00%
 --- D0 -> K_S0 pi+ pi-            :   746 / 98429 =  0.76%
 --- D0 -> K_S0 pi+ pi- pi0        :    32 / 98429 =  0.03%
 --- D0 -> anti-K*0                :     1 / 98429 =  0.00%
 --- D0 -> anti-K*0 pi+ pi-        :    10 / 98429 =  0.01%
 --- D0 -> anti-K*0 pi0            :     1 / 98429 =  0.00%
 --- D0 -> anti-K*0 rho0           :     3 / 98429 =  0.00%
 --- D0 -> anti-K0 pi- nu_mu mu+   :     2 / 98429 =  0.00%
 --- D0 -> eta pi+ pi-             :     5 / 98429 =  0.01%
 --- D0 -> eta' pi+ pi-            :     1 / 98429 =  0.00%
 --- D0 -> eta' pi0                :     1 / 98429 =  0.00%
 --- D0 -> omega pi+ pi-           :     5 / 98429 =  0.01%
 --- D0 -> pi+ pi+ pi- pi-         :   119 / 98429 =  0.12%
 --- D0 -> pi+ pi+ pi- pi- pi0     :     2 / 98429 =  0.00%
 --- D0 -> pi+ pi-                 :    21 / 98429 =  0.02%
 --- D0 -> pi+ pi- K_L0            :   715 / 98429 =  0.73%
 --- D0 -> pi+ pi- K_L0 pi0        :     4 / 98429 =  0.00%
 --- D0 -> pi+ pi- pi0             :    95 / 98429 =  0.10%
 --- D0 -> pi+ pi- pi0 pi0         :    55 / 98429 =  0.06%
 --- D0 -> pi+ pi- pi0 pi0 pi0     :     3 / 98429 =  0.00%
 --- D0 -> pi- nu_e e+             :    92 / 98429 =  0.09%
 --- D0 -> pi- nu_mu mu+           :   200 / 98429 =  0.20%
 --- D0 -> rho+ pi-                :  1996 / 98429 =  2.03%
 --- D0 -> rho- nu_e e+            :     1 / 98429 =  0.00%
 --- D0 -> rho- nu_mu mu+          :     5 / 98429 =  0.01%
 --- D0 -> rho- pi+                :  1756 / 98429 =  1.78%
 --- D0 -> rho0 pi0                :     3 / 98429 =  0.00%
 --- D0 -> rho0 rho0               :    15 / 98429 =  0.02%
 --- K*0 -> K+ pi-                 :     2 / 98429 =  0.00%
 --- a_1+ -> rho+ pi0              :     3 / 98429 =  0.00%
 --- omega -> pi+ pi-              :     5 / 98429 =  0.01%
 --- rho+ -> pi+ pi0               :     3 / 98429 =  0.00%
 --- rho0 -> pi+ pi-               :    93 / 98429 =  0.09%
 -- bkg / total:   6274 / 98429 = ( 6.37 + 0.08 - 0.08)%
 -- sig / total:  92155 / 98429 = (93.63 + 0.08 - 0.08)%

 -- eta bin 1
 --- D0 -> K*+ pi-                 :     2 / 17506 =  0.01%
 --- D0 -> K*- K+                  :     3 / 17506 =  0.02%
 --- D0 -> K*- nu_e e+             :     1 / 17506 =  0.01%
 --- D0 -> K*- nu_mu mu+           :    10 / 17506 =  0.06%
 --- D0 -> K*- rho+                :    30 / 17506 =  0.17%
 --- D0 -> K+ K-                   :     5 / 17506 =  0.03%
 --- D0 -> K+ K- pi+ pi-           :     5 / 17506 =  0.03%
 --- D0 -> K+ K- pi0               :     1 / 17506 =  0.01%
 --- D0 -> K+ K_S0 pi-             :    16 / 17506 =  0.09%
 --- D0 -> K+ pi+ pi- pi-          :     1 / 17506 =  0.01%
 --- D0 -> K+ pi- K_L0             :    23 / 17506 =  0.13%
 --- D0 -> K+ pi- pi0              :    10 / 17506 =  0.06%
 --- D0 -> K- nu_e e+              :     1 / 17506 =  0.01%
 --- D0 -> K- nu_mu mu+            :    10 / 17506 =  0.06%
 --- D0 -> K- pi+                  : 15803 / 17506 = 90.27%
 --- D0 -> K- pi+ pi+ pi-          :    22 / 17506 =  0.13%
 --- D0 -> K- pi+ pi0              :    38 / 17506 =  0.22%
 --- D0 -> K_1- pi+                :    12 / 17506 =  0.07%
 --- D0 -> K_S0 omega              :     2 / 17506 =  0.01%
 --- D0 -> K_S0 pi+ pi+ pi- pi-    :     3 / 17506 =  0.02%
 --- D0 -> K_S0 pi+ pi-            :   310 / 17506 =  1.77%
 --- D0 -> K_S0 pi+ pi- pi0        :    45 / 17506 =  0.26%
 --- D0 -> anti-K*0                :     1 / 17506 =  0.01%
 --- D0 -> anti-K*0 omega          :     1 / 17506 =  0.01%
 --- D0 -> anti-K*0 pi+ pi-        :    16 / 17506 =  0.09%
 --- D0 -> anti-K*0 pi+ pi- pi0    :     2 / 17506 =  0.01%
 --- D0 -> eta pi+ pi-             :     6 / 17506 =  0.03%
 --- D0 -> eta' pi+ pi-            :     1 / 17506 =  0.01%
 --- D0 -> omega pi+ pi-           :     6 / 17506 =  0.03%
 --- D0 -> pi+ pi+ pi- pi-         :    56 / 17506 =  0.32%
 --- D0 -> pi+ pi+ pi- pi- K_L0    :     2 / 17506 =  0.01%
 --- D0 -> pi+ pi+ pi- pi- pi0     :     4 / 17506 =  0.02%
 --- D0 -> pi+ pi- K_L0            :   295 / 17506 =  1.69%
 --- D0 -> pi+ pi- K_L0 pi0        :     8 / 17506 =  0.05%
 --- D0 -> pi+ pi- pi0             :    20 / 17506 =  0.11%
 --- D0 -> pi+ pi- pi0 pi0         :    35 / 17506 =  0.20%
 --- D0 -> pi+ pi- pi0 pi0 pi0     :     5 / 17506 =  0.03%
 --- D0 -> pi- nu_e e+             :     9 / 17506 =  0.05%
 --- D0 -> pi- nu_mu mu+           :    33 / 17506 =  0.19%
 --- D0 -> rho+ pi-                :   263 / 17506 =  1.50%
 --- D0 -> rho- nu_mu mu+          :     1 / 17506 =  0.01%
 --- D0 -> rho- pi+                :   209 / 17506 =  1.19%
 --- D0 -> rho0 pi0                :     2 / 17506 =  0.01%
 --- D0 -> rho0 rho0               :     5 / 17506 =  0.03%
 --- K*+ -> K+ pi0                 :     1 / 17506 =  0.01%
 --- K*0 -> K+ pi-                 :     3 / 17506 =  0.02%
 --- K_1+ -> K+ pi+ pi-            :     1 / 17506 =  0.01%
 --- a_1+ -> pi+ rho0              :     3 / 17506 =  0.02%
 --- omega -> pi+ pi-              :     3 / 17506 =  0.02%
 --- omega -> pi+ pi- pi0          :     2 / 17506 =  0.01%
 --- phi -> rho+ pi-               :     1 / 17506 =  0.01%
 --- rho+ -> pi+ pi0               :     4 / 17506 =  0.02%
 --- rho0 -> pi+ pi-               :   155 / 17506 =  0.89%
 -- bkg / total:   1703 / 17506 = ( 9.73 + 0.23 - 0.22)%
 -- sig / total:  15803 / 17506 = (90.27 + 0.22 - 0.23)%

 - p bin 2
 -- eta bin 0
 --- D0 -> K*+ pi-                 :     9 / 131004 =  0.01%
 --- D0 -> K*- K+                  :     3 / 131004 =  0.00%
 --- D0 -> K*- nu_mu mu+           :     1 / 131004 =  0.00%
 --- D0 -> K*- rho+                :     5 / 131004 =  0.00%
 --- D0 -> K+ K-                   :    48 / 131004 =  0.04%
 --- D0 -> K+ K_S0 pi-             :     4 / 131004 =  0.00%
 --- D0 -> K+ pi+ pi- pi-          :     1 / 131004 =  0.00%
 --- D0 -> K+ pi-                  :     5 / 131004 =  0.00%
 --- D0 -> K+ pi- K_L0             :     6 / 131004 =  0.00%
 --- D0 -> K+ pi- pi0              :    11 / 131004 =  0.01%
 --- D0 -> K- nu_e e+              :    18 / 131004 =  0.01%
 --- D0 -> K- nu_mu mu+            :    63 / 131004 =  0.05%
 --- D0 -> K- pi+                  : 126051 / 131004 = 96.22%
 --- D0 -> K- pi+ pi+ pi-          :     4 / 131004 =  0.00%
 --- D0 -> K- pi+ pi0              :    11 / 131004 =  0.01%
 --- D0 -> K_1- pi+                :     1 / 131004 =  0.00%
 --- D0 -> K_S0 omega              :     1 / 131004 =  0.00%
 --- D0 -> K_S0 pi+ pi-            :   186 / 131004 =  0.14%
 --- D0 -> K_S0 pi+ pi- pi0        :     2 / 131004 =  0.00%
 --- D0 -> anti-K*0 rho0           :     1 / 131004 =  0.00%
 --- D0 -> eta pi+ pi-             :     3 / 131004 =  0.00%
 --- D0 -> pi+ pi+ pi- pi-         :    33 / 131004 =  0.03%
 --- D0 -> pi+ pi-                 :    48 / 131004 =  0.04%
 --- D0 -> pi+ pi- K_L0            :   167 / 131004 =  0.13%
 --- D0 -> pi+ pi- pi0             :   101 / 131004 =  0.08%
 --- D0 -> pi+ pi- pi0 pi0         :    17 / 131004 =  0.01%
 --- D0 -> pi+ pi- pi0 pi0 pi0     :     1 / 131004 =  0.00%
 --- D0 -> pi- nu_e e+             :    86 / 131004 =  0.07%
 --- D0 -> pi- nu_mu mu+           :   197 / 131004 =  0.15%
 --- D0 -> rho+ pi-                :  2096 / 131004 =  1.60%
 --- D0 -> rho- nu_mu mu+          :     1 / 131004 =  0.00%
 --- D0 -> rho- pi+                :  1798 / 131004 =  1.37%
 --- D0 -> rho0 pi0                :     2 / 131004 =  0.00%
 --- D0 -> rho0 rho0               :     3 / 131004 =  0.00%
 --- rho+ -> pi+ pi0               :     1 / 131004 =  0.00%
 --- rho0 -> pi+ pi-               :    19 / 131004 =  0.01%
 -- bkg / total:   4953 / 131004 = ( 3.78 + 0.05 - 0.05)%
 -- sig / total: 126051 / 131004 = (96.22 + 0.05 - 0.05)%

 -- eta bin 1
 --- D0 -> K*+ pi-                 :     1 / 34267 =  0.00%
 --- D0 -> K*- K+                  :     2 / 34267 =  0.01%
 --- D0 -> K*- nu_mu mu+           :     3 / 34267 =  0.01%
 --- D0 -> K*- pi+ pi0             :     4 / 34267 =  0.01%
 --- D0 -> K*- rho+                :    32 / 34267 =  0.09%
 --- D0 -> K+ K-                   :    17 / 34267 =  0.05%
 --- D0 -> K+ K- K_S0              :     1 / 34267 =  0.00%
 --- D0 -> K+ K- pi+ pi-           :     1 / 34267 =  0.00%
 --- D0 -> K+ K_S0 pi-             :    17 / 34267 =  0.05%
 --- D0 -> K+ pi+ pi- pi-          :     1 / 34267 =  0.00%
 --- D0 -> K+ pi-                  :     1 / 34267 =  0.00%
 --- D0 -> K+ pi- K_L0             :    12 / 34267 =  0.04%
 --- D0 -> K+ pi- pi0              :     7 / 34267 =  0.02%
 --- D0 -> K- nu_e e+              :     3 / 34267 =  0.01%
 --- D0 -> K- nu_mu mu+            :    23 / 34267 =  0.07%
 --- D0 -> K- pi+                  : 32215 / 34267 = 94.01%
 --- D0 -> K- pi+ pi+ pi-          :    12 / 34267 =  0.04%
 --- D0 -> K- pi+ pi0              :    16 / 34267 =  0.05%
 --- D0 -> K- pi+ rho0             :     1 / 34267 =  0.00%
 --- D0 -> K_1- pi+                :    12 / 34267 =  0.04%
 --- D0 -> K_S0 pi+ pi-            :   307 / 34267 =  0.90%
 --- D0 -> K_S0 pi+ pi- pi0        :    17 / 34267 =  0.05%
 --- D0 -> anti-K*0 pi+ pi-        :    10 / 34267 =  0.03%
 --- D0 -> anti-K*0 pi+ pi- pi0    :     1 / 34267 =  0.00%
 --- D0 -> anti-K*0 rho0           :     3 / 34267 =  0.01%
 --- D0 -> anti-K0 pi- nu_mu mu+   :     1 / 34267 =  0.00%
 --- D0 -> eta pi+ pi-             :     3 / 34267 =  0.01%
 --- D0 -> eta' K_S0               :     1 / 34267 =  0.00%
 --- D0 -> eta' pi+ pi-            :     1 / 34267 =  0.00%
 --- D0 -> omega pi+ pi-           :     3 / 34267 =  0.01%
 --- D0 -> phi pi+ pi-             :     1 / 34267 =  0.00%
 --- D0 -> pi+ pi+ pi- pi-         :    54 / 34267 =  0.16%
 --- D0 -> pi+ pi+ pi- pi- K_L0    :     2 / 34267 =  0.01%
 --- D0 -> pi+ pi+ pi- pi- pi0     :     1 / 34267 =  0.00%
 --- D0 -> pi+ pi-                 :     7 / 34267 =  0.02%
 --- D0 -> pi+ pi- K_L0            :   276 / 34267 =  0.81%
 --- D0 -> pi+ pi- K_L0 pi0        :     6 / 34267 =  0.02%
 --- D0 -> pi+ pi- pi0             :    24 / 34267 =  0.07%
 --- D0 -> pi+ pi- pi0 pi0         :    26 / 34267 =  0.08%
 --- D0 -> pi+ pi- pi0 pi0 pi0     :     2 / 34267 =  0.01%
 --- D0 -> pi- nu_e e+             :    21 / 34267 =  0.06%
 --- D0 -> pi- nu_mu mu+           :    56 / 34267 =  0.16%
 --- D0 -> rho+ pi-                :   522 / 34267 =  1.52%
 --- D0 -> rho- nu_mu mu+          :     2 / 34267 =  0.01%
 --- D0 -> rho- pi+                :   431 / 34267 =  1.26%
 --- D0 -> rho0 pi0                :     3 / 34267 =  0.01%
 --- D0 -> rho0 rho0               :     3 / 34267 =  0.01%
 --- K*0 -> K+ pi-                 :     1 / 34267 =  0.00%
 --- K_10 -> K0 pi+ pi-            :     1 / 34267 =  0.00%
 --- K_L0 -> 1000110220            :     1 / 34267 =  0.00%
 --- a_1+ -> pi+ rho0              :     1 / 34267 =  0.00%
 --- omega -> pi+ pi-              :     2 / 34267 =  0.01%
 --- omega -> pi+ pi- pi0          :     1 / 34267 =  0.00%
 --- rho+ -> pi+ pi0               :     4 / 34267 =  0.01%
 --- rho0 -> pi+ pi-               :    91 / 34267 =  0.27%
 -- bkg / total:   2052 / 34267 = ( 5.99 + 0.13 - 0.13)%
 -- sig / total:  32215 / 34267 = (94.01 + 0.13 - 0.13)%

 - p bin 3
 -- eta bin 0
 --- D0 -> K*+ pi-                 :     2 / 213312 =  0.00%
 --- D0 -> K*- nu_mu mu+           :     1 / 213312 =  0.00%
 --- D0 -> K+ K-                   :    40 / 213312 =  0.02%
 --- D0 -> K+ pi-                  :    10 / 213312 =  0.00%
 --- D0 -> K+ pi- pi0              :     6 / 213312 =  0.00%
 --- D0 -> K- nu_e e+              :    42 / 213312 =  0.02%
 --- D0 -> K- nu_mu mu+            :   153 / 213312 =  0.07%
 --- D0 -> K- pi+                  : 209781 / 213312 = 98.34%
 --- D0 -> K- pi+ pi0              :    10 / 213312 =  0.00%
 --- D0 -> K_S0 pi+ pi-            :    30 / 213312 =  0.01%
 --- D0 -> pi+ pi+ pi- pi-         :     7 / 213312 =  0.00%
 --- D0 -> pi+ pi-                 :   118 / 213312 =  0.06%
 --- D0 -> pi+ pi- K_L0            :    36 / 213312 =  0.02%
 --- D0 -> pi+ pi- pi0             :    60 / 213312 =  0.03%
 --- D0 -> pi+ pi- pi0 pi0         :     2 / 213312 =  0.00%
 --- D0 -> pi- nu_e e+             :    65 / 213312 =  0.03%
 --- D0 -> pi- nu_mu mu+           :   181 / 213312 =  0.08%
 --- D0 -> rho+ pi-                :  1483 / 213312 =  0.70%
 --- D0 -> rho- pi+                :  1282 / 213312 =  0.60%
 --- D0 -> rho0 rho0               :     1 / 213312 =  0.00%
 --- rho0 -> pi+ pi-               :     2 / 213312 =  0.00%
 -- bkg / total:   3531 / 213312 = ( 1.66 + 0.03 - 0.03)%
 -- sig / total: 209781 / 213312 = (98.34 + 0.03 - 0.03)%

 -- eta bin 1
 --- D0 -> K*+ pi-                 :     4 / 70028 =  0.01%
 --- D0 -> K*- K+                  :     1 / 70028 =  0.00%
 --- D0 -> K*- nu_mu mu+           :     1 / 70028 =  0.00%
 --- D0 -> K*- rho+                :     4 / 70028 =  0.01%
 --- D0 -> K+ K-                   :    46 / 70028 =  0.07%
 --- D0 -> K+ K- pi+ pi-           :     3 / 70028 =  0.00%
 --- D0 -> K+ K_S0 pi-             :     5 / 70028 =  0.01%
 --- D0 -> K+ pi+ pi- pi-          :     1 / 70028 =  0.00%
 --- D0 -> K+ pi-                  :     2 / 70028 =  0.00%
 --- D0 -> K+ pi- K_L0             :     4 / 70028 =  0.01%
 --- D0 -> K+ pi- pi0              :     7 / 70028 =  0.01%
 --- D0 -> K- nu_e e+              :     9 / 70028 =  0.01%
 --- D0 -> K- nu_mu mu+            :    44 / 70028 =  0.06%
 --- D0 -> K- pi+                  : 67577 / 70028 = 96.50%
 --- D0 -> K- pi+ pi+ pi-          :     2 / 70028 =  0.00%
 --- D0 -> K- pi+ pi0              :    18 / 70028 =  0.03%
 --- D0 -> K_1- pi+                :     1 / 70028 =  0.00%
 --- D0 -> K_S0 omega              :     1 / 70028 =  0.00%
 --- D0 -> K_S0 pi+ pi-            :   148 / 70028 =  0.21%
 --- D0 -> K_S0 pi+ pi- pi0        :     4 / 70028 =  0.01%
 --- D0 -> K_S0 pi0                :     1 / 70028 =  0.00%
 --- D0 -> anti-K*0 pi+ pi-        :     2 / 70028 =  0.00%
 --- D0 -> eta pi+ pi-             :     3 / 70028 =  0.00%
 --- D0 -> pi+ pi+ pi- pi-         :    28 / 70028 =  0.04%
 --- D0 -> pi+ pi+ pi- pi- pi0     :     2 / 70028 =  0.00%
 --- D0 -> pi+ pi-                 :    20 / 70028 =  0.03%
 --- D0 -> pi+ pi- K_L0            :   149 / 70028 =  0.21%
 --- D0 -> pi+ pi- K_L0 pi0        :     1 / 70028 =  0.00%
 --- D0 -> pi+ pi- pi0             :    41 / 70028 =  0.06%
 --- D0 -> pi+ pi- pi0 pi0         :    11 / 70028 =  0.02%
 --- D0 -> pi+ pi- pi0 pi0 pi0     :     2 / 70028 =  0.00%
 --- D0 -> pi- nu_e e+             :    22 / 70028 =  0.03%
 --- D0 -> pi- nu_mu mu+           :   100 / 70028 =  0.14%
 --- D0 -> rho+ pi-                :   980 / 70028 =  1.40%
 --- D0 -> rho- nu_e e+            :     1 / 70028 =  0.00%
 --- D0 -> rho- nu_mu mu+          :     2 / 70028 =  0.00%
 --- D0 -> rho- pi+                :   758 / 70028 =  1.08%
 --- D0 -> rho0 pi0                :     2 / 70028 =  0.00%
 --- D0 -> rho0 rho0               :     2 / 70028 =  0.00%
 --- a_1+ -> pi+ rho0              :     1 / 70028 =  0.00%
 --- eta' -> rho0                  :     1 / 70028 =  0.00%
 --- rho0 -> pi+ pi-               :    17 / 70028 =  0.02%
 -- bkg / total:   2451 / 70028 = ( 3.50 + 0.07 - 0.07)%
 -- sig / total:  67577 / 70028 = (96.50 + 0.07 - 0.07)%

 - p bin 4
 -- eta bin 0
 --- D0 -> K+ K-                   :    26 / 219069 =  0.01%
 --- D0 -> K+ pi-                  :     4 / 219069 =  0.00%
 --- D0 -> K+ pi- pi0              :     1 / 219069 =  0.00%
 --- D0 -> K- nu_e e+              :    79 / 219069 =  0.04%
 --- D0 -> K- nu_mu mu+            :   198 / 219069 =  0.09%
 --- D0 -> K- pi+                  : 217599 / 219069 = 99.33%
 --- D0 -> K- pi+ pi0              :    14 / 219069 =  0.01%
 --- D0 -> K_S0 pi+ pi-            :     2 / 219069 =  0.00%
 --- D0 -> pi+ pi+ pi- pi-         :     1 / 219069 =  0.00%
 --- D0 -> pi+ pi-                 :   146 / 219069 =  0.07%
 --- D0 -> pi+ pi- K_L0            :     3 / 219069 =  0.00%
 --- D0 -> pi+ pi- pi0             :     8 / 219069 =  0.00%
 --- D0 -> pi- nu_e e+             :    57 / 219069 =  0.03%
 --- D0 -> pi- nu_mu mu+           :   147 / 219069 =  0.07%
 --- D0 -> rho+ pi-                :   399 / 219069 =  0.18%
 --- D0 -> rho- pi+                :   385 / 219069 =  0.18%
 -- bkg / total:   1470 / 219069 = ( 0.67 + 0.02 - 0.02)%
 -- sig / total: 217599 / 219069 = (99.33 + 0.02 - 0.02)%

 -- eta bin 1
 --- D0 -> K*- nu_mu mu+           :     1 / 164605 =  0.00%
 --- D0 -> K+ K-                   :    53 / 164605 =  0.03%
 --- D0 -> K+ pi+ pi- pi-          :     1 / 164605 =  0.00%
 --- D0 -> K+ pi-                  :     5 / 164605 =  0.00%
 --- D0 -> K+ pi- pi0              :     2 / 164605 =  0.00%
 --- D0 -> K- nu_e e+              :    54 / 164605 =  0.03%
 --- D0 -> K- nu_mu mu+            :   135 / 164605 =  0.08%
 --- D0 -> K- pi+                  : 162469 / 164605 = 98.70%
 --- D0 -> K- pi+ pi+ pi-          :     1 / 164605 =  0.00%
 --- D0 -> K- pi+ pi0              :    24 / 164605 =  0.01%
 --- D0 -> K_S0 pi+ pi-            :    24 / 164605 =  0.01%
 --- D0 -> eta pi+ pi-             :     1 / 164605 =  0.00%
 --- D0 -> pi+ pi+ pi- pi-         :     6 / 164605 =  0.00%
 --- D0 -> pi+ pi-                 :   123 / 164605 =  0.07%
 --- D0 -> pi+ pi- K_L0            :    31 / 164605 =  0.02%
 --- D0 -> pi+ pi- K_L0 pi0        :     1 / 164605 =  0.00%
 --- D0 -> pi+ pi- pi0             :    36 / 164605 =  0.02%
 --- D0 -> pi+ pi- pi0 pi0         :     3 / 164605 =  0.00%
 --- D0 -> pi- nu_e e+             :    43 / 164605 =  0.03%
 --- D0 -> pi- nu_mu mu+           :   121 / 164605 =  0.07%
 --- D0 -> rho+ pi-                :   788 / 164605 =  0.48%
 --- D0 -> rho- nu_mu mu+          :     1 / 164605 =  0.00%
 --- D0 -> rho- pi+                :   679 / 164605 =  0.41%
 --- D0 -> rho0 pi0                :     1 / 164605 =  0.00%
 --- rho0 -> pi+ pi-               :     2 / 164605 =  0.00%
 -- bkg / total:   2136 / 164605 = ( 1.30 + 0.03 - 0.03)%
 -- sig / total: 162469 / 164605 = (98.70 + 0.03 - 0.03)%

 - p bin 5
 -- eta bin 0
 --- D0 -> K+ K-                   :     1 / 33580 =  0.00%
 --- D0 -> K+ pi-                  :     1 / 33580 =  0.00%
 --- D0 -> K- nu_e e+              :    22 / 33580 =  0.07%
 --- D0 -> K- nu_mu mu+            :    45 / 33580 =  0.13%
 --- D0 -> K- pi+                  : 33413 / 33580 = 99.50%
 --- D0 -> K- pi+ pi0              :     9 / 33580 =  0.03%
 --- D0 -> pi+ pi-                 :    33 / 33580 =  0.10%
 --- D0 -> pi+ pi- pi0             :     1 / 33580 =  0.00%
 --- D0 -> pi- nu_e e+             :    10 / 33580 =  0.03%
 --- D0 -> pi- nu_mu mu+           :    14 / 33580 =  0.04%
 --- D0 -> rho+ pi-                :    15 / 33580 =  0.04%
 --- D0 -> rho- pi+                :    16 / 33580 =  0.05%
 -- bkg / total:    167 / 33580 = ( 0.50 + 0.04 - 0.04)%
 -- sig / total:  33413 / 33580 = (99.50 + 0.04 - 0.04)%

 -- eta bin 1
 --- D0 -> K*+ pi-                 :     1 / 87708 =  0.00%
 --- D0 -> K+ K-                   :     9 / 87708 =  0.01%
 --- D0 -> K+ pi-                  :     4 / 87708 =  0.00%
 --- D0 -> K- nu_e e+              :    66 / 87708 =  0.08%
 --- D0 -> K- nu_mu mu+            :   109 / 87708 =  0.12%
 --- D0 -> K- pi+                  : 87093 / 87708 = 99.30%
 --- D0 -> K- pi+ pi0              :    22 / 87708 =  0.03%
 --- D0 -> pi+ pi-                 :    93 / 87708 =  0.11%
 --- D0 -> pi+ pi- K_L0            :     1 / 87708 =  0.00%
 --- D0 -> pi+ pi- pi0             :     2 / 87708 =  0.00%
 --- D0 -> pi- nu_e e+             :    24 / 87708 =  0.03%
 --- D0 -> pi- nu_mu mu+           :    52 / 87708 =  0.06%
 --- D0 -> rho+ pi-                :   134 / 87708 =  0.15%
 --- D0 -> rho- pi+                :    97 / 87708 =  0.11%
 --- rho0 -> pi+ pi-               :     1 / 87708 =  0.00%
 -- bkg / total:    615 / 87708 = ( 0.70 + 0.03 - 0.03)%
 -- sig / total:  87093 / 87708 = (99.30 + 0.03 - 0.03)%


INFO Printing passed counts for pi
 - p bin 0
 -- eta bin 0
 --- D0 -> K- nu_mu mu+            :   144 / 722 = 19.94%
 --- D0 -> K- pi+                  :   521 / 722 = 72.16%
 --- D0 -> K- pi+ pi0              :     1 / 722 =  0.14%
 --- D0 -> pi+ pi-                 :    11 / 722 =  1.52%
 --- D0 -> pi- nu_mu mu+           :    45 / 722 =  6.23%
 -- bkg / total:    201 / 722 = (27.84 + 1.70 - 1.64)%
 -- sig / total:    521 / 722 = (72.16 + 1.64 - 1.70)%

 -- eta bin 1
 --- D0 -> K- nu_mu mu+            :     3 / 30 = 10.00%
 --- D0 -> K- pi+                  :    27 / 30 = 90.00%
 -- bkg / total:      3 / 30 = (10.00 + 6.83 - 4.25)%
 -- sig / total:     27 / 30 = (90.00 + 4.25 - 6.83)%

 - p bin 1
 -- eta bin 0
 --- D0 -> K- nu_mu mu+            :    99 / 954 = 10.38%
 --- D0 -> K- pi+                  :   775 / 954 = 81.24%
 --- D0 -> pi+ pi-                 :     9 / 954 =  0.94%
 --- D0 -> pi- nu_mu mu+           :    70 / 954 =  7.34%
 --- D0 -> rho- pi+                :     1 / 954 =  0.10%
 -- bkg / total:    179 / 954 = (18.76 + 1.30 - 1.23)%
 -- sig / total:    775 / 954 = (81.24 + 1.23 - 1.30)%

 -- eta bin 1
 --- D0 -> K- nu_mu mu+            :    31 / 240 = 12.92%
 --- D0 -> K- pi+                  :   202 / 240 = 84.17%
 --- D0 -> pi+ pi-                 :     1 / 240 =  0.42%
 --- D0 -> pi- nu_mu mu+           :     6 / 240 =  2.50%
 -- bkg / total:     38 / 240 = (15.83 + 2.50 - 2.21)%
 -- sig / total:    202 / 240 = (84.17 + 2.21 - 2.50)%

 - p bin 2
 -- eta bin 0
 --- D0 -> K- nu_mu mu+            :    94 / 1279 =  7.35%
 --- D0 -> K- pi+                  :  1079 / 1279 = 84.36%
 --- D0 -> pi+ pi-                 :     9 / 1279 =  0.70%
 --- D0 -> pi- nu_mu mu+           :    94 / 1279 =  7.35%
 --- D0 -> rho+ pi-                :     2 / 1279 =  0.16%
 --- D0 -> rho- pi+                :     1 / 1279 =  0.08%
 -- bkg / total:    200 / 1279 = (15.64 + 1.04 - 0.99)%
 -- sig / total:   1079 / 1279 = (84.36 + 0.99 - 1.04)%

 -- eta bin 1
 --- D0 -> K- nu_mu mu+            :    33 / 334 =  9.88%
 --- D0 -> K- pi+                  :   279 / 334 = 83.53%
 --- D0 -> pi- nu_mu mu+           :    22 / 334 =  6.59%
 -- bkg / total:     55 / 334 = (16.47 + 2.13 - 1.93)%
 -- sig / total:    279 / 334 = (83.53 + 1.93 - 2.13)%

 - p bin 3
 -- eta bin 0
 --- D0 -> K*- nu_mu mu+           :    10 / 1658 =  0.60%
 --- D0 -> K+ K-                   :     1 / 1658 =  0.06%
 --- D0 -> K- nu_mu mu+            :   124 / 1658 =  7.48%
 --- D0 -> K- pi+                  :  1198 / 1658 = 72.26%
 --- D0 -> K_S0 pi+ pi-            :     1 / 1658 =  0.06%
 --- D0 -> pi+ pi-                 :     5 / 1658 =  0.30%
 --- D0 -> pi+ pi- K_L0            :     1 / 1658 =  0.06%
 --- D0 -> pi+ pi- pi0             :     1 / 1658 =  0.06%
 --- D0 -> pi- nu_mu mu+           :   286 / 1658 = 17.25%
 --- D0 -> rho+ pi-                :    14 / 1658 =  0.84%
 --- D0 -> rho- nu_mu mu+          :     5 / 1658 =  0.30%
 --- D0 -> rho- pi+                :    12 / 1658 =  0.72%
 -- bkg / total:    460 / 1658 = (27.74 + 1.11 - 1.09)%
 -- sig / total:   1198 / 1658 = (72.26 + 1.09 - 1.11)%

 -- eta bin 1
 --- D0 -> K- nu_mu mu+            :    56 / 551 = 10.16%
 --- D0 -> K- pi+                  :   418 / 551 = 75.86%
 --- D0 -> K_S0 pi+ pi-            :     1 / 551 =  0.18%
 --- D0 -> pi+ pi-                 :     6 / 551 =  1.09%
 --- D0 -> pi- nu_mu mu+           :    64 / 551 = 11.62%
 --- D0 -> rho+ pi-                :     2 / 551 =  0.36%
 --- D0 -> rho- nu_mu mu+          :     1 / 551 =  0.18%
 --- D0 -> rho- pi+                :     3 / 551 =  0.54%
 -- bkg / total:    133 / 551 = (24.14 + 1.87 - 1.78)%
 -- sig / total:    418 / 551 = (75.86 + 1.78 - 1.87)%

 - p bin 4
 -- eta bin 0
 --- D0 -> K*- nu_mu mu+           :    20 / 1189 =  1.68%
 --- D0 -> K+ K-                   :     6 / 1189 =  0.50%
 --- D0 -> K- nu_mu mu+            :    96 / 1189 =  8.07%
 --- D0 -> K- pi+                  :   749 / 1189 = 62.99%
 --- D0 -> K- pi+ pi+ pi-          :     1 / 1189 =  0.08%
 --- D0 -> K_S0 pi+ pi-            :     7 / 1189 =  0.59%
 --- D0 -> anti-K0 pi- nu_mu mu+   :     1 / 1189 =  0.08%
 --- D0 -> pi+ pi-                 :     1 / 1189 =  0.08%
 --- D0 -> pi+ pi- K_L0            :     6 / 1189 =  0.50%
 --- D0 -> pi- nu_mu mu+           :   263 / 1189 = 22.12%
 --- D0 -> rho+ pi-                :    18 / 1189 =  1.51%
 --- D0 -> rho- nu_mu mu+          :     6 / 1189 =  0.50%
 --- D0 -> rho- pi+                :    11 / 1189 =  0.93%
 --- rho0 -> pi+ pi-               :     4 / 1189 =  0.34%
 -- bkg / total:    440 / 1189 = (37.01 + 1.41 - 1.39)%
 -- sig / total:    749 / 1189 = (62.99 + 1.39 - 1.41)%

 -- eta bin 1
 --- D0 -> K*- nu_mu mu+           :    19 / 856 =  2.22%
 --- D0 -> K+ K-                   :     5 / 856 =  0.58%
 --- D0 -> K- nu_mu mu+            :    94 / 856 = 10.98%
 --- D0 -> K- pi+                  :   504 / 856 = 58.88%
 --- D0 -> K_S0 pi+ pi-            :     5 / 856 =  0.58%
 --- D0 -> anti-K0 pi- nu_mu mu+   :     2 / 856 =  0.23%
 --- D0 -> pi+ pi-                 :     2 / 856 =  0.23%
 --- D0 -> pi+ pi- K_L0            :     4 / 856 =  0.47%
 --- D0 -> pi- nu_mu mu+           :   201 / 856 = 23.48%
 --- D0 -> rho+ pi-                :     8 / 856 =  0.93%
 --- D0 -> rho- nu_mu mu+          :     7 / 856 =  0.82%
 --- D0 -> rho- pi+                :     4 / 856 =  0.47%
 --- rho0 -> pi+ pi-               :     1 / 856 =  0.12%
 -- bkg / total:    352 / 856 = (41.12 + 1.69 - 1.67)%
 -- sig / total:    504 / 856 = (58.88 + 1.67 - 1.69)%

 - p bin 5
 -- eta bin 0
 --- D0 -> K*- nu_mu mu+           :     2 / 100 =  2.00%
 --- D0 -> K- nu_mu mu+            :    12 / 100 = 12.00%
 --- D0 -> K- pi+                  :    45 / 100 = 45.00%
 --- D0 -> anti-K0 pi- nu_mu mu+   :     3 / 100 =  3.00%
 --- D0 -> pi+ pi- K_L0            :     3 / 100 =  3.00%
 --- D0 -> pi- nu_mu mu+           :    33 / 100 = 33.00%
 --- D0 -> rho+ pi-                :     1 / 100 =  1.00%
 --- D0 -> rho- nu_mu mu+          :     1 / 100 =  1.00%
 -- bkg / total:     55 / 100 = (55.00 + 4.90 - 5.00)%
 -- sig / total:     45 / 100 = (45.00 + 5.00 - 4.90)%

 -- eta bin 1
 --- D0 -> K*- nu_mu mu+           :    13 / 318 =  4.09%
 --- D0 -> K+ K-                   :     3 / 318 =  0.94%
 --- D0 -> K- nu_mu mu+            :    34 / 318 = 10.69%
 --- D0 -> K- pi+                  :   156 / 318 = 49.06%
 --- D0 -> K- pi+ rho0             :     1 / 318 =  0.31%
 --- D0 -> K_S0 pi+ pi-            :     3 / 318 =  0.94%
 --- D0 -> anti-K0 pi- nu_mu mu+   :     1 / 318 =  0.31%
 --- D0 -> pi+ pi- K_L0            :     1 / 318 =  0.31%
 --- D0 -> pi- nu_mu mu+           :   104 / 318 = 32.70%
 --- D0 -> rho- nu_mu mu+          :     1 / 318 =  0.31%
 --- rho0 -> pi+ pi-               :     1 / 318 =  0.31%
 -- bkg / total:    162 / 318 = (50.94 + 2.80 - 2.80)%
 -- sig / total:    156 / 318 = (49.06 + 2.80 - 2.80)%


INFO Printing passed counts for k
 - p bin 0
 -- eta bin 0
 --- D0 -> K*- K+                  :     1 / 492 =  0.20%
 --- D0 -> K+ K-                   :     2 / 492 =  0.41%
 --- D0 -> K+ K_S0 pi-             :     2 / 492 =  0.41%
 --- D0 -> K+ pi-                  :     1 / 492 =  0.20%
 --- D0 -> K+ pi- K_L0             :     2 / 492 =  0.41%
 --- D0 -> K+ pi- pi0              :     1 / 492 =  0.20%
 --- D0 -> K- pi+                  :   380 / 492 = 77.24%
 --- D0 -> K- pi+ pi0              :     3 / 492 =  0.61%
 --- D0 -> K_S0 pi+ pi-            :    25 / 492 =  5.08%
 --- D0 -> K_S0 pi+ pi- pi0        :     4 / 492 =  0.81%
 --- D0 -> anti-K*0 pi+ pi-        :     2 / 492 =  0.41%
 --- D0 -> pi+ pi+ pi- pi-         :     7 / 492 =  1.42%
 --- D0 -> pi+ pi+ pi- pi- K_L0    :     1 / 492 =  0.20%
 --- D0 -> pi+ pi-                 :     3 / 492 =  0.61%
 --- D0 -> pi+ pi- K_L0            :    22 / 492 =  4.47%
 --- D0 -> pi+ pi- pi0             :     1 / 492 =  0.20%
 --- D0 -> pi+ pi- pi0 pi0         :     2 / 492 =  0.41%
 --- D0 -> pi+ pi- pi0 pi0 pi0     :     1 / 492 =  0.20%
 --- D0 -> pi- nu_mu mu+           :     2 / 492 =  0.41%
 --- D0 -> rho+ pi-                :    14 / 492 =  2.85%
 --- D0 -> rho- pi+                :     7 / 492 =  1.42%
 --- K*0 -> K+ pi-                 :     1 / 492 =  0.20%
 --- rho0 -> pi+ pi-               :     8 / 492 =  1.63%
 -- bkg / total:    112 / 492 = (22.76 + 1.94 - 1.83)%
 -- sig / total:    380 / 492 = (77.24 + 1.83 - 1.94)%

 -- eta bin 1
 --- D0 -> K- pi+                  :    24 / 32 = 75.00%
 --- D0 -> K- pi+ pi0              :     1 / 32 =  3.12%
 --- D0 -> K_S0 pi+ pi-            :     2 / 32 =  6.25%
 --- D0 -> K_S0 pi+ pi- pi0        :     1 / 32 =  3.12%
 --- D0 -> pi+ pi-                 :     1 / 32 =  3.12%
 --- D0 -> pi+ pi- K_L0            :     3 / 32 =  9.38%
 -- bkg / total:      8 / 32 = (25.00 + 8.33 - 6.82)%
 -- sig / total:     24 / 32 = (75.00 + 6.82 - 8.33)%

 - p bin 1
 -- eta bin 0
 --- D0 -> K*- K+                  :     1 / 514 =  0.19%
 --- D0 -> K*- nu_e e+             :     1 / 514 =  0.19%
 --- D0 -> K+ K_S0 pi-             :     1 / 514 =  0.19%
 --- D0 -> K+ pi-                  :     1 / 514 =  0.19%
 --- D0 -> K+ pi- K_L0             :     1 / 514 =  0.19%
 --- D0 -> K- pi+                  :   433 / 514 = 84.24%
 --- D0 -> K- pi+ pi0              :     4 / 514 =  0.78%
 --- D0 -> K_S0 pi+ pi-            :     9 / 514 =  1.75%
 --- D0 -> a_1+ K-                 :     1 / 514 =  0.19%
 --- D0 -> pi+ pi-                 :     6 / 514 =  1.17%
 --- D0 -> pi+ pi- K_L0            :     7 / 514 =  1.36%
 --- D0 -> pi+ pi- K_L0 pi0        :     1 / 514 =  0.19%
 --- D0 -> pi- nu_e e+             :     1 / 514 =  0.19%
 --- D0 -> pi- nu_mu mu+           :     1 / 514 =  0.19%
 --- D0 -> rho+ pi-                :    29 / 514 =  5.64%
 --- D0 -> rho- pi+                :    13 / 514 =  2.53%
 --- K*+ -> K0 pi+                 :     1 / 514 =  0.19%
 --- rho0 -> pi+ pi-               :     3 / 514 =  0.58%
 -- bkg / total:     81 / 514 = (15.76 + 1.67 - 1.54)%
 -- sig / total:    433 / 514 = (84.24 + 1.54 - 1.67)%

 -- eta bin 1
 --- D0 -> K*- nu_mu mu+           :     1 / 216 =  0.46%
 --- D0 -> K*- rho+                :     1 / 216 =  0.46%
 --- D0 -> K+ K_S0 pi-             :     2 / 216 =  0.93%
 --- D0 -> K+ pi- K_L0             :     1 / 216 =  0.46%
 --- D0 -> K+ pi- pi0              :     1 / 216 =  0.46%
 --- D0 -> K- pi+                  :   176 / 216 = 81.48%
 --- D0 -> K- pi+ pi0              :     1 / 216 =  0.46%
 --- D0 -> K_S0 pi+ pi-            :     6 / 216 =  2.78%
 --- D0 -> K_S0 pi+ pi- pi0        :     1 / 216 =  0.46%
 --- D0 -> a_1+ K-                 :     1 / 216 =  0.46%
 --- D0 -> pi+ pi+ pi- pi-         :     1 / 216 =  0.46%
 --- D0 -> pi+ pi- K_L0            :    11 / 216 =  5.09%
 --- D0 -> pi+ pi- pi0 pi0         :     1 / 216 =  0.46%
 --- D0 -> pi- nu_mu mu+           :     1 / 216 =  0.46%
 --- D0 -> rho+ pi-                :     7 / 216 =  3.24%
 --- D0 -> rho- pi+                :     3 / 216 =  1.39%
 --- rho0 -> pi+ pi-               :     1 / 216 =  0.46%
 -- bkg / total:     40 / 216 = (18.52 + 2.79 - 2.50)%
 -- sig / total:    176 / 216 = (81.48 + 2.50 - 2.79)%

 - p bin 2
 -- eta bin 0
 --- D0 -> K*+ pi-                 :     1 / 244 =  0.41%
 --- D0 -> K+ K-                   :     2 / 244 =  0.82%
 --- D0 -> K+ pi-                  :     1 / 244 =  0.41%
 --- D0 -> K- pi+                  :   185 / 244 = 75.82%
 --- D0 -> K_S0 pi+ pi-            :     2 / 244 =  0.82%
 --- D0 -> pi+ pi-                 :     7 / 244 =  2.87%
 --- D0 -> pi+ pi- K_L0            :     1 / 244 =  0.41%
 --- D0 -> pi+ pi- pi0             :     1 / 244 =  0.41%
 --- D0 -> pi- nu_e e+             :     1 / 244 =  0.41%
 --- D0 -> pi- nu_mu mu+           :     2 / 244 =  0.82%
 --- D0 -> rho+ pi-                :    17 / 244 =  6.97%
 --- D0 -> rho- pi+                :    24 / 244 =  9.84%
 -- bkg / total:     59 / 244 = (24.18 + 2.84 - 2.63)%
 -- sig / total:    185 / 244 = (75.82 + 2.63 - 2.84)%

 -- eta bin 1
 --- D0 -> K- pi+                  :   205 / 232 = 88.36%
 --- D0 -> K- pi+ pi+ pi-          :     1 / 232 =  0.43%
 --- D0 -> K- pi+ pi0              :     1 / 232 =  0.43%
 --- D0 -> K_S0 pi+ pi-            :     3 / 232 =  1.29%
 --- D0 -> K_S0 pi+ pi- pi0        :     1 / 232 =  0.43%
 --- D0 -> pi+ pi- K_L0            :     7 / 232 =  3.02%
 --- D0 -> pi- nu_mu mu+           :     1 / 232 =  0.43%
 --- D0 -> rho+ pi-                :     6 / 232 =  2.59%
 --- D0 -> rho- pi+                :     6 / 232 =  2.59%
 --- rho0 -> pi+ pi-               :     1 / 232 =  0.43%
 -- bkg / total:     27 / 232 = (11.64 + 2.27 - 1.94)%
 -- sig / total:    205 / 232 = (88.36 + 1.94 - 2.27)%

 - p bin 3
 -- eta bin 0
 --- D0 -> K+ K-                   :     5 / 153 =  3.27%
 --- D0 -> K+ pi-                  :     1 / 153 =  0.65%
 --- D0 -> K- pi+                  :   115 / 153 = 75.16%
 --- D0 -> pi+ pi-                 :    13 / 153 =  8.50%
 --- D0 -> pi- nu_mu mu+           :     2 / 153 =  1.31%
 --- D0 -> rho+ pi-                :     7 / 153 =  4.58%
 --- D0 -> rho- pi+                :    10 / 153 =  6.54%
 -- bkg / total:     38 / 153 = (24.84 + 3.65 - 3.32)%
 -- sig / total:    115 / 153 = (75.16 + 3.32 - 3.65)%

 -- eta bin 1
 --- D0 -> K+ K-                   :     1 / 220 =  0.45%
 --- D0 -> K+ pi- K_L0             :     1 / 220 =  0.45%
 --- D0 -> K- nu_e e+              :     1 / 220 =  0.45%
 --- D0 -> K- nu_mu mu+            :     1 / 220 =  0.45%
 --- D0 -> K- pi+                  :   201 / 220 = 91.36%
 --- D0 -> K_S0 pi+ pi-            :     1 / 220 =  0.45%
 --- D0 -> pi+ pi-                 :     2 / 220 =  0.91%
 --- D0 -> pi- nu_e e+             :     1 / 220 =  0.45%
 --- D0 -> pi- nu_mu mu+           :     2 / 220 =  0.91%
 --- D0 -> rho+ pi-                :     6 / 220 =  2.73%
 --- D0 -> rho- pi+                :     3 / 220 =  1.36%
 -- bkg / total:     19 / 220 = ( 8.64 + 2.09 - 1.71)%
 -- sig / total:    201 / 220 = (91.36 + 1.71 - 2.09)%

 - p bin 4
 -- eta bin 0
 --- D0 -> K+ K-                   :     1 / 404 =  0.25%
 --- D0 -> K- nu_e e+              :     1 / 404 =  0.25%
 --- D0 -> K- nu_mu mu+            :     1 / 404 =  0.25%
 --- D0 -> K- pi+                  :   396 / 404 = 98.02%
 --- D0 -> pi+ pi-                 :     4 / 404 =  0.99%
 --- D0 -> rho+ pi-                :     1 / 404 =  0.25%
 -- bkg / total:      8 / 404 = ( 1.98 + 0.82 - 0.58)%
 -- sig / total:    396 / 404 = (98.02 + 0.58 - 0.82)%

 -- eta bin 1
 --- D0 -> K- pi+                  :   429 / 436 = 98.39%
 --- D0 -> pi+ pi- K_L0            :     1 / 436 =  0.23%
 --- D0 -> pi- nu_mu mu+           :     1 / 436 =  0.23%
 --- D0 -> rho+ pi-                :     3 / 436 =  0.69%
 --- D0 -> rho- pi+                :     2 / 436 =  0.46%
 -- bkg / total:      7 / 436 = ( 1.61 + 0.72 - 0.50)%
 -- sig / total:    429 / 436 = (98.39 + 0.50 - 0.72)%

 - p bin 5
 -- eta bin 0
 --- D0 -> K- pi+                  :   100 / 102 = 98.04%
 --- D0 -> rho+ pi-                :     1 / 102 =  0.98%
 --- D0 -> rho- pi+                :     1 / 102 =  0.98%
 -- bkg / total:      2 / 102 = ( 1.96 + 1.91 - 0.98)%
 -- sig / total:    100 / 102 = (98.04 + 0.98 - 1.91)%

 -- eta bin 1
 --- D0 -> K- pi+                  :   231 / 232 = 99.57%
 --- D0 -> pi+ pi-                 :     1 / 232 =  0.43%
 -- bkg / total:      1 / 232 = ( 0.43 + 0.69 - 0.27)%
 -- sig / total:    231 / 232 = (99.57 + 0.27 - 0.69)%

INFO Producing vmu constraints
INFO Opening MC files: ntuples/0.9.19-run2ang_noDLLmu/d0_bkg-mb-misid_corrections-k/Dst_ANNK--26_02_10--mc--10000000--201*.root
INFO Opened MC files:
  - ntuples/0.9.19-run2ang_noDLLmu/d0_bkg-mb-misid_corrections-k/Dst_ANNK--26_02_10--mc--10000000--2016--md.root
  - ntuples/0.9.19-run2ang_noDLLmu/d0_bkg-mb-misid_corrections-k/Dst_ANNK--26_02_10--mc--10000000--2016--mu.root
  - ntuples/0.9.19-run2ang_noDLLmu/d0_bkg-mb-misid_corrections-k/Dst_ANNK--26_02_10--mc--10000000--2017--md.root
  - ntuples/0.9.19-run2ang_noDLLmu/d0_bkg-mb-misid_corrections-k/Dst_ANNK--26_02_10--mc--10000000--2017--mu.root
  - ntuples/0.9.19-run2ang_noDLLmu/d0_bkg-mb-misid_corrections-k/Dst_ANNK--26_02_10--mc--10000000--2018--md.root
  - ntuples/0.9.19-run2ang_noDLLmu/d0_bkg-mb-misid_corrections-k/Dst_ANNK--26_02_10--mc--10000000--2018--mu.root
INFO Starting MC event loop over 1328796 entries
INFO Opening MC files: ntuples/0.9.19-run2ang_noDLLmu/d0_bkg-mb-misid_corrections-pi/Dst_ANNPi--26_02_10--mc--10000000--201*.root
INFO Opened MC files:
  - ntuples/0.9.19-run2ang_noDLLmu/d0_bkg-mb-misid_corrections-pi/Dst_ANNPi--26_02_10--mc--10000000--2016--md.root
  - ntuples/0.9.19-run2ang_noDLLmu/d0_bkg-mb-misid_corrections-pi/Dst_ANNPi--26_02_10--mc--10000000--2016--mu.root
  - ntuples/0.9.19-run2ang_noDLLmu/d0_bkg-mb-misid_corrections-pi/Dst_ANNPi--26_02_10--mc--10000000--2017--md.root
  - ntuples/0.9.19-run2ang_noDLLmu/d0_bkg-mb-misid_corrections-pi/Dst_ANNPi--26_02_10--mc--10000000--2017--mu.root
  - ntuples/0.9.19-run2ang_noDLLmu/d0_bkg-mb-misid_corrections-pi/Dst_ANNPi--26_02_10--mc--10000000--2018--md.root
  - ntuples/0.9.19-run2ang_noDLLmu/d0_bkg-mb-misid_corrections-pi/Dst_ANNPi--26_02_10--mc--10000000--2018--mu.root
INFO Starting MC event loop over 1328796 entries

INFO Printing failed counts for pi
 - p bin 0
 -- eta bin 0
 --- D0 -> K- nu_e e+              :   120 / 71610 =  0.17%
 --- D0 -> K- nu_mu mu+            :   147 / 71610 =  0.21%
 --- D0 -> K- pi+                  : 71154 / 71610 = 99.36%
 --- D0 -> K- pi+ pi+ pi-          :     1 / 71610 =  0.00%
 --- D0 -> K- pi+ pi0              :     9 / 71610 =  0.01%
 --- D0 -> K_S0 omega              :     1 / 71610 =  0.00%
 --- D0 -> K_S0 pi+ pi-            :     1 / 71610 =  0.00%
 --- D0 -> pi+ pi-                 :   102 / 71610 =  0.14%
 --- D0 -> pi- nu_e e+             :    23 / 71610 =  0.03%
 --- D0 -> pi- nu_mu mu+           :    48 / 71610 =  0.07%
 --- D0 -> rho- pi+                :     4 / 71610 =  0.01%
 -- bkg / total:    456 / 71610 = ( 0.64 + 0.03 - 0.03)%
 -- sig / total:  71154 / 71610 = (99.36 + 0.03 - 0.03)%

 -- eta bin 1
 --- D0 -> K- nu_e e+              :     2 / 1664 =  0.12%
 --- D0 -> K- nu_mu mu+            :     3 / 1664 =  0.18%
 --- D0 -> K- pi+                  :  1653 / 1664 = 99.34%
 --- D0 -> pi+ pi-                 :     6 / 1664 =  0.36%
 -- bkg / total:     11 / 1664 = ( 0.66 + 0.23 - 0.17)%
 -- sig / total:   1653 / 1664 = (99.34 + 0.17 - 0.23)%

 - p bin 1
 -- eta bin 0
 --- D0 -> K+ pi-                  :     1 / 113072 =  0.00%
 --- D0 -> K- nu_e e+              :    56 / 113072 =  0.05%
 --- D0 -> K- nu_mu mu+            :   102 / 113072 =  0.09%
 --- D0 -> K- pi+                  : 112642 / 113072 = 99.62%
 --- D0 -> K- pi+ pi0              :     8 / 113072 =  0.01%
 --- D0 -> pi+ pi-                 :   117 / 113072 =  0.10%
 --- D0 -> pi+ pi- K_L0            :     1 / 113072 =  0.00%
 --- D0 -> pi- nu_e e+             :    26 / 113072 =  0.02%
 --- D0 -> pi- nu_mu mu+           :    70 / 113072 =  0.06%
 --- D0 -> rho+ pi-                :    29 / 113072 =  0.03%
 --- D0 -> rho- pi+                :    20 / 113072 =  0.02%
 -- bkg / total:    430 / 113072 = ( 0.38 + 0.02 - 0.02)%
 -- sig / total: 112642 / 113072 = (99.62 + 0.02 - 0.02)%

 -- eta bin 1
 --- D0 -> K- nu_e e+              :     6 / 17229 =  0.03%
 --- D0 -> K- nu_mu mu+            :    31 / 17229 =  0.18%
 --- D0 -> K- pi+                  : 17148 / 17229 = 99.53%
 --- D0 -> K- pi+ pi0              :     4 / 17229 =  0.02%
 --- D0 -> pi+ pi-                 :    28 / 17229 =  0.16%
 --- D0 -> pi- nu_e e+             :     2 / 17229 =  0.01%
 --- D0 -> pi- nu_mu mu+           :     6 / 17229 =  0.03%
 --- D0 -> rho+ pi-                :     2 / 17229 =  0.01%
 --- D0 -> rho- pi+                :     2 / 17229 =  0.01%
 -- bkg / total:     81 / 17229 = ( 0.47 + 0.06 - 0.05)%
 -- sig / total:  17148 / 17229 = (99.53 + 0.05 - 0.06)%

 - p bin 2
 -- eta bin 0
 --- D0 -> K+ K-                   :     5 / 134120 =  0.00%
 --- D0 -> K+ K- K_L0              :     1 / 134120 =  0.00%
 --- D0 -> K+ pi-                  :     4 / 134120 =  0.00%
 --- D0 -> K+ pi- pi0              :     2 / 134120 =  0.00%
 --- D0 -> K- nu_e e+              :    31 / 134120 =  0.02%
 --- D0 -> K- nu_mu mu+            :    96 / 134120 =  0.07%
 --- D0 -> K- pi+                  : 132744 / 134120 = 98.97%
 --- D0 -> K- pi+ pi0              :     8 / 134120 =  0.01%
 --- D0 -> K_S0 pi+ pi-            :     8 / 134120 =  0.01%
 --- D0 -> pi+ pi+ pi- pi-         :     2 / 134120 =  0.00%
 --- D0 -> pi+ pi-                 :   115 / 134120 =  0.09%
 --- D0 -> pi+ pi- K_L0            :    11 / 134120 =  0.01%
 --- D0 -> pi+ pi- pi0             :    25 / 134120 =  0.02%
 --- D0 -> pi- nu_e e+             :    43 / 134120 =  0.03%
 --- D0 -> pi- nu_mu mu+           :    97 / 134120 =  0.07%
 --- D0 -> rho+ pi-                :   480 / 134120 =  0.36%
 --- D0 -> rho- pi+                :   448 / 134120 =  0.33%
 -- bkg / total:   1376 / 134120 = ( 1.03 + 0.03 - 0.03)%
 -- sig / total: 132744 / 134120 = (98.97 + 0.03 - 0.03)%

 -- eta bin 1
 --- D0 -> K+ K-                   :     1 / 31787 =  0.00%
 --- D0 -> K- nu_e e+              :     7 / 31787 =  0.02%
 --- D0 -> K- nu_mu mu+            :    33 / 31787 =  0.10%
 --- D0 -> K- pi+                  : 31603 / 31787 = 99.42%
 --- D0 -> K- pi+ pi0              :     7 / 31787 =  0.02%
 --- D0 -> pi+ pi-                 :    52 / 31787 =  0.16%
 --- D0 -> pi+ pi- K_L0            :     1 / 31787 =  0.00%
 --- D0 -> pi+ pi- pi0             :     1 / 31787 =  0.00%
 --- D0 -> pi- nu_e e+             :     4 / 31787 =  0.01%
 --- D0 -> pi- nu_mu mu+           :    23 / 31787 =  0.07%
 --- D0 -> rho+ pi-                :    30 / 31787 =  0.09%
 --- D0 -> rho- pi+                :    25 / 31787 =  0.08%
 -- bkg / total:    184 / 31787 = ( 0.58 + 0.04 - 0.04)%
 -- sig / total:  31603 / 31787 = (99.42 + 0.04 - 0.04)%

 - p bin 3
 -- eta bin 0
 --- D0 -> K*+ pi-                 :     7 / 206439 =  0.00%
 --- D0 -> K*- K+                  :     2 / 206439 =  0.00%
 --- D0 -> K*- nu_mu mu+           :    10 / 206439 =  0.00%
 --- D0 -> K*- pi+ pi0             :     4 / 206439 =  0.00%
 --- D0 -> K*- rho+                :    24 / 206439 =  0.01%
 --- D0 -> K*0 anti-K0             :     1 / 206439 =  0.00%
 --- D0 -> K+ K-                   :    31 / 206439 =  0.02%
 --- D0 -> K+ K- pi+ pi-           :     2 / 206439 =  0.00%
 --- D0 -> K+ K_S0 pi-             :    10 / 206439 =  0.00%
 --- D0 -> K+ pi+ pi- pi-          :     4 / 206439 =  0.00%
 --- D0 -> K+ pi-                  :     5 / 206439 =  0.00%
 --- D0 -> K+ pi- K_L0             :    11 / 206439 =  0.01%
 --- D0 -> K+ pi- pi0              :    21 / 206439 =  0.01%
 --- D0 -> K- eta pi+              :     1 / 206439 =  0.00%
 --- D0 -> K- nu_e e+              :    32 / 206439 =  0.02%
 --- D0 -> K- nu_mu mu+            :   132 / 206439 =  0.06%
 --- D0 -> K- pi+                  : 199646 / 206439 = 96.71%
 --- D0 -> K- pi+ pi+ pi-          :    10 / 206439 =  0.00%
 --- D0 -> K- pi+ pi0              :    10 / 206439 =  0.00%
 --- D0 -> K_1- pi+                :     9 / 206439 =  0.00%
 --- D0 -> K_S0 omega              :     1 / 206439 =  0.00%
 --- D0 -> K_S0 pi+ pi-            :   504 / 206439 =  0.24%
 --- D0 -> K_S0 pi+ pi- pi0        :    32 / 206439 =  0.02%
 --- D0 -> a_1+ K-                 :     1 / 206439 =  0.00%
 --- D0 -> anti-K*0 omega          :     2 / 206439 =  0.00%
 --- D0 -> anti-K*0 pi+ pi-        :    14 / 206439 =  0.01%
 --- D0 -> anti-K*0 rho0           :     1 / 206439 =  0.00%
 --- D0 -> eta pi+ pi-             :     5 / 206439 =  0.00%
 --- D0 -> omega pi+ pi-           :     3 / 206439 =  0.00%
 --- D0 -> phi pi+ pi-             :     1 / 206439 =  0.00%
 --- D0 -> pi+ pi+ pi- pi-         :    79 / 206439 =  0.04%
 --- D0 -> pi+ pi+ pi- pi- pi0     :     5 / 206439 =  0.00%
 --- D0 -> pi+ pi-                 :   123 / 206439 =  0.06%
 --- D0 -> pi+ pi- K_L0            :   440 / 206439 =  0.21%
 --- D0 -> pi+ pi- K_L0 pi0        :     5 / 206439 =  0.00%
 --- D0 -> pi+ pi- pi0             :   116 / 206439 =  0.06%
 --- D0 -> pi+ pi- pi0 pi0         :    29 / 206439 =  0.01%
 --- D0 -> pi+ pi- pi0 pi0 pi0     :     1 / 206439 =  0.00%
 --- D0 -> pi- nu_e e+             :   127 / 206439 =  0.06%
 --- D0 -> pi- nu_mu mu+           :   294 / 206439 =  0.14%
 --- D0 -> rho+ pi-                :  2483 / 206439 =  1.20%
 --- D0 -> rho- nu_e e+            :     1 / 206439 =  0.00%
 --- D0 -> rho- nu_mu mu+          :     5 / 206439 =  0.00%
 --- D0 -> rho- pi+                :  2125 / 206439 =  1.03%
 --- D0 -> rho0 pi0                :     4 / 206439 =  0.00%
 --- D0 -> rho0 rho0               :     8 / 206439 =  0.00%
 --- K*0 -> K+ pi-                 :     1 / 206439 =  0.00%
 --- K_1+ -> K+ pi+ pi-            :     1 / 206439 =  0.00%
 --- a_1+ -> pi+ rho0              :     3 / 206439 =  0.00%
 --- omega -> pi+ pi-              :     1 / 206439 =  0.00%
 --- rho0 -> pi+ pi-               :    52 / 206439 =  0.03%
 -- bkg / total:   6793 / 206439 = ( 3.29 + 0.04 - 0.04)%
 -- sig / total: 199646 / 206439 = (96.71 + 0.04 - 0.04)%

 -- eta bin 1
 --- D0 -> K*- rho+                :     5 / 65924 =  0.01%
 --- D0 -> K+ K-                   :     4 / 65924 =  0.01%
 --- D0 -> K+ K_S0 pi-             :     3 / 65924 =  0.00%
 --- D0 -> K+ pi-                  :     7 / 65924 =  0.01%
 --- D0 -> K+ pi- K_L0             :     1 / 65924 =  0.00%
 --- D0 -> K- nu_e e+              :     9 / 65924 =  0.01%
 --- D0 -> K- nu_mu mu+            :    59 / 65924 =  0.09%
 --- D0 -> K- pi+                  : 64852 / 65924 = 98.37%
 --- D0 -> K- pi+ pi+ pi-          :     1 / 65924 =  0.00%
 --- D0 -> K- pi+ pi0              :     6 / 65924 =  0.01%
 --- D0 -> K_1- pi+                :     5 / 65924 =  0.01%
 --- D0 -> K_S0 pi+ pi-            :    39 / 65924 =  0.06%
 --- D0 -> K_S0 pi+ pi- pi0        :     1 / 65924 =  0.00%
 --- D0 -> anti-K*0 pi+ pi-        :     1 / 65924 =  0.00%
 --- D0 -> pi+ pi+ pi- pi-         :     6 / 65924 =  0.01%
 --- D0 -> pi+ pi+ pi- pi- pi0     :     1 / 65924 =  0.00%
 --- D0 -> pi+ pi-                 :    99 / 65924 =  0.15%
 --- D0 -> pi+ pi- K_L0            :    38 / 65924 =  0.06%
 --- D0 -> pi+ pi- pi0             :    14 / 65924 =  0.02%
 --- D0 -> pi+ pi- pi0 pi0         :     2 / 65924 =  0.00%
 --- D0 -> pi- nu_e e+             :    22 / 65924 =  0.03%
 --- D0 -> pi- nu_mu mu+           :    66 / 65924 =  0.10%
 --- D0 -> rho+ pi-                :   348 / 65924 =  0.53%
 --- D0 -> rho- nu_mu mu+          :     1 / 65924 =  0.00%
 --- D0 -> rho- pi+                :   332 / 65924 =  0.50%
 --- rho0 -> pi+ pi-               :     2 / 65924 =  0.00%
 -- bkg / total:   1072 / 65924 = ( 1.63 + 0.05 - 0.05)%
 -- sig / total:  64852 / 65924 = (98.37 + 0.05 - 0.05)%

 - p bin 4
 -- eta bin 0
 --- D0 -> K*+ pi-                 :    11 / 204036 =  0.01%
 --- D0 -> K*- K+                  :    10 / 204036 =  0.00%
 --- D0 -> K*- nu_e e+             :     7 / 204036 =  0.00%
 --- D0 -> K*- nu_mu mu+           :    20 / 204036 =  0.01%
 --- D0 -> K*- pi+ pi0             :    12 / 204036 =  0.01%
 --- D0 -> K*- rho+                :    78 / 204036 =  0.04%
 --- D0 -> K+ K-                   :    60 / 204036 =  0.03%
 --- D0 -> K+ K- K_S0              :     1 / 204036 =  0.00%
 --- D0 -> K+ K- pi+ pi-           :    14 / 204036 =  0.01%
 --- D0 -> K+ K- pi+ pi- pi0       :     3 / 204036 =  0.00%
 --- D0 -> K+ K- pi0 pi0           :     1 / 204036 =  0.00%
 --- D0 -> K+ K_S0 pi-             :    65 / 204036 =  0.03%
 --- D0 -> K+ pi+ pi- pi-          :     6 / 204036 =  0.00%
 --- D0 -> K+ pi-                  :     7 / 204036 =  0.00%
 --- D0 -> K+ pi- K_L0             :    68 / 204036 =  0.03%
 --- D0 -> K+ pi- pi0              :    30 / 204036 =  0.01%
 --- D0 -> K- K_S0 pi+             :     2 / 204036 =  0.00%
 --- D0 -> K- eta pi+              :     3 / 204036 =  0.00%
 --- D0 -> K- nu_e e+              :    15 / 204036 =  0.01%
 --- D0 -> K- nu_mu mu+            :    98 / 204036 =  0.05%
 --- D0 -> K- omega pi+            :     2 / 204036 =  0.00%
 --- D0 -> K- pi+                  : 194243 / 204036 = 95.20%
 --- D0 -> K- pi+ pi+ pi+ pi-      :     1 / 204036 =  0.00%
 --- D0 -> K- pi+ pi+ pi-          :    70 / 204036 =  0.03%
 --- D0 -> K- pi+ pi0              :    95 / 204036 =  0.05%
 --- D0 -> K- pi+ pi0 pi0 pi0      :     1 / 204036 =  0.00%
 --- D0 -> K- pi+ rho0             :     4 / 204036 =  0.00%
 --- D0 -> K- rho+ pi0             :     1 / 204036 =  0.00%
 --- D0 -> K_1- pi+                :    27 / 204036 =  0.01%
 --- D0 -> K_S0 omega              :     3 / 204036 =  0.00%
 --- D0 -> K_S0 pi+ pi+ pi- pi-    :     3 / 204036 =  0.00%
 --- D0 -> K_S0 pi+ pi-            :  1346 / 204036 =  0.66%
 --- D0 -> K_S0 pi+ pi- pi0        :   131 / 204036 =  0.06%
 --- D0 -> a_1+ K-                 :     1 / 204036 =  0.00%
 --- D0 -> anti-K*0 eta            :     3 / 204036 =  0.00%
 --- D0 -> anti-K*0 pi+ pi-        :    72 / 204036 =  0.04%
 --- D0 -> anti-K*0 pi+ pi- pi0    :     5 / 204036 =  0.00%
 --- D0 -> anti-K*0 rho0           :     3 / 204036 =  0.00%
 --- D0 -> anti-K0 pi- nu_e e+     :     1 / 204036 =  0.00%
 --- D0 -> anti-K0 pi- nu_mu mu+   :     1 / 204036 =  0.00%
 --- D0 -> anti-K_10 pi0           :     1 / 204036 =  0.00%
 --- D0 -> eta eta                 :     1 / 204036 =  0.00%
 --- D0 -> eta pi+ pi-             :    17 / 204036 =  0.01%
 --- D0 -> eta' K_S0               :     1 / 204036 =  0.00%
 --- D0 -> eta' pi+ pi-            :     2 / 204036 =  0.00%
 --- D0 -> omega pi+ pi-           :    11 / 204036 =  0.01%
 --- D0 -> phi pi+ pi-             :     2 / 204036 =  0.00%
 --- D0 -> pi+ pi+ pi+ pi- pi-     :     5 / 204036 =  0.00%
 --- D0 -> pi+ pi+ pi- pi-         :   241 / 204036 =  0.12%
 --- D0 -> pi+ pi+ pi- pi- K_L0    :     2 / 204036 =  0.00%
 --- D0 -> pi+ pi+ pi- pi- pi0     :    10 / 204036 =  0.00%
 --- D0 -> pi+ pi-                 :    47 / 204036 =  0.02%
 --- D0 -> pi+ pi- K_L0            :  1189 / 204036 =  0.58%
 --- D0 -> pi+ pi- K_L0 pi0        :    15 / 204036 =  0.01%
 --- D0 -> pi+ pi- pi0             :   124 / 204036 =  0.06%
 --- D0 -> pi+ pi- pi0 pi0         :   104 / 204036 =  0.05%
 --- D0 -> pi+ pi- pi0 pi0 pi0     :    15 / 204036 =  0.01%
 --- D0 -> pi- nu_e e+             :   118 / 204036 =  0.06%
 --- D0 -> pi- nu_mu mu+           :   266 / 204036 =  0.13%
 --- D0 -> rho+ pi-                :  2621 / 204036 =  1.28%
 --- D0 -> rho- nu_e e+            :     2 / 204036 =  0.00%
 --- D0 -> rho- nu_mu mu+          :     6 / 204036 =  0.00%
 --- D0 -> rho- pi+                :  2186 / 204036 =  1.07%
 --- D0 -> rho0 pi0                :     6 / 204036 =  0.00%
 --- D0 -> rho0 rho0               :    21 / 204036 =  0.01%
 --- K*+ -> K0 pi+                 :     2 / 204036 =  0.00%
 --- K*0 -> K+ pi-                 :     8 / 204036 =  0.00%
 --- K_10 -> K0 pi+ pi-            :     1 / 204036 =  0.00%
 --- K_2*+ -> K*0 pi+              :     1 / 204036 =  0.00%
 --- a_1+ -> pi+ rho0              :    13 / 204036 =  0.01%
 --- a_1+ -> rho+ pi0              :     8 / 204036 =  0.00%
 --- eta' -> pi+ pi- pi0           :     1 / 204036 =  0.00%
 --- eta' -> rho0                  :     1 / 204036 =  0.00%
 --- omega -> pi+ pi-              :    10 / 204036 =  0.00%
 --- phi -> rho+ pi-               :     1 / 204036 =  0.00%
 --- rho+ -> pi+ pi0               :    16 / 204036 =  0.01%
 --- rho0 -> pi+ pi-               :   437 / 204036 =  0.21%
 -- bkg / total:   9793 / 204036 = ( 4.80 + 0.05 - 0.05)%
 -- sig / total: 194243 / 204036 = (95.20 + 0.05 - 0.05)%

 -- eta bin 1
 --- D0 -> K*+ pi-                 :     6 / 157014 =  0.00%
 --- D0 -> K*- K+                  :    11 / 157014 =  0.01%
 --- D0 -> K*- nu_e e+             :     2 / 157014 =  0.00%
 --- D0 -> K*- nu_mu mu+           :    19 / 157014 =  0.01%
 --- D0 -> K*- pi+ pi0             :    11 / 157014 =  0.01%
 --- D0 -> K*- rho+                :    49 / 157014 =  0.03%
 --- D0 -> K+ K-                   :    40 / 157014 =  0.03%
 --- D0 -> K+ K- pi+ pi-           :     5 / 157014 =  0.00%
 --- D0 -> K+ K- pi+ pi- pi0       :     1 / 157014 =  0.00%
 --- D0 -> K+ K_S0 pi-             :    36 / 157014 =  0.02%
 --- D0 -> K+ pi+ pi- pi-          :     3 / 157014 =  0.00%
 --- D0 -> K+ pi-                  :    13 / 157014 =  0.01%
 --- D0 -> K+ pi- K_L0             :    34 / 157014 =  0.02%
 --- D0 -> K+ pi- pi0              :    20 / 157014 =  0.01%
 --- D0 -> K- eta pi+              :     3 / 157014 =  0.00%
 --- D0 -> K- nu_e e+              :    15 / 157014 =  0.01%
 --- D0 -> K- nu_mu mu+            :    96 / 157014 =  0.06%
 --- D0 -> K- omega pi+            :     1 / 157014 =  0.00%
 --- D0 -> K- pi+                  : 150421 / 157014 = 95.80%
 --- D0 -> K- pi+ pi+ pi-          :    29 / 157014 =  0.02%
 --- D0 -> K- pi+ pi0              :    42 / 157014 =  0.03%
 --- D0 -> K- pi+ rho0             :     1 / 157014 =  0.00%
 --- D0 -> K- rho+ pi0             :     1 / 157014 =  0.00%
 --- D0 -> K0 anti-K0 pi0 pi0      :     1 / 157014 =  0.00%
 --- D0 -> K_1- pi+                :    28 / 157014 =  0.02%
 --- D0 -> K_S0 omega              :     2 / 157014 =  0.00%
 --- D0 -> K_S0 pi+ pi-            :   786 / 157014 =  0.50%
 --- D0 -> K_S0 pi+ pi- pi0        :    90 / 157014 =  0.06%
 --- D0 -> a_1+ K-                 :     1 / 157014 =  0.00%
 --- D0 -> anti-K*0 pi+ pi-        :    32 / 157014 =  0.02%
 --- D0 -> anti-K*0 pi+ pi- pi0    :     1 / 157014 =  0.00%
 --- D0 -> anti-K*0 pi0 pi0        :     1 / 157014 =  0.00%
 --- D0 -> anti-K*0 rho0           :     4 / 157014 =  0.00%
 --- D0 -> anti-K0 pi- nu_mu mu+   :     2 / 157014 =  0.00%
 --- D0 -> eta pi+ pi-             :     8 / 157014 =  0.01%
 --- D0 -> eta' eta                :     1 / 157014 =  0.00%
 --- D0 -> eta' pi+ pi-            :     3 / 157014 =  0.00%
 --- D0 -> omega pi+ pi-           :    12 / 157014 =  0.01%
 --- D0 -> phi K_S0                :     1 / 157014 =  0.00%
 --- D0 -> pi+ pi+ pi- pi-         :   153 / 157014 =  0.10%
 --- D0 -> pi+ pi+ pi- pi- K_L0    :     2 / 157014 =  0.00%
 --- D0 -> pi+ pi+ pi- pi- pi0     :     8 / 157014 =  0.01%
 --- D0 -> pi+ pi-                 :    83 / 157014 =  0.05%
 --- D0 -> pi+ pi- K_L0            :   738 / 157014 =  0.47%
 --- D0 -> pi+ pi- K_L0 pi0        :    11 / 157014 =  0.01%
 --- D0 -> pi+ pi- pi0             :   113 / 157014 =  0.07%
 --- D0 -> pi+ pi- pi0 pi0         :    62 / 157014 =  0.04%
 --- D0 -> pi+ pi- pi0 pi0 pi0     :     8 / 157014 =  0.01%
 --- D0 -> pi- nu_e e+             :    91 / 157014 =  0.06%
 --- D0 -> pi- nu_mu mu+           :   210 / 157014 =  0.13%
 --- D0 -> rho+ pi-                :  1817 / 157014 =  1.16%
 --- D0 -> rho- nu_e e+            :     1 / 157014 =  0.00%
 --- D0 -> rho- nu_mu mu+          :     7 / 157014 =  0.00%
 --- D0 -> rho- pi+                :  1596 / 157014 =  1.02%
 --- D0 -> rho0 pi0                :     4 / 157014 =  0.00%
 --- D0 -> rho0 rho0               :    19 / 157014 =  0.01%
 --- K*+ -> K0 pi+                 :     1 / 157014 =  0.00%
 --- K*0 -> K+ pi-                 :     3 / 157014 =  0.00%
 --- K_10 -> K0 pi+ pi-            :     1 / 157014 =  0.00%
 --- a_1+ -> pi+ rho0              :     6 / 157014 =  0.00%
 --- a_1+ -> rho+ pi0              :     1 / 157014 =  0.00%
 --- omega -> pi+ pi-              :     4 / 157014 =  0.00%
 --- phi -> rho+ pi-               :     2 / 157014 =  0.00%
 --- rho+ -> pi+ pi0               :     6 / 157014 =  0.00%
 --- rho0 -> pi+ pi-               :   235 / 157014 =  0.15%
 -- bkg / total:   6593 / 157014 = ( 4.20 + 0.05 - 0.05)%
 -- sig / total: 150421 / 157014 = (95.80 + 0.05 - 0.05)%

 - p bin 5
 -- eta bin 0
 --- D0 -> K*+ pi-                 :     1 / 30386 =  0.00%
 --- D0 -> K*- K+                  :     1 / 30386 =  0.00%
 --- D0 -> K*- nu_mu mu+           :     2 / 30386 =  0.01%
 --- D0 -> K*- pi+ pi0             :     1 / 30386 =  0.00%
 --- D0 -> K*- rho+                :    15 / 30386 =  0.05%
 --- D0 -> K+ K-                   :    13 / 30386 =  0.04%
 --- D0 -> K+ K- pi+ pi-           :     3 / 30386 =  0.01%
 --- D0 -> K+ K- pi+ pi- pi0       :     1 / 30386 =  0.00%
 --- D0 -> K+ K_S0 pi-             :    16 / 30386 =  0.05%
 --- D0 -> K+ pi+ pi- pi-          :     3 / 30386 =  0.01%
 --- D0 -> K+ pi-                  :     1 / 30386 =  0.00%
 --- D0 -> K+ pi- K_L0             :    17 / 30386 =  0.06%
 --- D0 -> K+ pi- pi0              :    10 / 30386 =  0.03%
 --- D0 -> K- nu_e e+              :     3 / 30386 =  0.01%
 --- D0 -> K- nu_mu mu+            :    13 / 30386 =  0.04%
 --- D0 -> K- pi+                  : 28922 / 30386 = 95.18%
 --- D0 -> K- pi+ pi+ pi-          :     5 / 30386 =  0.02%
 --- D0 -> K- pi+ pi0              :    35 / 30386 =  0.12%
 --- D0 -> K- rho+ pi0             :     1 / 30386 =  0.00%
 --- D0 -> K_1- pi+                :     5 / 30386 =  0.02%
 --- D0 -> K_S0 pi+ pi-            :   225 / 30386 =  0.74%
 --- D0 -> K_S0 pi+ pi- pi0        :    22 / 30386 =  0.07%
 --- D0 -> a_1+ K-                 :     1 / 30386 =  0.00%
 --- D0 -> anti-K*0                :     1 / 30386 =  0.00%
 --- D0 -> anti-K*0 pi+ pi-        :     9 / 30386 =  0.03%
 --- D0 -> anti-K*0 pi+ pi- pi0    :     1 / 30386 =  0.00%
 --- D0 -> anti-K*0 rho0           :     2 / 30386 =  0.01%
 --- D0 -> anti-K0 pi- nu_e e+     :     1 / 30386 =  0.00%
 --- D0 -> anti-K0 pi- nu_mu mu+   :     3 / 30386 =  0.01%
 --- D0 -> eta pi+ pi-             :     4 / 30386 =  0.01%
 --- D0 -> eta' pi0                :     1 / 30386 =  0.00%
 --- D0 -> omega pi+ pi-           :     3 / 30386 =  0.01%
 --- D0 -> pi+ pi+ pi- pi-         :    38 / 30386 =  0.13%
 --- D0 -> pi+ pi+ pi- pi- pi0     :     1 / 30386 =  0.00%
 --- D0 -> pi+ pi-                 :     6 / 30386 =  0.02%
 --- D0 -> pi+ pi- K_L0            :   188 / 30386 =  0.62%
 --- D0 -> pi+ pi- K_L0 pi0        :     3 / 30386 =  0.01%
 --- D0 -> pi+ pi- pi0             :    16 / 30386 =  0.05%
 --- D0 -> pi+ pi- pi0 pi0         :    22 / 30386 =  0.07%
 --- D0 -> pi+ pi- pi0 pi0 pi0     :     1 / 30386 =  0.00%
 --- D0 -> pi- nu_e e+             :    15 / 30386 =  0.05%
 --- D0 -> pi- nu_mu mu+           :    38 / 30386 =  0.13%
 --- D0 -> rho+ pi-                :   326 / 30386 =  1.07%
 --- D0 -> rho- nu_mu mu+          :     1 / 30386 =  0.00%
 --- D0 -> rho- pi+                :   282 / 30386 =  0.93%
 --- D0 -> rho0 pi0                :     1 / 30386 =  0.00%
 --- D0 -> rho0 rho0               :     2 / 30386 =  0.01%
 --- K*0 -> K+ pi-                 :     1 / 30386 =  0.00%
 --- K_1+ -> K*0 pi+               :     1 / 30386 =  0.00%
 --- a_1+ -> pi+ rho0              :     1 / 30386 =  0.00%
 --- a_1+ -> rho+ pi0              :     1 / 30386 =  0.00%
 --- omega -> pi+ pi-              :     6 / 30386 =  0.02%
 --- omega -> pi+ pi- pi0          :     1 / 30386 =  0.00%
 --- rho+ -> pi+ pi0               :     4 / 30386 =  0.01%
 --- rho0 -> pi+ pi-               :    90 / 30386 =  0.30%
 -- bkg / total:   1464 / 30386 = ( 4.82 + 0.12 - 0.12)%
 -- sig / total:  28922 / 30386 = (95.18 + 0.12 - 0.12)%

 -- eta bin 1
 --- D0 -> K*+ pi-                 :     4 / 77268 =  0.01%
 --- D0 -> K*- K+                  :    10 / 77268 =  0.01%
 --- D0 -> K*- nu_e e+             :     2 / 77268 =  0.00%
 --- D0 -> K*- nu_mu mu+           :    13 / 77268 =  0.02%
 --- D0 -> K*- pi+ pi0             :     4 / 77268 =  0.01%
 --- D0 -> K*- rho+                :    48 / 77268 =  0.06%
 --- D0 -> K+ K-                   :    32 / 77268 =  0.04%
 --- D0 -> K+ K- pi+ pi-           :     7 / 77268 =  0.01%
 --- D0 -> K+ K- pi0               :     1 / 77268 =  0.00%
 --- D0 -> K+ K_S0 pi-             :    26 / 77268 =  0.03%
 --- D0 -> K+ pi+ pi- pi-          :     1 / 77268 =  0.00%
 --- D0 -> K+ pi-                  :     3 / 77268 =  0.00%
 --- D0 -> K+ pi- K_L0             :    32 / 77268 =  0.04%
 --- D0 -> K+ pi- pi0              :    10 / 77268 =  0.01%
 --- D0 -> K- eta pi+              :     2 / 77268 =  0.00%
 --- D0 -> K- nu_e e+              :     3 / 77268 =  0.00%
 --- D0 -> K- nu_mu mu+            :    36 / 77268 =  0.05%
 --- D0 -> K- omega pi+            :     1 / 77268 =  0.00%
 --- D0 -> K- pi+                  : 73383 / 77268 = 94.97%
 --- D0 -> K- pi+ pi+ pi-          :    28 / 77268 =  0.04%
 --- D0 -> K- pi+ pi0              :    50 / 77268 =  0.06%
 --- D0 -> K- pi+ rho0             :     1 / 77268 =  0.00%
 --- D0 -> K- rho+ pi0             :     1 / 77268 =  0.00%
 --- D0 -> K_1- pi+                :    12 / 77268 =  0.02%
 --- D0 -> K_S0 omega              :     4 / 77268 =  0.01%
 --- D0 -> K_S0 pi+ pi+ pi- pi-    :     2 / 77268 =  0.00%
 --- D0 -> K_S0 pi+ pi-            :   571 / 77268 =  0.74%
 --- D0 -> K_S0 pi+ pi- pi0        :    52 / 77268 =  0.07%
 --- D0 -> anti-K*0                :     1 / 77268 =  0.00%
 --- D0 -> anti-K*0 omega          :     1 / 77268 =  0.00%
 --- D0 -> anti-K*0 pi+ pi-        :    25 / 77268 =  0.03%
 --- D0 -> anti-K*0 pi+ pi- pi0    :     2 / 77268 =  0.00%
 --- D0 -> anti-K*0 pi0            :     1 / 77268 =  0.00%
 --- D0 -> anti-K0 pi- nu_mu mu+   :     1 / 77268 =  0.00%
 --- D0 -> eta pi+ pi-             :    15 / 77268 =  0.02%
 --- D0 -> eta' K_S0               :     1 / 77268 =  0.00%
 --- D0 -> eta' pi+ pi-            :     2 / 77268 =  0.00%
 --- D0 -> omega pi+ pi-           :     4 / 77268 =  0.01%
 --- D0 -> pi+ pi+ pi+ pi- pi-     :     1 / 77268 =  0.00%
 --- D0 -> pi+ pi+ pi- pi-         :    96 / 77268 =  0.12%
 --- D0 -> pi+ pi+ pi- pi- pi-     :     1 / 77268 =  0.00%
 --- D0 -> pi+ pi+ pi- pi- pi0     :     4 / 77268 =  0.01%
 --- D0 -> pi+ pi-                 :    23 / 77268 =  0.03%
 --- D0 -> pi+ pi- K_L0            :   523 / 77268 =  0.68%
 --- D0 -> pi+ pi- K_L0 pi0        :    11 / 77268 =  0.01%
 --- D0 -> pi+ pi- pi0             :    48 / 77268 =  0.06%
 --- D0 -> pi+ pi- pi0 pi0         :    46 / 77268 =  0.06%
 --- D0 -> pi+ pi- pi0 pi0 pi0     :     4 / 77268 =  0.01%
 --- D0 -> pi- nu_e e+             :    40 / 77268 =  0.05%
 --- D0 -> pi- nu_mu mu+           :   107 / 77268 =  0.14%
 --- D0 -> rho+ pi-                :   956 / 77268 =  1.24%
 --- D0 -> rho- nu_mu mu+          :     1 / 77268 =  0.00%
 --- D0 -> rho- pi+                :   797 / 77268 =  1.03%
 --- D0 -> rho0 pi0                :     6 / 77268 =  0.01%
 --- D0 -> rho0 rho0               :    10 / 77268 =  0.01%
 --- K*+ -> K+ pi0                 :     1 / 77268 =  0.00%
 --- K*+ -> K0 pi+                 :     1 / 77268 =  0.00%
 --- K*0 -> K+ pi-                 :     1 / 77268 =  0.00%
 --- K_1+ -> K+ pi+ pi-            :     1 / 77268 =  0.00%
 --- a_1+ -> pi+ rho0              :     2 / 77268 =  0.00%
 --- a_1+ -> rho+ pi0              :     5 / 77268 =  0.01%
 --- omega -> pi+ pi-              :     2 / 77268 =  0.00%
 --- omega -> pi+ pi- pi0          :     1 / 77268 =  0.00%
 --- phi -> rho+ pi-               :     1 / 77268 =  0.00%
 --- rho+ -> pi+ pi0               :     4 / 77268 =  0.01%
 --- rho0 -> pi+ pi-               :   183 / 77268 =  0.24%
 -- bkg / total:   3885 / 77268 = ( 5.03 + 0.08 - 0.08)%
 -- sig / total:  73383 / 77268 = (94.97 + 0.08 - 0.08)%


INFO Printing failed counts for k
 - p bin 0
 -- eta bin 0
 --- D0 -> K*+ pi-                 :     2 / 41555 =  0.00%
 --- D0 -> K*- K+                  :    10 / 41555 =  0.02%
 --- D0 -> K*- nu_e e+             :     3 / 41555 =  0.01%
 --- D0 -> K*- nu_mu mu+           :    25 / 41555 =  0.06%
 --- D0 -> K*- pi+ pi0             :    14 / 41555 =  0.03%
 --- D0 -> K*- rho+                :    93 / 41555 =  0.22%
 --- D0 -> K*0 anti-K0             :     1 / 41555 =  0.00%
 --- D0 -> K+ K-                   :    20 / 41555 =  0.05%
 --- D0 -> K+ K- K_L0              :     1 / 41555 =  0.00%
 --- D0 -> K+ K- pi+ pi-           :    12 / 41555 =  0.03%
 --- D0 -> K+ K- pi+ pi- pi0       :     1 / 41555 =  0.00%
 --- D0 -> K+ K_S0 pi-             :    66 / 41555 =  0.16%
 --- D0 -> K+ pi+ pi- pi-          :     9 / 41555 =  0.02%
 --- D0 -> K+ pi-                  :     1 / 41555 =  0.00%
 --- D0 -> K+ pi- K_L0             :    68 / 41555 =  0.16%
 --- D0 -> K+ pi- pi0              :    17 / 41555 =  0.04%
 --- D0 -> K- K_S0 pi+             :     1 / 41555 =  0.00%
 --- D0 -> K- eta pi+              :     4 / 41555 =  0.01%
 --- D0 -> K- nu_e e+              :     2 / 41555 =  0.00%
 --- D0 -> K- nu_mu mu+            :    24 / 41555 =  0.06%
 --- D0 -> K- omega pi+            :     3 / 41555 =  0.01%
 --- D0 -> K- pi+                  : 36126 / 41555 = 86.94%
 --- D0 -> K- pi+ pi+ pi+ pi-      :     1 / 41555 =  0.00%
 --- D0 -> K- pi+ pi+ pi-          :    50 / 41555 =  0.12%
 --- D0 -> K- pi+ pi0              :    85 / 41555 =  0.20%
 --- D0 -> K- pi+ rho0             :     2 / 41555 =  0.00%
 --- D0 -> K- rho+ pi0             :     4 / 41555 =  0.01%
 --- D0 -> K0 anti-K0 pi0 pi0      :     1 / 41555 =  0.00%
 --- D0 -> K_1- pi+                :    38 / 41555 =  0.09%
 --- D0 -> K_S0 omega              :     4 / 41555 =  0.01%
 --- D0 -> K_S0 pi+ pi+ pi- pi-    :     2 / 41555 =  0.00%
 --- D0 -> K_S0 pi+ pi-            :  1320 / 41555 =  3.18%
 --- D0 -> K_S0 pi+ pi- pi0        :   144 / 41555 =  0.35%
 --- D0 -> a_1+ K-                 :     1 / 41555 =  0.00%
 --- D0 -> anti-K*0 eta            :     2 / 41555 =  0.00%
 --- D0 -> anti-K*0 pi+ pi-        :    76 / 41555 =  0.18%
 --- D0 -> anti-K*0 pi+ pi- pi0    :     3 / 41555 =  0.01%
 --- D0 -> anti-K*0 rho0           :     4 / 41555 =  0.01%
 --- D0 -> anti-K0 pi- nu_e e+     :     1 / 41555 =  0.00%
 --- D0 -> anti-K0 pi- nu_mu mu+   :     4 / 41555 =  0.01%
 --- D0 -> eta eta                 :     1 / 41555 =  0.00%
 --- D0 -> eta pi+ pi-             :    21 / 41555 =  0.05%
 --- D0 -> eta' eta                :     1 / 41555 =  0.00%
 --- D0 -> eta' pi+ pi-            :     3 / 41555 =  0.01%
 --- D0 -> omega pi+ pi-           :    14 / 41555 =  0.03%
 --- D0 -> phi K_S0                :     1 / 41555 =  0.00%
 --- D0 -> pi+ pi+ pi+ pi- pi-     :     4 / 41555 =  0.01%
 --- D0 -> pi+ pi+ pi- pi-         :   243 / 41555 =  0.58%
 --- D0 -> pi+ pi+ pi- pi- K_L0    :     4 / 41555 =  0.01%
 --- D0 -> pi+ pi+ pi- pi- pi-     :     2 / 41555 =  0.00%
 --- D0 -> pi+ pi+ pi- pi- pi0     :     9 / 41555 =  0.02%
 --- D0 -> pi+ pi-                 :     6 / 41555 =  0.01%
 --- D0 -> pi+ pi- K_L0            :  1182 / 41555 =  2.84%
 --- D0 -> pi+ pi- K_L0 pi0        :    17 / 41555 =  0.04%
 --- D0 -> pi+ pi- pi0             :    62 / 41555 =  0.15%
 --- D0 -> pi+ pi- pi0 pi0         :    87 / 41555 =  0.21%
 --- D0 -> pi+ pi- pi0 pi0 pi0     :    11 / 41555 =  0.03%
 --- D0 -> pi- nu_e e+             :    66 / 41555 =  0.16%
 --- D0 -> pi- nu_mu mu+           :   105 / 41555 =  0.25%
 --- D0 -> rho+ pi-                :   458 / 41555 =  1.10%
 --- D0 -> rho- nu_e e+            :     1 / 41555 =  0.00%
 --- D0 -> rho- nu_mu mu+          :     9 / 41555 =  0.02%
 --- D0 -> rho- pi+                :   476 / 41555 =  1.15%
 --- D0 -> rho0 pi0                :    10 / 41555 =  0.02%
 --- D0 -> rho0 rho0               :    26 / 41555 =  0.06%
 --- K*+ -> K0 pi+                 :     2 / 41555 =  0.00%
 --- K*0 -> K+ pi-                 :     6 / 41555 =  0.01%
 --- K_1+ -> K*0 pi+               :     1 / 41555 =  0.00%
 --- K_10 -> K0 pi+ pi-            :     1 / 41555 =  0.00%
 --- a_1+ -> pi+ rho0              :     7 / 41555 =  0.02%
 --- a_1+ -> rho+ pi0              :     7 / 41555 =  0.02%
 --- eta' -> pi+ pi- pi0           :     1 / 41555 =  0.00%
 --- eta' -> rho0                  :     1 / 41555 =  0.00%
 --- omega -> pi+ pi-              :    11 / 41555 =  0.03%
 --- phi -> rho+ pi-               :     1 / 41555 =  0.00%
 --- rho+ -> pi+ pi0               :    14 / 41555 =  0.03%
 --- rho0 -> pi+ pi-               :   439 / 41555 =  1.06%
 -- bkg / total:   5429 / 41555 = (13.06 + 0.17 - 0.16)%
 -- sig / total:  36126 / 41555 = (86.94 + 0.16 - 0.17)%

 -- eta bin 1
 --- D0 -> K*- K+                  :     1 / 1678 =  0.06%
 --- D0 -> K*- pi+ pi0             :     2 / 1678 =  0.12%
 --- D0 -> K*- rho+                :     7 / 1678 =  0.42%
 --- D0 -> K+ K- pi+ pi-           :     3 / 1678 =  0.18%
 --- D0 -> K+ K_S0 pi-             :     5 / 1678 =  0.30%
 --- D0 -> K+ pi- K_L0             :     1 / 1678 =  0.06%
 --- D0 -> K- pi+                  :  1430 / 1678 = 85.22%
 --- D0 -> K- pi+ pi+ pi-          :     7 / 1678 =  0.42%
 --- D0 -> K- pi+ pi0              :     6 / 1678 =  0.36%
 --- D0 -> K- rho+ pi0             :     1 / 1678 =  0.06%
 --- D0 -> K_1- pi+                :     4 / 1678 =  0.24%
 --- D0 -> K_S0 omega              :     1 / 1678 =  0.06%
 --- D0 -> K_S0 pi+ pi+ pi- pi-    :     1 / 1678 =  0.06%
 --- D0 -> K_S0 pi+ pi-            :    55 / 1678 =  3.28%
 --- D0 -> K_S0 pi+ pi- pi0        :     9 / 1678 =  0.54%
 --- D0 -> anti-K*0 pi+ pi-        :     1 / 1678 =  0.06%
 --- D0 -> anti-K*0 pi+ pi- pi0    :     1 / 1678 =  0.06%
 --- D0 -> anti-K*0 rho0           :     1 / 1678 =  0.06%
 --- D0 -> eta pi+ pi-             :     3 / 1678 =  0.18%
 --- D0 -> pi+ pi+ pi+ pi- pi-     :     1 / 1678 =  0.06%
 --- D0 -> pi+ pi+ pi- pi-         :    11 / 1678 =  0.66%
 --- D0 -> pi+ pi-                 :     1 / 1678 =  0.06%
 --- D0 -> pi+ pi- K_L0            :    28 / 1678 =  1.67%
 --- D0 -> pi+ pi- K_L0 pi0        :     2 / 1678 =  0.12%
 --- D0 -> pi+ pi- pi0             :     3 / 1678 =  0.18%
 --- D0 -> pi+ pi- pi0 pi0         :     6 / 1678 =  0.36%
 --- D0 -> pi+ pi- pi0 pi0 pi0     :     2 / 1678 =  0.12%
 --- D0 -> pi- nu_e e+             :     2 / 1678 =  0.12%
 --- D0 -> pi- nu_mu mu+           :     3 / 1678 =  0.18%
 --- D0 -> rho+ pi-                :    19 / 1678 =  1.13%
 --- D0 -> rho- pi+                :    19 / 1678 =  1.13%
 --- D0 -> rho0 pi0                :     2 / 1678 =  0.12%
 --- K*+ -> K+ pi0                 :     1 / 1678 =  0.06%
 --- a_1+ -> pi+ rho0              :     2 / 1678 =  0.12%
 --- a_1+ -> rho+ pi0              :     2 / 1678 =  0.12%
 --- rho+ -> pi+ pi0               :     1 / 1678 =  0.06%
 --- rho0 -> pi+ pi-               :    34 / 1678 =  2.03%
 -- bkg / total:    248 / 1678 = (14.78 + 0.89 - 0.85)%
 -- sig / total:   1430 / 1678 = (85.22 + 0.85 - 0.89)%

 - p bin 1
 -- eta bin 0
 --- D0 -> K*+ pi-                 :     7 / 94874 =  0.01%
 --- D0 -> K*- K+                  :     9 / 94874 =  0.01%
 --- D0 -> K*- nu_e e+             :     1 / 94874 =  0.00%
 --- D0 -> K*- nu_mu mu+           :     7 / 94874 =  0.01%
 --- D0 -> K*- pi+ pi0             :     4 / 94874 =  0.00%
 --- D0 -> K*- rho+                :    31 / 94874 =  0.03%
 --- D0 -> K+ K-                   :    29 / 94874 =  0.03%
 --- D0 -> K+ K- pi+ pi-           :     2 / 94874 =  0.00%
 --- D0 -> K+ K_S0 pi-             :    25 / 94874 =  0.03%
 --- D0 -> K+ pi+ pi- pi-          :     4 / 94874 =  0.00%
 --- D0 -> K+ pi-                  :     1 / 94874 =  0.00%
 --- D0 -> K+ pi- K_L0             :    32 / 94874 =  0.03%
 --- D0 -> K+ pi- pi0              :    25 / 94874 =  0.03%
 --- D0 -> K- nu_e e+              :     5 / 94874 =  0.01%
 --- D0 -> K- nu_mu mu+            :    45 / 94874 =  0.05%
 --- D0 -> K- pi+                  : 88755 / 94874 = 93.55%
 --- D0 -> K- pi+ pi+ pi-          :    13 / 94874 =  0.01%
 --- D0 -> K- pi+ pi0              :    25 / 94874 =  0.03%
 --- D0 -> K- pi+ rho0             :     1 / 94874 =  0.00%
 --- D0 -> K_1- pi+                :     7 / 94874 =  0.01%
 --- D0 -> K_S0 omega              :     1 / 94874 =  0.00%
 --- D0 -> K_S0 pi+ pi-            :   719 / 94874 =  0.76%
 --- D0 -> K_S0 pi+ pi- pi0        :    30 / 94874 =  0.03%
 --- D0 -> a_1+ K-                 :     1 / 94874 =  0.00%
 --- D0 -> anti-K*0                :     1 / 94874 =  0.00%
 --- D0 -> anti-K*0 pi+ pi-        :     9 / 94874 =  0.01%
 --- D0 -> anti-K*0 pi0            :     1 / 94874 =  0.00%
 --- D0 -> anti-K*0 rho0           :     2 / 94874 =  0.00%
 --- D0 -> anti-K0 pi- nu_mu mu+   :     2 / 94874 =  0.00%
 --- D0 -> eta pi+ pi-             :     5 / 94874 =  0.01%
 --- D0 -> eta' pi+ pi-            :     1 / 94874 =  0.00%
 --- D0 -> eta' pi0                :     1 / 94874 =  0.00%
 --- D0 -> omega pi+ pi-           :     5 / 94874 =  0.01%
 --- D0 -> pi+ pi+ pi- pi-         :   116 / 94874 =  0.12%
 --- D0 -> pi+ pi-                 :    25 / 94874 =  0.03%
 --- D0 -> pi+ pi- K_L0            :   683 / 94874 =  0.72%
 --- D0 -> pi+ pi- K_L0 pi0        :     5 / 94874 =  0.01%
 --- D0 -> pi+ pi- pi0             :    91 / 94874 =  0.10%
 --- D0 -> pi+ pi- pi0 pi0         :    49 / 94874 =  0.05%
 --- D0 -> pi+ pi- pi0 pi0 pi0     :     3 / 94874 =  0.00%
 --- D0 -> pi- nu_e e+             :    87 / 94874 =  0.09%
 --- D0 -> pi- nu_mu mu+           :   197 / 94874 =  0.21%
 --- D0 -> rho+ pi-                :  1970 / 94874 =  2.08%
 --- D0 -> rho- nu_e e+            :     1 / 94874 =  0.00%
 --- D0 -> rho- nu_mu mu+          :     5 / 94874 =  0.01%
 --- D0 -> rho- pi+                :  1714 / 94874 =  1.81%
 --- D0 -> rho0 pi0                :     3 / 94874 =  0.00%
 --- D0 -> rho0 rho0               :    14 / 94874 =  0.01%
 --- K*+ -> K0 pi+                 :     1 / 94874 =  0.00%
 --- K*0 -> K+ pi-                 :     2 / 94874 =  0.00%
 --- a_1+ -> rho+ pi0              :     3 / 94874 =  0.00%
 --- omega -> pi+ pi-              :     5 / 94874 =  0.01%
 --- rho+ -> pi+ pi0               :     3 / 94874 =  0.00%
 --- rho0 -> pi+ pi-               :    91 / 94874 =  0.10%
 -- bkg / total:   6119 / 94874 = ( 6.45 + 0.08 - 0.08)%
 -- sig / total:  88755 / 94874 = (93.55 + 0.08 - 0.08)%

 -- eta bin 1
 --- D0 -> K*+ pi-                 :     2 / 17026 =  0.01%
 --- D0 -> K*- K+                  :     3 / 17026 =  0.02%
 --- D0 -> K*- nu_e e+             :     1 / 17026 =  0.01%
 --- D0 -> K*- nu_mu mu+           :    10 / 17026 =  0.06%
 --- D0 -> K*- rho+                :    30 / 17026 =  0.18%
 --- D0 -> K+ K-                   :     5 / 17026 =  0.03%
 --- D0 -> K+ K- pi+ pi-           :     5 / 17026 =  0.03%
 --- D0 -> K+ K- pi0               :     1 / 17026 =  0.01%
 --- D0 -> K+ K_S0 pi-             :    17 / 17026 =  0.10%
 --- D0 -> K+ pi+ pi- pi-          :     1 / 17026 =  0.01%
 --- D0 -> K+ pi- K_L0             :    24 / 17026 =  0.14%
 --- D0 -> K+ pi- pi0              :    11 / 17026 =  0.06%
 --- D0 -> K- nu_e e+              :     1 / 17026 =  0.01%
 --- D0 -> K- nu_mu mu+            :    10 / 17026 =  0.06%
 --- D0 -> K- pi+                  : 15345 / 17026 = 90.13%
 --- D0 -> K- pi+ pi+ pi-          :    22 / 17026 =  0.13%
 --- D0 -> K- pi+ pi0              :    39 / 17026 =  0.23%
 --- D0 -> K_1- pi+                :    12 / 17026 =  0.07%
 --- D0 -> K_S0 omega              :     2 / 17026 =  0.01%
 --- D0 -> K_S0 pi+ pi+ pi- pi-    :     2 / 17026 =  0.01%
 --- D0 -> K_S0 pi+ pi-            :   302 / 17026 =  1.77%
 --- D0 -> K_S0 pi+ pi- pi0        :    45 / 17026 =  0.26%
 --- D0 -> a_1+ K-                 :     1 / 17026 =  0.01%
 --- D0 -> anti-K*0                :     1 / 17026 =  0.01%
 --- D0 -> anti-K*0 omega          :     1 / 17026 =  0.01%
 --- D0 -> anti-K*0 pi+ pi-        :    16 / 17026 =  0.09%
 --- D0 -> anti-K*0 pi+ pi- pi0    :     2 / 17026 =  0.01%
 --- D0 -> eta pi+ pi-             :     6 / 17026 =  0.04%
 --- D0 -> eta' pi+ pi-            :     1 / 17026 =  0.01%
 --- D0 -> omega pi+ pi-           :     6 / 17026 =  0.04%
 --- D0 -> pi+ pi+ pi- pi-         :    55 / 17026 =  0.32%
 --- D0 -> pi+ pi+ pi- pi- K_L0    :     2 / 17026 =  0.01%
 --- D0 -> pi+ pi+ pi- pi- pi0     :     4 / 17026 =  0.02%
 --- D0 -> pi+ pi- K_L0            :   294 / 17026 =  1.73%
 --- D0 -> pi+ pi- K_L0 pi0        :     8 / 17026 =  0.05%
 --- D0 -> pi+ pi- pi0             :    19 / 17026 =  0.11%
 --- D0 -> pi+ pi- pi0 pi0         :    33 / 17026 =  0.19%
 --- D0 -> pi+ pi- pi0 pi0 pi0     :     5 / 17026 =  0.03%
 --- D0 -> pi- nu_e e+             :     9 / 17026 =  0.05%
 --- D0 -> pi- nu_mu mu+           :    32 / 17026 =  0.19%
 --- D0 -> rho+ pi-                :   260 / 17026 =  1.53%
 --- D0 -> rho- nu_mu mu+          :     1 / 17026 =  0.01%
 --- D0 -> rho- pi+                :   210 / 17026 =  1.23%
 --- D0 -> rho0 pi0                :     2 / 17026 =  0.01%
 --- D0 -> rho0 rho0               :     5 / 17026 =  0.03%
 --- K*+ -> K+ pi0                 :     1 / 17026 =  0.01%
 --- K*0 -> K+ pi-                 :     3 / 17026 =  0.02%
 --- K_1+ -> K+ pi+ pi-            :     1 / 17026 =  0.01%
 --- a_1+ -> pi+ rho0              :     3 / 17026 =  0.02%
 --- omega -> pi+ pi-              :     3 / 17026 =  0.02%
 --- omega -> pi+ pi- pi0          :     2 / 17026 =  0.01%
 --- phi -> rho+ pi-               :     1 / 17026 =  0.01%
 --- rho+ -> pi+ pi0               :     4 / 17026 =  0.02%
 --- rho0 -> pi+ pi-               :   145 / 17026 =  0.85%
 -- bkg / total:   1681 / 17026 = ( 9.87 + 0.23 - 0.23)%
 -- sig / total:  15345 / 17026 = (90.13 + 0.23 - 0.23)%

 - p bin 2
 -- eta bin 0
 --- D0 -> K*+ pi-                 :    10 / 128645 =  0.01%
 --- D0 -> K*- K+                  :     3 / 128645 =  0.00%
 --- D0 -> K*- nu_mu mu+           :     1 / 128645 =  0.00%
 --- D0 -> K*- rho+                :     4 / 128645 =  0.00%
 --- D0 -> K+ K-                   :    49 / 128645 =  0.04%
 --- D0 -> K+ K_S0 pi-             :     4 / 128645 =  0.00%
 --- D0 -> K+ pi+ pi- pi-          :     1 / 128645 =  0.00%
 --- D0 -> K+ pi-                  :     6 / 128645 =  0.00%
 --- D0 -> K+ pi- K_L0             :     5 / 128645 =  0.00%
 --- D0 -> K+ pi- pi0              :    11 / 128645 =  0.01%
 --- D0 -> K- nu_e e+              :    17 / 128645 =  0.01%
 --- D0 -> K- nu_mu mu+            :    61 / 128645 =  0.05%
 --- D0 -> K- pi+                  : 123693 / 128645 = 96.15%
 --- D0 -> K- pi+ pi+ pi-          :     4 / 128645 =  0.00%
 --- D0 -> K- pi+ pi0              :    11 / 128645 =  0.01%
 --- D0 -> K_1- pi+                :     1 / 128645 =  0.00%
 --- D0 -> K_S0 omega              :     1 / 128645 =  0.00%
 --- D0 -> K_S0 pi+ pi-            :   186 / 128645 =  0.14%
 --- D0 -> K_S0 pi+ pi- pi0        :     2 / 128645 =  0.00%
 --- D0 -> anti-K*0 rho0           :     1 / 128645 =  0.00%
 --- D0 -> eta pi+ pi-             :     3 / 128645 =  0.00%
 --- D0 -> pi+ pi+ pi- pi-         :    30 / 128645 =  0.02%
 --- D0 -> pi+ pi-                 :    55 / 128645 =  0.04%
 --- D0 -> pi+ pi- K_L0            :   165 / 128645 =  0.13%
 --- D0 -> pi+ pi- pi0             :   101 / 128645 =  0.08%
 --- D0 -> pi+ pi- pi0 pi0         :    16 / 128645 =  0.01%
 --- D0 -> pi+ pi- pi0 pi0 pi0     :     1 / 128645 =  0.00%
 --- D0 -> pi- nu_e e+             :    87 / 128645 =  0.07%
 --- D0 -> pi- nu_mu mu+           :   194 / 128645 =  0.15%
 --- D0 -> rho+ pi-                :  2094 / 128645 =  1.63%
 --- D0 -> rho- nu_mu mu+          :     1 / 128645 =  0.00%
 --- D0 -> rho- pi+                :  1802 / 128645 =  1.40%
 --- D0 -> rho0 pi0                :     2 / 128645 =  0.00%
 --- D0 -> rho0 rho0               :     3 / 128645 =  0.00%
 --- rho+ -> pi+ pi0               :     1 / 128645 =  0.00%
 --- rho0 -> pi+ pi-               :    19 / 128645 =  0.01%
 -- bkg / total:   4952 / 128645 = ( 3.85 + 0.05 - 0.05)%
 -- sig / total: 123693 / 128645 = (96.15 + 0.05 - 0.05)%

 -- eta bin 1
 --- D0 -> K*+ pi-                 :     1 / 33799 =  0.00%
 --- D0 -> K*- K+                  :     2 / 33799 =  0.01%
 --- D0 -> K*- nu_mu mu+           :     3 / 33799 =  0.01%
 --- D0 -> K*- pi+ pi0             :     4 / 33799 =  0.01%
 --- D0 -> K*- rho+                :    32 / 33799 =  0.09%
 --- D0 -> K+ K-                   :    17 / 33799 =  0.05%
 --- D0 -> K+ K- K_S0              :     1 / 33799 =  0.00%
 --- D0 -> K+ K_S0 pi-             :    17 / 33799 =  0.05%
 --- D0 -> K+ pi+ pi- pi-          :     1 / 33799 =  0.00%
 --- D0 -> K+ pi-                  :     1 / 33799 =  0.00%
 --- D0 -> K+ pi- K_L0             :    11 / 33799 =  0.03%
 --- D0 -> K+ pi- pi0              :     7 / 33799 =  0.02%
 --- D0 -> K- nu_e e+              :     3 / 33799 =  0.01%
 --- D0 -> K- nu_mu mu+            :    22 / 33799 =  0.07%
 --- D0 -> K- pi+                  : 31755 / 33799 = 93.95%
 --- D0 -> K- pi+ pi+ pi-          :    13 / 33799 =  0.04%
 --- D0 -> K- pi+ pi0              :    17 / 33799 =  0.05%
 --- D0 -> K- pi+ rho0             :     1 / 33799 =  0.00%
 --- D0 -> K_1- pi+                :    12 / 33799 =  0.04%
 --- D0 -> K_S0 pi+ pi-            :   307 / 33799 =  0.91%
 --- D0 -> K_S0 pi+ pi- pi0        :    18 / 33799 =  0.05%
 --- D0 -> anti-K*0 pi+ pi-        :    10 / 33799 =  0.03%
 --- D0 -> anti-K*0 pi+ pi- pi0    :     1 / 33799 =  0.00%
 --- D0 -> anti-K*0 rho0           :     3 / 33799 =  0.01%
 --- D0 -> anti-K0 pi- nu_mu mu+   :     1 / 33799 =  0.00%
 --- D0 -> eta pi+ pi-             :     3 / 33799 =  0.01%
 --- D0 -> eta' K_S0               :     1 / 33799 =  0.00%
 --- D0 -> eta' pi+ pi-            :     1 / 33799 =  0.00%
 --- D0 -> omega pi+ pi-           :     3 / 33799 =  0.01%
 --- D0 -> phi pi+ pi-             :     1 / 33799 =  0.00%
 --- D0 -> pi+ pi+ pi- pi-         :    52 / 33799 =  0.15%
 --- D0 -> pi+ pi+ pi- pi- K_L0    :     2 / 33799 =  0.01%
 --- D0 -> pi+ pi+ pi- pi- pi0     :     1 / 33799 =  0.00%
 --- D0 -> pi+ pi-                 :     7 / 33799 =  0.02%
 --- D0 -> pi+ pi- K_L0            :   280 / 33799 =  0.83%
 --- D0 -> pi+ pi- K_L0 pi0        :     5 / 33799 =  0.01%
 --- D0 -> pi+ pi- pi0             :    24 / 33799 =  0.07%
 --- D0 -> pi+ pi- pi0 pi0         :    26 / 33799 =  0.08%
 --- D0 -> pi+ pi- pi0 pi0 pi0     :     2 / 33799 =  0.01%
 --- D0 -> pi- nu_e e+             :    21 / 33799 =  0.06%
 --- D0 -> pi- nu_mu mu+           :    56 / 33799 =  0.17%
 --- D0 -> rho+ pi-                :   515 / 33799 =  1.52%
 --- D0 -> rho- nu_mu mu+          :     2 / 33799 =  0.01%
 --- D0 -> rho- pi+                :   428 / 33799 =  1.27%
 --- D0 -> rho0 pi0                :     3 / 33799 =  0.01%
 --- D0 -> rho0 rho0               :     3 / 33799 =  0.01%
 --- K*0 -> K+ pi-                 :     1 / 33799 =  0.00%
 --- K_10 -> K0 pi+ pi-            :     1 / 33799 =  0.00%
 --- K_L0 -> 1000110220            :     1 / 33799 =  0.00%
 --- a_1+ -> pi+ rho0              :     1 / 33799 =  0.00%
 --- omega -> pi+ pi-              :     2 / 33799 =  0.01%
 --- omega -> pi+ pi- pi0          :     1 / 33799 =  0.00%
 --- rho+ -> pi+ pi0               :     4 / 33799 =  0.01%
 --- rho0 -> pi+ pi-               :    92 / 33799 =  0.27%
 -- bkg / total:   2044 / 33799 = ( 6.05 + 0.13 - 0.13)%
 -- sig / total:  31755 / 33799 = (93.95 + 0.13 - 0.13)%

 - p bin 3
 -- eta bin 0
 --- D0 -> K*+ pi-                 :     2 / 210626 =  0.00%
 --- D0 -> K*- nu_mu mu+           :     1 / 210626 =  0.00%
 --- D0 -> K+ K-                   :    38 / 210626 =  0.02%
 --- D0 -> K+ pi-                  :    11 / 210626 =  0.01%
 --- D0 -> K+ pi- pi0              :     6 / 210626 =  0.00%
 --- D0 -> K- nu_e e+              :    42 / 210626 =  0.02%
 --- D0 -> K- nu_mu mu+            :   147 / 210626 =  0.07%
 --- D0 -> K- pi+                  : 207088 / 210626 = 98.32%
 --- D0 -> K- pi+ pi0              :    10 / 210626 =  0.00%
 --- D0 -> K_S0 pi+ pi-            :    30 / 210626 =  0.01%
 --- D0 -> pi+ pi+ pi- pi-         :     7 / 210626 =  0.00%
 --- D0 -> pi+ pi-                 :   127 / 210626 =  0.06%
 --- D0 -> pi+ pi- K_L0            :    36 / 210626 =  0.02%
 --- D0 -> pi+ pi- pi0             :    60 / 210626 =  0.03%
 --- D0 -> pi+ pi- pi0 pi0         :     2 / 210626 =  0.00%
 --- D0 -> pi- nu_e e+             :    65 / 210626 =  0.03%
 --- D0 -> pi- nu_mu mu+           :   175 / 210626 =  0.08%
 --- D0 -> rho+ pi-                :  1486 / 210626 =  0.71%
 --- D0 -> rho- pi+                :  1290 / 210626 =  0.61%
 --- D0 -> rho0 rho0               :     1 / 210626 =  0.00%
 --- rho0 -> pi+ pi-               :     2 / 210626 =  0.00%
 -- bkg / total:   3538 / 210626 = ( 1.68 + 0.03 - 0.03)%
 -- sig / total: 207088 / 210626 = (98.32 + 0.03 - 0.03)%

 -- eta bin 1
 --- D0 -> K*+ pi-                 :     4 / 69346 =  0.01%
 --- D0 -> K*- K+                  :     1 / 69346 =  0.00%
 --- D0 -> K*- nu_mu mu+           :     1 / 69346 =  0.00%
 --- D0 -> K*- rho+                :     4 / 69346 =  0.01%
 --- D0 -> K+ K-                   :    47 / 69346 =  0.07%
 --- D0 -> K+ K- pi+ pi-           :     3 / 69346 =  0.00%
 --- D0 -> K+ K_S0 pi-             :     5 / 69346 =  0.01%
 --- D0 -> K+ pi+ pi- pi-          :     1 / 69346 =  0.00%
 --- D0 -> K+ pi-                  :     2 / 69346 =  0.00%
 --- D0 -> K+ pi- K_L0             :     5 / 69346 =  0.01%
 --- D0 -> K+ pi- pi0              :     7 / 69346 =  0.01%
 --- D0 -> K- nu_e e+              :    10 / 69346 =  0.01%
 --- D0 -> K- nu_mu mu+            :    43 / 69346 =  0.06%
 --- D0 -> K- pi+                  : 66894 / 69346 = 96.46%
 --- D0 -> K- pi+ pi+ pi-          :     2 / 69346 =  0.00%
 --- D0 -> K- pi+ pi0              :    17 / 69346 =  0.02%
 --- D0 -> K_1- pi+                :     1 / 69346 =  0.00%
 --- D0 -> K_S0 omega              :     1 / 69346 =  0.00%
 --- D0 -> K_S0 pi+ pi-            :   146 / 69346 =  0.21%
 --- D0 -> K_S0 pi+ pi- pi0        :     4 / 69346 =  0.01%
 --- D0 -> K_S0 pi0                :     1 / 69346 =  0.00%
 --- D0 -> anti-K*0 pi+ pi-        :     2 / 69346 =  0.00%
 --- D0 -> eta pi+ pi-             :     3 / 69346 =  0.00%
 --- D0 -> pi+ pi+ pi- pi-         :    28 / 69346 =  0.04%
 --- D0 -> pi+ pi+ pi- pi- pi0     :     2 / 69346 =  0.00%
 --- D0 -> pi+ pi-                 :    22 / 69346 =  0.03%
 --- D0 -> pi+ pi- K_L0            :   148 / 69346 =  0.21%
 --- D0 -> pi+ pi- K_L0 pi0        :     1 / 69346 =  0.00%
 --- D0 -> pi+ pi- pi0             :    40 / 69346 =  0.06%
 --- D0 -> pi+ pi- pi0 pi0         :    11 / 69346 =  0.02%
 --- D0 -> pi+ pi- pi0 pi0 pi0     :     2 / 69346 =  0.00%
 --- D0 -> pi- nu_e e+             :    23 / 69346 =  0.03%
 --- D0 -> pi- nu_mu mu+           :    99 / 69346 =  0.14%
 --- D0 -> rho+ pi-                :   982 / 69346 =  1.42%
 --- D0 -> rho- nu_e e+            :     1 / 69346 =  0.00%
 --- D0 -> rho- nu_mu mu+          :     2 / 69346 =  0.00%
 --- D0 -> rho- pi+                :   758 / 69346 =  1.09%
 --- D0 -> rho0 pi0                :     2 / 69346 =  0.00%
 --- D0 -> rho0 rho0               :     2 / 69346 =  0.00%
 --- a_1+ -> pi+ rho0              :     1 / 69346 =  0.00%
 --- eta' -> rho0                  :     1 / 69346 =  0.00%
 --- rho0 -> pi+ pi-               :    17 / 69346 =  0.02%
 -- bkg / total:   2452 / 69346 = ( 3.54 + 0.07 - 0.07)%
 -- sig / total:  66894 / 69346 = (96.46 + 0.07 - 0.07)%

 - p bin 4
 -- eta bin 0
 --- D0 -> K+ K-                   :    23 / 217892 =  0.01%
 --- D0 -> K+ pi-                  :     4 / 217892 =  0.00%
 --- D0 -> K+ pi- pi0              :     1 / 217892 =  0.00%
 --- D0 -> K- nu_e e+              :    79 / 217892 =  0.04%
 --- D0 -> K- nu_mu mu+            :   192 / 217892 =  0.09%
 --- D0 -> K- pi+                  : 216432 / 217892 = 99.33%
 --- D0 -> K- pi+ pi0              :    14 / 217892 =  0.01%
 --- D0 -> K_S0 pi+ pi-            :     2 / 217892 =  0.00%
 --- D0 -> pi+ pi+ pi- pi-         :     1 / 217892 =  0.00%
 --- D0 -> pi+ pi-                 :   150 / 217892 =  0.07%
 --- D0 -> pi+ pi- K_L0            :     3 / 217892 =  0.00%
 --- D0 -> pi+ pi- pi0             :     8 / 217892 =  0.00%
 --- D0 -> pi- nu_e e+             :    57 / 217892 =  0.03%
 --- D0 -> pi- nu_mu mu+           :   143 / 217892 =  0.07%
 --- D0 -> rho+ pi-                :   398 / 217892 =  0.18%
 --- D0 -> rho- pi+                :   385 / 217892 =  0.18%
 -- bkg / total:   1460 / 217892 = ( 0.67 + 0.02 - 0.02)%
 -- sig / total: 216432 / 217892 = (99.33 + 0.02 - 0.02)%

 -- eta bin 1
 --- D0 -> K*- nu_mu mu+           :     1 / 164039 =  0.00%
 --- D0 -> K+ K-                   :    51 / 164039 =  0.03%
 --- D0 -> K+ pi+ pi- pi-          :     1 / 164039 =  0.00%
 --- D0 -> K+ pi-                  :     5 / 164039 =  0.00%
 --- D0 -> K+ pi- pi0              :     2 / 164039 =  0.00%
 --- D0 -> K- nu_e e+              :    54 / 164039 =  0.03%
 --- D0 -> K- nu_mu mu+            :   131 / 164039 =  0.08%
 --- D0 -> K- pi+                  : 161911 / 164039 = 98.70%
 --- D0 -> K- pi+ pi+ pi-          :     1 / 164039 =  0.00%
 --- D0 -> K- pi+ pi0              :    24 / 164039 =  0.01%
 --- D0 -> K_S0 pi+ pi-            :    24 / 164039 =  0.01%
 --- D0 -> eta pi+ pi-             :     1 / 164039 =  0.00%
 --- D0 -> pi+ pi+ pi- pi-         :     6 / 164039 =  0.00%
 --- D0 -> pi+ pi-                 :   123 / 164039 =  0.07%
 --- D0 -> pi+ pi- K_L0            :    32 / 164039 =  0.02%
 --- D0 -> pi+ pi- K_L0 pi0        :     1 / 164039 =  0.00%
 --- D0 -> pi+ pi- pi0             :    36 / 164039 =  0.02%
 --- D0 -> pi+ pi- pi0 pi0         :     3 / 164039 =  0.00%
 --- D0 -> pi- nu_e e+             :    43 / 164039 =  0.03%
 --- D0 -> pi- nu_mu mu+           :   122 / 164039 =  0.07%
 --- D0 -> rho+ pi-                :   783 / 164039 =  0.48%
 --- D0 -> rho- nu_mu mu+          :     1 / 164039 =  0.00%
 --- D0 -> rho- pi+                :   680 / 164039 =  0.41%
 --- D0 -> rho0 pi0                :     1 / 164039 =  0.00%
 --- rho0 -> pi+ pi-               :     2 / 164039 =  0.00%
 -- bkg / total:   2128 / 164039 = ( 1.30 + 0.03 - 0.03)%
 -- sig / total: 161911 / 164039 = (98.70 + 0.03 - 0.03)%

 - p bin 5
 -- eta bin 0
 --- D0 -> K+ K-                   :     1 / 33556 =  0.00%
 --- D0 -> K+ pi-                  :     1 / 33556 =  0.00%
 --- D0 -> K- nu_e e+              :    22 / 33556 =  0.07%
 --- D0 -> K- nu_mu mu+            :    43 / 33556 =  0.13%
 --- D0 -> K- pi+                  : 33391 / 33556 = 99.51%
 --- D0 -> K- pi+ pi0              :     8 / 33556 =  0.02%
 --- D0 -> pi+ pi-                 :    33 / 33556 =  0.10%
 --- D0 -> pi+ pi- pi0             :     1 / 33556 =  0.00%
 --- D0 -> pi- nu_e e+             :    10 / 33556 =  0.03%
 --- D0 -> pi- nu_mu mu+           :    13 / 33556 =  0.04%
 --- D0 -> rho+ pi-                :    16 / 33556 =  0.05%
 --- D0 -> rho- pi+                :    17 / 33556 =  0.05%
 -- bkg / total:    165 / 33556 = ( 0.49 + 0.04 - 0.04)%
 -- sig / total:  33391 / 33556 = (99.51 + 0.04 - 0.04)%

 -- eta bin 1
 --- D0 -> K*+ pi-                 :     1 / 87625 =  0.00%
 --- D0 -> K+ K-                   :     9 / 87625 =  0.01%
 --- D0 -> K+ pi-                  :     4 / 87625 =  0.00%
 --- D0 -> K- nu_e e+              :    66 / 87625 =  0.08%
 --- D0 -> K- nu_mu mu+            :   109 / 87625 =  0.12%
 --- D0 -> K- pi+                  : 87012 / 87625 = 99.30%
 --- D0 -> K- pi+ pi0              :    22 / 87625 =  0.03%
 --- D0 -> pi+ pi-                 :    94 / 87625 =  0.11%
 --- D0 -> pi+ pi- K_L0            :     1 / 87625 =  0.00%
 --- D0 -> pi+ pi- pi0             :     2 / 87625 =  0.00%
 --- D0 -> pi- nu_e e+             :    24 / 87625 =  0.03%
 --- D0 -> pi- nu_mu mu+           :    50 / 87625 =  0.06%
 --- D0 -> rho+ pi-                :   134 / 87625 =  0.15%
 --- D0 -> rho- pi+                :    96 / 87625 =  0.11%
 --- rho0 -> pi+ pi-               :     1 / 87625 =  0.00%
 -- bkg / total:    613 / 87625 = ( 0.70 + 0.03 - 0.03)%
 -- sig / total:  87012 / 87625 = (99.30 + 0.03 - 0.03)%


INFO Printing passed counts for pi
 - p bin 0
 -- eta bin 0
 --- D0 -> K- nu_e e+              :     1 / 6163 =  0.02%
 --- D0 -> K- nu_mu mu+            :     3 / 6163 =  0.05%
 --- D0 -> K- pi+                  :  6148 / 6163 = 99.76%
 --- D0 -> pi+ pi-                 :    11 / 6163 =  0.18%
 -- bkg / total:     15 / 6163 = ( 0.24 + 0.07 - 0.06)%
 -- sig / total:   6148 / 6163 = (99.76 + 0.06 - 0.07)%

 -- eta bin 1
 --- D0 -> K- pi+                  :   128 / 129 = 99.22%
 --- D0 -> pi+ pi-                 :     1 / 129 =  0.78%
 -- bkg / total:      1 / 129 = ( 0.78 + 1.24 - 0.48)%
 -- sig / total:    128 / 129 = (99.22 + 0.48 - 1.24)%

 - p bin 1
 -- eta bin 0
 --- D0 -> K- nu_mu mu+            :     3 / 4693 =  0.06%
 --- D0 -> K- pi+                  :  4682 / 4693 = 99.77%
 --- D0 -> pi+ pi-                 :     5 / 4693 =  0.11%
 --- D0 -> pi- nu_mu mu+           :     3 / 4693 =  0.06%
 -- bkg / total:     11 / 4693 = ( 0.23 + 0.08 - 0.06)%
 -- sig / total:   4682 / 4693 = (99.77 + 0.06 - 0.08)%

 -- eta bin 1
 --- D0 -> K- nu_mu mu+            :     1 / 668 =  0.15%
 --- D0 -> K- pi+                  :   665 / 668 = 99.55%
 --- D0 -> pi+ pi-                 :     1 / 668 =  0.15%
 --- D0 -> pi- nu_mu mu+           :     1 / 668 =  0.15%
 -- bkg / total:      3 / 668 = ( 0.45 + 0.34 - 0.19)%
 -- sig / total:    665 / 668 = (99.55 + 0.19 - 0.34)%

 - p bin 2
 -- eta bin 0
 --- D0 -> K+ pi-                  :     2 / 1201 =  0.17%
 --- D0 -> K- nu_mu mu+            :     4 / 1201 =  0.33%
 --- D0 -> K- pi+                  :  1188 / 1201 = 98.92%
 --- D0 -> pi+ pi-                 :     1 / 1201 =  0.08%
 --- D0 -> rho+ pi-                :     1 / 1201 =  0.08%
 --- D0 -> rho- pi+                :     5 / 1201 =  0.42%
 -- bkg / total:     13 / 1201 = ( 1.08 + 0.34 - 0.26)%
 -- sig / total:   1188 / 1201 = (98.92 + 0.26 - 0.34)%

 -- eta bin 1
 --- D0 -> K- pi+                  :   403 / 406 = 99.26%
 --- D0 -> pi+ pi-                 :     2 / 406 =  0.49%
 --- D0 -> pi- nu_mu mu+           :     1 / 406 =  0.25%
 -- bkg / total:      3 / 406 = ( 0.74 + 0.56 - 0.32)%
 -- sig / total:    403 / 406 = (99.26 + 0.32 - 0.56)%

 - p bin 3
 -- eta bin 0
 --- D0 -> K+ K-                   :    15 / 538 =  2.79%
 --- D0 -> K- nu_mu mu+            :     3 / 538 =  0.56%
 --- D0 -> K- pi+                  :   505 / 538 = 93.87%
 --- D0 -> K_S0 pi+ pi-            :     1 / 538 =  0.19%
 --- D0 -> pi+ pi- K_L0            :     1 / 538 =  0.19%
 --- D0 -> pi- nu_mu mu+           :     8 / 538 =  1.49%
 --- D0 -> rho+ pi-                :     3 / 538 =  0.56%
 --- D0 -> rho- pi+                :     2 / 538 =  0.37%
 -- bkg / total:     33 / 538 = ( 6.13 + 1.12 - 0.96)%
 -- sig / total:    505 / 538 = (93.87 + 0.96 - 1.12)%

 -- eta bin 1
 --- D0 -> K+ K-                   :     1 / 319 =  0.31%
 --- D0 -> K- nu_mu mu+            :     5 / 319 =  1.57%
 --- D0 -> K- pi+                  :   311 / 319 = 97.49%
 --- D0 -> rho+ pi-                :     1 / 319 =  0.31%
 --- D0 -> rho- pi+                :     1 / 319 =  0.31%
 -- bkg / total:      8 / 319 = ( 2.51 + 1.04 - 0.74)%
 -- sig / total:    311 / 319 = (97.49 + 0.74 - 1.04)%

 - p bin 4
 -- eta bin 0
 --- D0 -> K*- K+                  :     1 / 227 =  0.44%
 --- D0 -> K*- nu_mu mu+           :     1 / 227 =  0.44%
 --- D0 -> K+ K-                   :    14 / 227 =  6.17%
 --- D0 -> K+ K_S0 pi-             :     2 / 227 =  0.88%
 --- D0 -> K+ pi- K_L0             :     1 / 227 =  0.44%
 --- D0 -> K- nu_mu mu+            :     1 / 227 =  0.44%
 --- D0 -> K- pi+                  :   192 / 227 = 84.58%
 --- D0 -> K_S0 pi+ pi-            :     1 / 227 =  0.44%
 --- D0 -> pi+ pi- K_L0            :     2 / 227 =  0.88%
 --- D0 -> pi- nu_mu mu+           :     7 / 227 =  3.08%
 --- D0 -> rho+ pi-                :     5 / 227 =  2.20%
 -- bkg / total:     35 / 227 = (15.42 + 2.55 - 2.24)%
 -- sig / total:    192 / 227 = (84.58 + 2.24 - 2.55)%

 -- eta bin 1
 --- D0 -> K+ K-                   :     3 / 289 =  1.04%
 --- D0 -> K+ pi- K_L0             :     1 / 289 =  0.35%
 --- D0 -> K- nu_mu mu+            :     1 / 289 =  0.35%
 --- D0 -> K- pi+                  :   268 / 289 = 92.73%
 --- D0 -> pi+ pi-                 :     1 / 289 =  0.35%
 --- D0 -> pi+ pi- K_L0            :     2 / 289 =  0.69%
 --- D0 -> pi+ pi- pi0 pi0         :     1 / 289 =  0.35%
 --- D0 -> pi- nu_mu mu+           :     3 / 289 =  1.04%
 --- D0 -> rho+ pi-                :     7 / 289 =  2.42%
 --- D0 -> rho- nu_mu mu+          :     1 / 289 =  0.35%
 --- D0 -> rho- pi+                :     1 / 289 =  0.35%
 -- bkg / total:     21 / 289 = ( 7.27 + 1.68 - 1.38)%
 -- sig / total:    268 / 289 = (92.73 + 1.38 - 1.68)%

 - p bin 5
 -- eta bin 0
 --- D0 -> K+ K-                   :     2 / 38 =  5.26%
 --- D0 -> K- pi+                  :    32 / 38 = 84.21%
 --- D0 -> K_S0 pi+ pi-            :     2 / 38 =  5.26%
 --- D0 -> pi- nu_mu mu+           :     1 / 38 =  2.63%
 --- D0 -> rho- pi+                :     1 / 38 =  2.63%
 -- bkg / total:      6 / 38 = (15.79 + 6.78 - 5.03)%
 -- sig / total:     32 / 38 = (84.21 + 5.03 - 6.78)%

 -- eta bin 1
 --- D0 -> K+ K-                   :     1 / 123 =  0.81%
 --- D0 -> K- pi+                  :   116 / 123 = 94.31%
 --- D0 -> K_S0 pi+ pi-            :     1 / 123 =  0.81%
 --- D0 -> pi- nu_mu mu+           :     3 / 123 =  2.44%
 --- D0 -> rho+ pi-                :     1 / 123 =  0.81%
 --- D0 -> rho- pi+                :     1 / 123 =  0.81%
 -- bkg / total:      7 / 123 = ( 5.69 + 2.47 - 1.75)%
 -- sig / total:    116 / 123 = (94.31 + 1.75 - 2.47)%


INFO Printing passed counts for k
 - p bin 0
 -- eta bin 0
 --- D0 -> K*- K+                  :     1 / 2759 =  0.04%
 --- D0 -> K*- nu_mu mu+           :     1 / 2759 =  0.04%
 --- D0 -> K*- rho+                :     4 / 2759 =  0.14%
 --- D0 -> K+ K-                   :     1 / 2759 =  0.04%
 --- D0 -> K+ K_S0 pi-             :     8 / 2759 =  0.29%
 --- D0 -> K+ pi- K_L0             :     3 / 2759 =  0.11%
 --- D0 -> K+ pi- pi0              :     1 / 2759 =  0.04%
 --- D0 -> K- pi+                  :  2412 / 2759 = 87.42%
 --- D0 -> K- pi+ pi+ pi-          :     4 / 2759 =  0.14%
 --- D0 -> K- pi+ rho0             :     2 / 2759 =  0.07%
 --- D0 -> K_1- pi+                :     1 / 2759 =  0.04%
 --- D0 -> K_S0 pi+ pi-            :    98 / 2759 =  3.55%
 --- D0 -> K_S0 pi+ pi- pi0        :    12 / 2759 =  0.43%
 --- D0 -> anti-K*0 pi+ pi-        :     5 / 2759 =  0.18%
 --- D0 -> anti-K0 pi- nu_mu mu+   :     1 / 2759 =  0.04%
 --- D0 -> eta pi+ pi-             :     1 / 2759 =  0.04%
 --- D0 -> pi+ pi+ pi- pi-         :    17 / 2759 =  0.62%
 --- D0 -> pi+ pi+ pi- pi- pi0     :     4 / 2759 =  0.14%
 --- D0 -> pi+ pi-                 :     2 / 2759 =  0.07%
 --- D0 -> pi+ pi- K_L0            :    80 / 2759 =  2.90%
 --- D0 -> pi+ pi- K_L0 pi0        :     3 / 2759 =  0.11%
 --- D0 -> pi+ pi- pi0             :     3 / 2759 =  0.11%
 --- D0 -> pi+ pi- pi0 pi0         :    12 / 2759 =  0.43%
 --- D0 -> pi+ pi- pi0 pi0 pi0     :     1 / 2759 =  0.04%
 --- D0 -> pi- nu_e e+             :     6 / 2759 =  0.22%
 --- D0 -> pi- nu_mu mu+           :     8 / 2759 =  0.29%
 --- D0 -> rho+ pi-                :    21 / 2759 =  0.76%
 --- D0 -> rho- pi+                :    22 / 2759 =  0.80%
 --- D0 -> rho0 rho0               :     1 / 2759 =  0.04%
 --- omega -> pi+ pi-              :     1 / 2759 =  0.04%
 --- omega -> pi+ pi- pi0          :     1 / 2759 =  0.04%
 --- rho0 -> pi+ pi-               :    22 / 2759 =  0.80%
 -- bkg / total:    347 / 2759 = (12.58 + 0.64 - 0.62)%
 -- sig / total:   2412 / 2759 = (87.42 + 0.62 - 0.64)%

 -- eta bin 1
 --- D0 -> K*- pi+ pi0             :     1 / 114 =  0.88%
 --- D0 -> K*- rho+                :     1 / 114 =  0.88%
 --- D0 -> K- pi+                  :   103 / 114 = 90.35%
 --- D0 -> K_S0 pi+ pi-            :     2 / 114 =  1.75%
 --- D0 -> anti-K*0 pi+ pi-        :     1 / 114 =  0.88%
 --- D0 -> pi+ pi+ pi- pi-         :     1 / 114 =  0.88%
 --- D0 -> pi+ pi- K_L0            :     1 / 114 =  0.88%
 --- D0 -> rho+ pi-                :     3 / 114 =  2.63%
 --- rho0 -> pi+ pi-               :     1 / 114 =  0.88%
 -- bkg / total:     11 / 114 = ( 9.65 + 3.13 - 2.42)%
 -- sig / total:    103 / 114 = (90.35 + 2.42 - 3.13)%

 - p bin 1
 -- eta bin 0
 --- D0 -> K*+ pi-                 :     1 / 4069 =  0.02%
 --- D0 -> K*- rho+                :     3 / 4069 =  0.07%
 --- D0 -> K+ K-                   :     6 / 4069 =  0.15%
 --- D0 -> K+ pi- pi0              :     2 / 4069 =  0.05%
 --- D0 -> K- nu_mu mu+            :     1 / 4069 =  0.02%
 --- D0 -> K- pi+                  :  3833 / 4069 = 94.20%
 --- D0 -> K- pi+ pi+ pi-          :     1 / 4069 =  0.02%
 --- D0 -> K_S0 pi+ pi-            :    36 / 4069 =  0.88%
 --- D0 -> K_S0 pi+ pi- pi0        :     2 / 4069 =  0.05%
 --- D0 -> anti-K*0 pi+ pi-        :     1 / 4069 =  0.02%
 --- D0 -> anti-K*0 rho0           :     1 / 4069 =  0.02%
 --- D0 -> pi+ pi+ pi- pi-         :     3 / 4069 =  0.07%
 --- D0 -> pi+ pi+ pi- pi- pi0     :     2 / 4069 =  0.05%
 --- D0 -> pi+ pi-                 :     2 / 4069 =  0.05%
 --- D0 -> pi+ pi- K_L0            :    39 / 4069 =  0.96%
 --- D0 -> pi+ pi- pi0             :     4 / 4069 =  0.10%
 --- D0 -> pi+ pi- pi0 pi0         :     6 / 4069 =  0.15%
 --- D0 -> pi- nu_e e+             :     6 / 4069 =  0.15%
 --- D0 -> pi- nu_mu mu+           :     4 / 4069 =  0.10%
 --- D0 -> rho+ pi-                :    55 / 4069 =  1.35%
 --- D0 -> rho- pi+                :    55 / 4069 =  1.35%
 --- D0 -> rho0 rho0               :     1 / 4069 =  0.02%
 --- rho0 -> pi+ pi-               :     5 / 4069 =  0.12%
 -- bkg / total:    236 / 4069 = ( 5.80 + 0.38 - 0.36)%
 -- sig / total:   3833 / 4069 = (94.20 + 0.36 - 0.38)%

 -- eta bin 1
 --- D0 -> K*- nu_mu mu+           :     1 / 696 =  0.14%
 --- D0 -> K*- rho+                :     1 / 696 =  0.14%
 --- D0 -> K+ K_S0 pi-             :     1 / 696 =  0.14%
 --- D0 -> K- pi+                  :   634 / 696 = 91.09%
 --- D0 -> K_S0 pi+ pi+ pi- pi-    :     1 / 696 =  0.14%
 --- D0 -> K_S0 pi+ pi-            :    14 / 696 =  2.01%
 --- D0 -> K_S0 pi+ pi- pi0        :     1 / 696 =  0.14%
 --- D0 -> pi+ pi+ pi- pi-         :     2 / 696 =  0.29%
 --- D0 -> pi+ pi- K_L0            :    12 / 696 =  1.72%
 --- D0 -> pi+ pi- pi0             :     1 / 696 =  0.14%
 --- D0 -> pi+ pi- pi0 pi0         :     3 / 696 =  0.43%
 --- D0 -> pi- nu_mu mu+           :     2 / 696 =  0.29%
 --- D0 -> rho+ pi-                :    10 / 696 =  1.44%
 --- D0 -> rho- pi+                :     2 / 696 =  0.29%
 --- rho0 -> pi+ pi-               :    11 / 696 =  1.58%
 -- bkg / total:     62 / 696 = ( 8.91 + 1.14 - 1.02)%
 -- sig / total:    634 / 696 = (91.09 + 1.02 - 1.14)%

 - p bin 2
 -- eta bin 0
 --- D0 -> K*- rho+                :     1 / 2603 =  0.04%
 --- D0 -> K+ K-                   :     1 / 2603 =  0.04%
 --- D0 -> K+ pi- K_L0             :     1 / 2603 =  0.04%
 --- D0 -> K- nu_e e+              :     1 / 2603 =  0.04%
 --- D0 -> K- nu_mu mu+            :     2 / 2603 =  0.08%
 --- D0 -> K- pi+                  :  2543 / 2603 = 97.69%
 --- D0 -> K_S0 pi+ pi-            :     2 / 2603 =  0.08%
 --- D0 -> pi+ pi+ pi- pi-         :     3 / 2603 =  0.12%
 --- D0 -> pi+ pi- K_L0            :     3 / 2603 =  0.12%
 --- D0 -> pi+ pi- pi0             :     1 / 2603 =  0.04%
 --- D0 -> pi+ pi- pi0 pi0         :     1 / 2603 =  0.04%
 --- D0 -> pi- nu_mu mu+           :     5 / 2603 =  0.19%
 --- D0 -> rho+ pi-                :    19 / 2603 =  0.73%
 --- D0 -> rho- pi+                :    20 / 2603 =  0.77%
 -- bkg / total:     60 / 2603 = ( 2.31 + 0.31 - 0.28)%
 -- sig / total:   2543 / 2603 = (97.69 + 0.28 - 0.31)%

 -- eta bin 1
 --- D0 -> K+ K- pi+ pi-           :     1 / 700 =  0.14%
 --- D0 -> K+ pi- K_L0             :     1 / 700 =  0.14%
 --- D0 -> K- nu_mu mu+            :     1 / 700 =  0.14%
 --- D0 -> K- pi+                  :   665 / 700 = 95.00%
 --- D0 -> K_S0 pi+ pi-            :     3 / 700 =  0.43%
 --- D0 -> pi+ pi+ pi- pi-         :     2 / 700 =  0.29%
 --- D0 -> pi+ pi- K_L0            :     3 / 700 =  0.43%
 --- D0 -> pi+ pi- K_L0 pi0        :     1 / 700 =  0.14%
 --- D0 -> pi- nu_mu mu+           :     1 / 700 =  0.14%
 --- D0 -> rho+ pi-                :    13 / 700 =  1.86%
 --- D0 -> rho- pi+                :     9 / 700 =  1.29%
 -- bkg / total:     35 / 700 = ( 5.00 + 0.89 - 0.76)%
 -- sig / total:    665 / 700 = (95.00 + 0.76 - 0.89)%

 - p bin 3
 -- eta bin 0
 --- D0 -> K+ K-                   :     7 / 2839 =  0.25%
 --- D0 -> K- nu_mu mu+            :     6 / 2839 =  0.21%
 --- D0 -> K- pi+                  :  2808 / 2839 = 98.91%
 --- D0 -> pi+ pi-                 :     4 / 2839 =  0.14%
 --- D0 -> pi- nu_mu mu+           :     8 / 2839 =  0.28%
 --- D0 -> rho+ pi-                :     4 / 2839 =  0.14%
 --- D0 -> rho- pi+                :     2 / 2839 =  0.07%
 -- bkg / total:     31 / 2839 = ( 1.09 + 0.21 - 0.18)%
 -- sig / total:   2808 / 2839 = (98.91 + 0.18 - 0.21)%

 -- eta bin 1
 --- D0 -> K- nu_mu mu+            :     2 / 902 =  0.22%
 --- D0 -> K- pi+                  :   884 / 902 = 98.00%
 --- D0 -> K- pi+ pi0              :     1 / 902 =  0.11%
 --- D0 -> K_S0 pi+ pi-            :     3 / 902 =  0.33%
 --- D0 -> pi+ pi- K_L0            :     1 / 902 =  0.11%
 --- D0 -> pi+ pi- pi0             :     1 / 902 =  0.11%
 --- D0 -> pi- nu_mu mu+           :     3 / 902 =  0.33%
 --- D0 -> rho+ pi-                :     4 / 902 =  0.44%
 --- D0 -> rho- pi+                :     3 / 902 =  0.33%
 -- bkg / total:     18 / 902 = ( 2.00 + 0.52 - 0.42)%
 -- sig / total:    884 / 902 = (98.00 + 0.42 - 0.52)%

 - p bin 4
 -- eta bin 0
 --- D0 -> K+ K-                   :     4 / 1581 =  0.25%
 --- D0 -> K- nu_e e+              :     1 / 1581 =  0.06%
 --- D0 -> K- nu_mu mu+            :     7 / 1581 =  0.44%
 --- D0 -> K- pi+                  :  1563 / 1581 = 98.86%
 --- D0 -> pi- nu_mu mu+           :     4 / 1581 =  0.25%
 --- D0 -> rho+ pi-                :     2 / 1581 =  0.13%
 -- bkg / total:     18 / 1581 = ( 1.14 + 0.30 - 0.24)%
 -- sig / total:   1563 / 1581 = (98.86 + 0.24 - 0.30)%

 -- eta bin 1
 --- D0 -> K+ K-                   :     2 / 1002 =  0.20%
 --- D0 -> K- nu_mu mu+            :     4 / 1002 =  0.40%
 --- D0 -> K- pi+                  :   987 / 1002 = 98.50%
 --- D0 -> rho+ pi-                :     8 / 1002 =  0.80%
 --- D0 -> rho- pi+                :     1 / 1002 =  0.10%
 -- bkg / total:     15 / 1002 = ( 1.50 + 0.43 - 0.34)%
 -- sig / total:    987 / 1002 = (98.50 + 0.34 - 0.43)%

 - p bin 5
 -- eta bin 0
 --- D0 -> K- nu_mu mu+            :     2 / 126 =  1.59%
 --- D0 -> K- pi+                  :   122 / 126 = 96.83%
 --- D0 -> K- pi+ pi0              :     1 / 126 =  0.79%
 --- D0 -> pi- nu_mu mu+           :     1 / 126 =  0.79%
 -- bkg / total:      4 / 126 = ( 3.17 + 1.97 - 1.23)%
 -- sig / total:    122 / 126 = (96.83 + 1.23 - 1.97)%

 -- eta bin 1
 --- D0 -> K- pi+                  :   312 / 315 = 99.05%
 --- D0 -> pi- nu_mu mu+           :     2 / 315 =  0.63%
 --- D0 -> rho- pi+                :     1 / 315 =  0.32%
 -- bkg / total:      3 / 315 = ( 0.95 + 0.72 - 0.41)%
 -- sig / total:    312 / 315 = (99.05 + 0.41 - 0.72)%

INFO Producing fake_mu constraints
INFO Opening MC files: ntuples/0.9.19-run2ang_noDLLmu/d0_bkg-mb-misid_corrections-k/Dst_ANNK--26_02_10--mc--10000000--201*.root
INFO Opened MC files:
  - ntuples/0.9.19-run2ang_noDLLmu/d0_bkg-mb-misid_corrections-k/Dst_ANNK--26_02_10--mc--10000000--2016--md.root
  - ntuples/0.9.19-run2ang_noDLLmu/d0_bkg-mb-misid_corrections-k/Dst_ANNK--26_02_10--mc--10000000--2016--mu.root
  - ntuples/0.9.19-run2ang_noDLLmu/d0_bkg-mb-misid_corrections-k/Dst_ANNK--26_02_10--mc--10000000--2017--md.root
  - ntuples/0.9.19-run2ang_noDLLmu/d0_bkg-mb-misid_corrections-k/Dst_ANNK--26_02_10--mc--10000000--2017--mu.root
  - ntuples/0.9.19-run2ang_noDLLmu/d0_bkg-mb-misid_corrections-k/Dst_ANNK--26_02_10--mc--10000000--2018--md.root
  - ntuples/0.9.19-run2ang_noDLLmu/d0_bkg-mb-misid_corrections-k/Dst_ANNK--26_02_10--mc--10000000--2018--mu.root
INFO Starting MC event loop over 1328796 entries
INFO Opening MC files: ntuples/0.9.19-run2ang_noDLLmu/d0_bkg-mb-misid_corrections-pi/Dst_ANNPi--26_02_10--mc--10000000--201*.root
INFO Opened MC files:
  - ntuples/0.9.19-run2ang_noDLLmu/d0_bkg-mb-misid_corrections-pi/Dst_ANNPi--26_02_10--mc--10000000--2016--md.root
  - ntuples/0.9.19-run2ang_noDLLmu/d0_bkg-mb-misid_corrections-pi/Dst_ANNPi--26_02_10--mc--10000000--2016--mu.root
  - ntuples/0.9.19-run2ang_noDLLmu/d0_bkg-mb-misid_corrections-pi/Dst_ANNPi--26_02_10--mc--10000000--2017--md.root
  - ntuples/0.9.19-run2ang_noDLLmu/d0_bkg-mb-misid_corrections-pi/Dst_ANNPi--26_02_10--mc--10000000--2017--mu.root
  - ntuples/0.9.19-run2ang_noDLLmu/d0_bkg-mb-misid_corrections-pi/Dst_ANNPi--26_02_10--mc--10000000--2018--md.root
  - ntuples/0.9.19-run2ang_noDLLmu/d0_bkg-mb-misid_corrections-pi/Dst_ANNPi--26_02_10--mc--10000000--2018--mu.root
INFO Starting MC event loop over 1328796 entries

INFO Printing failed counts for pi
 - p bin 0
 -- eta bin 0
 --- D0 -> K- nu_e e+              :   117 / 70867 =  0.17%
 --- D0 -> K- nu_mu mu+            :     3 / 70867 =  0.00%
 --- D0 -> K- pi+                  : 70615 / 70867 = 99.64%
 --- D0 -> K- pi+ pi+ pi-          :     1 / 70867 =  0.00%
 --- D0 -> K- pi+ pi0              :     8 / 70867 =  0.01%
 --- D0 -> K_S0 omega              :     1 / 70867 =  0.00%
 --- D0 -> K_S0 pi+ pi-            :     1 / 70867 =  0.00%
 --- D0 -> pi+ pi-                 :    91 / 70867 =  0.13%
 --- D0 -> pi- nu_e e+             :    23 / 70867 =  0.03%
 --- D0 -> pi- nu_mu mu+           :     3 / 70867 =  0.00%
 --- D0 -> rho- pi+                :     4 / 70867 =  0.01%
 -- bkg / total:    252 / 70867 = ( 0.36 + 0.02 - 0.02)%
 -- sig / total:  70615 / 70867 = (99.64 + 0.02 - 0.02)%

 -- eta bin 1
 --- D0 -> K- nu_e e+              :     2 / 1632 =  0.12%
 --- D0 -> K- pi+                  :  1624 / 1632 = 99.51%
 --- D0 -> pi+ pi-                 :     6 / 1632 =  0.37%
 -- bkg / total:      8 / 1632 = ( 0.49 + 0.21 - 0.15)%
 -- sig / total:   1624 / 1632 = (99.51 + 0.15 - 0.21)%

 - p bin 1
 -- eta bin 0
 --- D0 -> K+ pi-                  :     1 / 112090 =  0.00%
 --- D0 -> K- nu_e e+              :    53 / 112090 =  0.05%
 --- D0 -> K- nu_mu mu+            :     3 / 112090 =  0.00%
 --- D0 -> K- pi+                  : 111844 / 112090 = 99.78%
 --- D0 -> K- pi+ pi0              :     8 / 112090 =  0.01%
 --- D0 -> pi+ pi-                 :   108 / 112090 =  0.10%
 --- D0 -> pi+ pi- K_L0            :     1 / 112090 =  0.00%
 --- D0 -> pi- nu_e e+             :    24 / 112090 =  0.02%
 --- D0 -> rho+ pi-                :    29 / 112090 =  0.03%
 --- D0 -> rho- pi+                :    19 / 112090 =  0.02%
 -- bkg / total:    246 / 112090 = ( 0.22 + 0.01 - 0.01)%
 -- sig / total: 111844 / 112090 = (99.78 + 0.01 - 0.01)%

 -- eta bin 1
 --- D0 -> K- nu_e e+              :     6 / 16983 =  0.04%
 --- D0 -> K- pi+                  : 16940 / 16983 = 99.75%
 --- D0 -> K- pi+ pi0              :     4 / 16983 =  0.02%
 --- D0 -> pi+ pi-                 :    27 / 16983 =  0.16%
 --- D0 -> pi- nu_e e+             :     2 / 16983 =  0.01%
 --- D0 -> rho+ pi-                :     2 / 16983 =  0.01%
 --- D0 -> rho- pi+                :     2 / 16983 =  0.01%
 -- bkg / total:     43 / 16983 = ( 0.25 + 0.04 - 0.04)%
 -- sig / total:  16940 / 16983 = (99.75 + 0.04 - 0.04)%

 - p bin 2
 -- eta bin 0
 --- D0 -> K+ K-                   :     5 / 132825 =  0.00%
 --- D0 -> K+ K- K_L0              :     1 / 132825 =  0.00%
 --- D0 -> K+ pi-                  :     4 / 132825 =  0.00%
 --- D0 -> K+ pi- pi0              :     2 / 132825 =  0.00%
 --- D0 -> K- nu_e e+              :    31 / 132825 =  0.02%
 --- D0 -> K- nu_mu mu+            :     2 / 132825 =  0.00%
 --- D0 -> K- pi+                  : 131650 / 132825 = 99.12%
 --- D0 -> K- pi+ pi0              :     8 / 132825 =  0.01%
 --- D0 -> K_S0 pi+ pi-            :     8 / 132825 =  0.01%
 --- D0 -> pi+ pi+ pi- pi-         :     2 / 132825 =  0.00%
 --- D0 -> pi+ pi-                 :   106 / 132825 =  0.08%
 --- D0 -> pi+ pi- K_L0            :    11 / 132825 =  0.01%
 --- D0 -> pi+ pi- pi0             :    25 / 132825 =  0.02%
 --- D0 -> pi- nu_e e+             :    43 / 132825 =  0.03%
 --- D0 -> pi- nu_mu mu+           :     2 / 132825 =  0.00%
 --- D0 -> rho+ pi-                :   478 / 132825 =  0.36%
 --- D0 -> rho- pi+                :   447 / 132825 =  0.34%
 -- bkg / total:   1175 / 132825 = ( 0.88 + 0.03 - 0.03)%
 -- sig / total: 131650 / 132825 = (99.12 + 0.03 - 0.03)%

 -- eta bin 1
 --- D0 -> K+ K-                   :     1 / 31445 =  0.00%
 --- D0 -> K- nu_e e+              :     7 / 31445 =  0.02%
 --- D0 -> K- pi+                  : 31317 / 31445 = 99.59%
 --- D0 -> K- pi+ pi0              :     7 / 31445 =  0.02%
 --- D0 -> pi+ pi-                 :    52 / 31445 =  0.17%
 --- D0 -> pi+ pi- K_L0            :     1 / 31445 =  0.00%
 --- D0 -> pi+ pi- pi0             :     1 / 31445 =  0.00%
 --- D0 -> pi- nu_e e+             :     4 / 31445 =  0.01%
 --- D0 -> rho+ pi-                :    30 / 31445 =  0.10%
 --- D0 -> rho- pi+                :    25 / 31445 =  0.08%
 -- bkg / total:    128 / 31445 = ( 0.41 + 0.04 - 0.03)%
 -- sig / total:  31317 / 31445 = (99.59 + 0.03 - 0.04)%

 - p bin 3
 -- eta bin 0
 --- D0 -> K*+ pi-                 :     7 / 204759 =  0.00%
 --- D0 -> K*- K+                  :     2 / 204759 =  0.00%
 --- D0 -> K*- pi+ pi0             :     4 / 204759 =  0.00%
 --- D0 -> K*- rho+                :    24 / 204759 =  0.01%
 --- D0 -> K*0 anti-K0             :     1 / 204759 =  0.00%
 --- D0 -> K+ K-                   :    30 / 204759 =  0.01%
 --- D0 -> K+ K- pi+ pi-           :     2 / 204759 =  0.00%
 --- D0 -> K+ K_S0 pi-             :    10 / 204759 =  0.00%
 --- D0 -> K+ pi+ pi- pi-          :     4 / 204759 =  0.00%
 --- D0 -> K+ pi-                  :     5 / 204759 =  0.00%
 --- D0 -> K+ pi- K_L0             :    11 / 204759 =  0.01%
 --- D0 -> K+ pi- pi0              :    21 / 204759 =  0.01%
 --- D0 -> K- eta pi+              :     1 / 204759 =  0.00%
 --- D0 -> K- nu_e e+              :    32 / 204759 =  0.02%
 --- D0 -> K- nu_mu mu+            :     8 / 204759 =  0.00%
 --- D0 -> K- pi+                  : 198427 / 204759 = 96.91%
 --- D0 -> K- pi+ pi+ pi-          :    10 / 204759 =  0.00%
 --- D0 -> K- pi+ pi0              :    10 / 204759 =  0.00%
 --- D0 -> K_1- pi+                :     9 / 204759 =  0.00%
 --- D0 -> K_S0 omega              :     1 / 204759 =  0.00%
 --- D0 -> K_S0 pi+ pi-            :   503 / 204759 =  0.25%
 --- D0 -> K_S0 pi+ pi- pi0        :    32 / 204759 =  0.02%
 --- D0 -> a_1+ K-                 :     1 / 204759 =  0.00%
 --- D0 -> anti-K*0 omega          :     2 / 204759 =  0.00%
 --- D0 -> anti-K*0 pi+ pi-        :    14 / 204759 =  0.01%
 --- D0 -> anti-K*0 rho0           :     1 / 204759 =  0.00%
 --- D0 -> eta pi+ pi-             :     5 / 204759 =  0.00%
 --- D0 -> omega pi+ pi-           :     3 / 204759 =  0.00%
 --- D0 -> phi pi+ pi-             :     1 / 204759 =  0.00%
 --- D0 -> pi+ pi+ pi- pi-         :    79 / 204759 =  0.04%
 --- D0 -> pi+ pi+ pi- pi- pi0     :     5 / 204759 =  0.00%
 --- D0 -> pi+ pi-                 :   118 / 204759 =  0.06%
 --- D0 -> pi+ pi- K_L0            :   439 / 204759 =  0.21%
 --- D0 -> pi+ pi- K_L0 pi0        :     5 / 204759 =  0.00%
 --- D0 -> pi+ pi- pi0             :   115 / 204759 =  0.06%
 --- D0 -> pi+ pi- pi0 pi0         :    29 / 204759 =  0.01%
 --- D0 -> pi+ pi- pi0 pi0 pi0     :     1 / 204759 =  0.00%
 --- D0 -> pi- nu_e e+             :   127 / 204759 =  0.06%
 --- D0 -> pi- nu_mu mu+           :     7 / 204759 =  0.00%
 --- D0 -> rho+ pi-                :  2469 / 204759 =  1.21%
 --- D0 -> rho- nu_e e+            :     1 / 204759 =  0.00%
 --- D0 -> rho- pi+                :  2113 / 204759 =  1.03%
 --- D0 -> rho0 pi0                :     4 / 204759 =  0.00%
 --- D0 -> rho0 rho0               :     8 / 204759 =  0.00%
 --- K*0 -> K+ pi-                 :     1 / 204759 =  0.00%
 --- K_1+ -> K+ pi+ pi-            :     1 / 204759 =  0.00%
 --- a_1+ -> pi+ rho0              :     3 / 204759 =  0.00%
 --- omega -> pi+ pi-              :     1 / 204759 =  0.00%
 --- rho0 -> pi+ pi-               :    52 / 204759 =  0.03%
 -- bkg / total:   6332 / 204759 = ( 3.09 + 0.04 - 0.04)%
 -- sig / total: 198427 / 204759 = (96.91 + 0.04 - 0.04)%

 -- eta bin 1
 --- D0 -> K*- rho+                :     5 / 65357 =  0.01%
 --- D0 -> K+ K-                   :     4 / 65357 =  0.01%
 --- D0 -> K+ K_S0 pi-             :     3 / 65357 =  0.00%
 --- D0 -> K+ pi-                  :     7 / 65357 =  0.01%
 --- D0 -> K+ pi- K_L0             :     1 / 65357 =  0.00%
 --- D0 -> K- nu_e e+              :     9 / 65357 =  0.01%
 --- D0 -> K- nu_mu mu+            :     2 / 65357 =  0.00%
 --- D0 -> K- pi+                  : 64419 / 65357 = 98.56%
 --- D0 -> K- pi+ pi+ pi-          :     1 / 65357 =  0.00%
 --- D0 -> K- pi+ pi0              :     6 / 65357 =  0.01%
 --- D0 -> K_1- pi+                :     5 / 65357 =  0.01%
 --- D0 -> K_S0 pi+ pi-            :    38 / 65357 =  0.06%
 --- D0 -> K_S0 pi+ pi- pi0        :     1 / 65357 =  0.00%
 --- D0 -> anti-K*0 pi+ pi-        :     1 / 65357 =  0.00%
 --- D0 -> pi+ pi+ pi- pi-         :     6 / 65357 =  0.01%
 --- D0 -> pi+ pi+ pi- pi- pi0     :     1 / 65357 =  0.00%
 --- D0 -> pi+ pi-                 :    93 / 65357 =  0.14%
 --- D0 -> pi+ pi- K_L0            :    38 / 65357 =  0.06%
 --- D0 -> pi+ pi- pi0             :    14 / 65357 =  0.02%
 --- D0 -> pi+ pi- pi0 pi0         :     2 / 65357 =  0.00%
 --- D0 -> pi- nu_e e+             :    22 / 65357 =  0.03%
 --- D0 -> pi- nu_mu mu+           :     2 / 65357 =  0.00%
 --- D0 -> rho+ pi-                :   346 / 65357 =  0.53%
 --- D0 -> rho- pi+                :   329 / 65357 =  0.50%
 --- rho0 -> pi+ pi-               :     2 / 65357 =  0.00%
 -- bkg / total:    938 / 65357 = ( 1.44 + 0.05 - 0.05)%
 -- sig / total:  64419 / 65357 = (98.56 + 0.05 - 0.05)%

 - p bin 4
 -- eta bin 0
 --- D0 -> K*+ pi-                 :    11 / 202841 =  0.01%
 --- D0 -> K*- K+                  :    10 / 202841 =  0.00%
 --- D0 -> K*- nu_e e+             :     7 / 202841 =  0.00%
 --- D0 -> K*- pi+ pi0             :    12 / 202841 =  0.01%
 --- D0 -> K*- rho+                :    78 / 202841 =  0.04%
 --- D0 -> K+ K-                   :    54 / 202841 =  0.03%
 --- D0 -> K+ K- K_S0              :     1 / 202841 =  0.00%
 --- D0 -> K+ K- pi+ pi-           :    14 / 202841 =  0.01%
 --- D0 -> K+ K- pi+ pi- pi0       :     3 / 202841 =  0.00%
 --- D0 -> K+ K- pi0 pi0           :     1 / 202841 =  0.00%
 --- D0 -> K+ K_S0 pi-             :    65 / 202841 =  0.03%
 --- D0 -> K+ pi+ pi- pi-          :     6 / 202841 =  0.00%
 --- D0 -> K+ pi-                  :     7 / 202841 =  0.00%
 --- D0 -> K+ pi- K_L0             :    68 / 202841 =  0.03%
 --- D0 -> K+ pi- pi0              :    30 / 202841 =  0.01%
 --- D0 -> K- K_S0 pi+             :     2 / 202841 =  0.00%
 --- D0 -> K- eta pi+              :     3 / 202841 =  0.00%
 --- D0 -> K- nu_e e+              :    15 / 202841 =  0.01%
 --- D0 -> K- nu_mu mu+            :     2 / 202841 =  0.00%
 --- D0 -> K- omega pi+            :     2 / 202841 =  0.00%
 --- D0 -> K- pi+                  : 193488 / 202841 = 95.39%
 --- D0 -> K- pi+ pi+ pi+ pi-      :     1 / 202841 =  0.00%
 --- D0 -> K- pi+ pi+ pi-          :    69 / 202841 =  0.03%
 --- D0 -> K- pi+ pi0              :    95 / 202841 =  0.05%
 --- D0 -> K- pi+ pi0 pi0 pi0      :     1 / 202841 =  0.00%
 --- D0 -> K- pi+ rho0             :     4 / 202841 =  0.00%
 --- D0 -> K- rho+ pi0             :     1 / 202841 =  0.00%
 --- D0 -> K_1- pi+                :    27 / 202841 =  0.01%
 --- D0 -> K_S0 omega              :     3 / 202841 =  0.00%
 --- D0 -> K_S0 pi+ pi+ pi- pi-    :     3 / 202841 =  0.00%
 --- D0 -> K_S0 pi+ pi-            :  1339 / 202841 =  0.66%
 --- D0 -> K_S0 pi+ pi- pi0        :   131 / 202841 =  0.06%
 --- D0 -> a_1+ K-                 :     1 / 202841 =  0.00%
 --- D0 -> anti-K*0 eta            :     3 / 202841 =  0.00%
 --- D0 -> anti-K*0 pi+ pi-        :    72 / 202841 =  0.04%
 --- D0 -> anti-K*0 pi+ pi- pi0    :     5 / 202841 =  0.00%
 --- D0 -> anti-K*0 rho0           :     3 / 202841 =  0.00%
 --- D0 -> anti-K0 pi- nu_e e+     :     1 / 202841 =  0.00%
 --- D0 -> anti-K_10 pi0           :     1 / 202841 =  0.00%
 --- D0 -> eta eta                 :     1 / 202841 =  0.00%
 --- D0 -> eta pi+ pi-             :    17 / 202841 =  0.01%
 --- D0 -> eta' K_S0               :     1 / 202841 =  0.00%
 --- D0 -> eta' pi+ pi-            :     2 / 202841 =  0.00%
 --- D0 -> omega pi+ pi-           :    11 / 202841 =  0.01%
 --- D0 -> phi pi+ pi-             :     2 / 202841 =  0.00%
 --- D0 -> pi+ pi+ pi+ pi- pi-     :     5 / 202841 =  0.00%
 --- D0 -> pi+ pi+ pi- pi-         :   241 / 202841 =  0.12%
 --- D0 -> pi+ pi+ pi- pi- K_L0    :     2 / 202841 =  0.00%
 --- D0 -> pi+ pi+ pi- pi- pi0     :    10 / 202841 =  0.00%
 --- D0 -> pi+ pi-                 :    46 / 202841 =  0.02%
 --- D0 -> pi+ pi- K_L0            :  1183 / 202841 =  0.58%
 --- D0 -> pi+ pi- K_L0 pi0        :    15 / 202841 =  0.01%
 --- D0 -> pi+ pi- pi0             :   124 / 202841 =  0.06%
 --- D0 -> pi+ pi- pi0 pi0         :   104 / 202841 =  0.05%
 --- D0 -> pi+ pi- pi0 pi0 pi0     :    15 / 202841 =  0.01%
 --- D0 -> pi- nu_e e+             :   118 / 202841 =  0.06%
 --- D0 -> pi- nu_mu mu+           :     3 / 202841 =  0.00%
 --- D0 -> rho+ pi-                :  2603 / 202841 =  1.28%
 --- D0 -> rho- nu_e e+            :     2 / 202841 =  0.00%
 --- D0 -> rho- pi+                :  2175 / 202841 =  1.07%
 --- D0 -> rho0 pi0                :     6 / 202841 =  0.00%
 --- D0 -> rho0 rho0               :    21 / 202841 =  0.01%
 --- K*+ -> K0 pi+                 :     2 / 202841 =  0.00%
 --- K*0 -> K+ pi-                 :     8 / 202841 =  0.00%
 --- K_10 -> K0 pi+ pi-            :     1 / 202841 =  0.00%
 --- K_2*+ -> K*0 pi+              :     1 / 202841 =  0.00%
 --- a_1+ -> pi+ rho0              :    13 / 202841 =  0.01%
 --- a_1+ -> rho+ pi0              :     8 / 202841 =  0.00%
 --- eta' -> pi+ pi- pi0           :     1 / 202841 =  0.00%
 --- eta' -> rho0                  :     1 / 202841 =  0.00%
 --- omega -> pi+ pi-              :    10 / 202841 =  0.00%
 --- phi -> rho+ pi-               :     1 / 202841 =  0.00%
 --- rho+ -> pi+ pi0               :    16 / 202841 =  0.01%
 --- rho0 -> pi+ pi-               :   433 / 202841 =  0.21%
 -- bkg / total:   9353 / 202841 = ( 4.61 + 0.05 - 0.05)%
 -- sig / total: 193488 / 202841 = (95.39 + 0.05 - 0.05)%

 -- eta bin 1
 --- D0 -> K*+ pi-                 :     6 / 156144 =  0.00%
 --- D0 -> K*- K+                  :    11 / 156144 =  0.01%
 --- D0 -> K*- nu_e e+             :     2 / 156144 =  0.00%
 --- D0 -> K*- pi+ pi0             :    11 / 156144 =  0.01%
 --- D0 -> K*- rho+                :    49 / 156144 =  0.03%
 --- D0 -> K+ K-                   :    35 / 156144 =  0.02%
 --- D0 -> K+ K- pi+ pi-           :     5 / 156144 =  0.00%
 --- D0 -> K+ K- pi+ pi- pi0       :     1 / 156144 =  0.00%
 --- D0 -> K+ K_S0 pi-             :    36 / 156144 =  0.02%
 --- D0 -> K+ pi+ pi- pi-          :     3 / 156144 =  0.00%
 --- D0 -> K+ pi-                  :    13 / 156144 =  0.01%
 --- D0 -> K+ pi- K_L0             :    34 / 156144 =  0.02%
 --- D0 -> K+ pi- pi0              :    20 / 156144 =  0.01%
 --- D0 -> K- eta pi+              :     3 / 156144 =  0.00%
 --- D0 -> K- nu_e e+              :    15 / 156144 =  0.01%
 --- D0 -> K- nu_mu mu+            :     2 / 156144 =  0.00%
 --- D0 -> K- omega pi+            :     1 / 156144 =  0.00%
 --- D0 -> K- pi+                  : 149904 / 156144 = 96.00%
 --- D0 -> K- pi+ pi+ pi-          :    29 / 156144 =  0.02%
 --- D0 -> K- pi+ pi0              :    42 / 156144 =  0.03%
 --- D0 -> K- pi+ rho0             :     1 / 156144 =  0.00%
 --- D0 -> K- rho+ pi0             :     1 / 156144 =  0.00%
 --- D0 -> K0 anti-K0 pi0 pi0      :     1 / 156144 =  0.00%
 --- D0 -> K_1- pi+                :    28 / 156144 =  0.02%
 --- D0 -> K_S0 omega              :     2 / 156144 =  0.00%
 --- D0 -> K_S0 pi+ pi-            :   781 / 156144 =  0.50%
 --- D0 -> K_S0 pi+ pi- pi0        :    90 / 156144 =  0.06%
 --- D0 -> a_1+ K-                 :     1 / 156144 =  0.00%
 --- D0 -> anti-K*0 pi+ pi-        :    32 / 156144 =  0.02%
 --- D0 -> anti-K*0 pi+ pi- pi0    :     1 / 156144 =  0.00%
 --- D0 -> anti-K*0 pi0 pi0        :     1 / 156144 =  0.00%
 --- D0 -> anti-K*0 rho0           :     4 / 156144 =  0.00%
 --- D0 -> eta pi+ pi-             :     8 / 156144 =  0.01%
 --- D0 -> eta' eta                :     1 / 156144 =  0.00%
 --- D0 -> eta' pi+ pi-            :     3 / 156144 =  0.00%
 --- D0 -> omega pi+ pi-           :    12 / 156144 =  0.01%
 --- D0 -> phi K_S0                :     1 / 156144 =  0.00%
 --- D0 -> pi+ pi+ pi- pi-         :   153 / 156144 =  0.10%
 --- D0 -> pi+ pi+ pi- pi- K_L0    :     2 / 156144 =  0.00%
 --- D0 -> pi+ pi+ pi- pi- pi0     :     8 / 156144 =  0.01%
 --- D0 -> pi+ pi-                 :    81 / 156144 =  0.05%
 --- D0 -> pi+ pi- K_L0            :   734 / 156144 =  0.47%
 --- D0 -> pi+ pi- K_L0 pi0        :    11 / 156144 =  0.01%
 --- D0 -> pi+ pi- pi0             :   113 / 156144 =  0.07%
 --- D0 -> pi+ pi- pi0 pi0         :    62 / 156144 =  0.04%
 --- D0 -> pi+ pi- pi0 pi0 pi0     :     8 / 156144 =  0.01%
 --- D0 -> pi- nu_e e+             :    91 / 156144 =  0.06%
 --- D0 -> pi- nu_mu mu+           :     8 / 156144 =  0.01%
 --- D0 -> rho+ pi-                :  1809 / 156144 =  1.16%
 --- D0 -> rho- nu_e e+            :     1 / 156144 =  0.00%
 --- D0 -> rho- pi+                :  1592 / 156144 =  1.02%
 --- D0 -> rho0 pi0                :     4 / 156144 =  0.00%
 --- D0 -> rho0 rho0               :    19 / 156144 =  0.01%
 --- K*+ -> K0 pi+                 :     1 / 156144 =  0.00%
 --- K*0 -> K+ pi-                 :     3 / 156144 =  0.00%
 --- K_10 -> K0 pi+ pi-            :     1 / 156144 =  0.00%
 --- a_1+ -> pi+ rho0              :     6 / 156144 =  0.00%
 --- a_1+ -> rho+ pi0              :     1 / 156144 =  0.00%
 --- omega -> pi+ pi-              :     4 / 156144 =  0.00%
 --- phi -> rho+ pi-               :     2 / 156144 =  0.00%
 --- rho+ -> pi+ pi0               :     6 / 156144 =  0.00%
 --- rho0 -> pi+ pi-               :   234 / 156144 =  0.15%
 -- bkg / total:   6240 / 156144 = ( 4.00 + 0.05 - 0.05)%
 -- sig / total: 149904 / 156144 = (96.00 + 0.05 - 0.05)%

 - p bin 5
 -- eta bin 0
 --- D0 -> K*+ pi-                 :     1 / 30286 =  0.00%
 --- D0 -> K*- K+                  :     1 / 30286 =  0.00%
 --- D0 -> K*- pi+ pi0             :     1 / 30286 =  0.00%
 --- D0 -> K*- rho+                :    15 / 30286 =  0.05%
 --- D0 -> K+ K-                   :    13 / 30286 =  0.04%
 --- D0 -> K+ K- pi+ pi-           :     3 / 30286 =  0.01%
 --- D0 -> K+ K- pi+ pi- pi0       :     1 / 30286 =  0.00%
 --- D0 -> K+ K_S0 pi-             :    16 / 30286 =  0.05%
 --- D0 -> K+ pi+ pi- pi-          :     3 / 30286 =  0.01%
 --- D0 -> K+ pi-                  :     1 / 30286 =  0.00%
 --- D0 -> K+ pi- K_L0             :    17 / 30286 =  0.06%
 --- D0 -> K+ pi- pi0              :    10 / 30286 =  0.03%
 --- D0 -> K- nu_e e+              :     3 / 30286 =  0.01%
 --- D0 -> K- nu_mu mu+            :     1 / 30286 =  0.00%
 --- D0 -> K- pi+                  : 28877 / 30286 = 95.35%
 --- D0 -> K- pi+ pi+ pi-          :     5 / 30286 =  0.02%
 --- D0 -> K- pi+ pi0              :    35 / 30286 =  0.12%
 --- D0 -> K- rho+ pi0             :     1 / 30286 =  0.00%
 --- D0 -> K_1- pi+                :     5 / 30286 =  0.02%
 --- D0 -> K_S0 pi+ pi-            :   225 / 30286 =  0.74%
 --- D0 -> K_S0 pi+ pi- pi0        :    22 / 30286 =  0.07%
 --- D0 -> a_1+ K-                 :     1 / 30286 =  0.00%
 --- D0 -> anti-K*0                :     1 / 30286 =  0.00%
 --- D0 -> anti-K*0 pi+ pi-        :     9 / 30286 =  0.03%
 --- D0 -> anti-K*0 pi+ pi- pi0    :     1 / 30286 =  0.00%
 --- D0 -> anti-K*0 rho0           :     2 / 30286 =  0.01%
 --- D0 -> anti-K0 pi- nu_e e+     :     1 / 30286 =  0.00%
 --- D0 -> eta pi+ pi-             :     4 / 30286 =  0.01%
 --- D0 -> eta' pi0                :     1 / 30286 =  0.00%
 --- D0 -> omega pi+ pi-           :     3 / 30286 =  0.01%
 --- D0 -> pi+ pi+ pi- pi-         :    38 / 30286 =  0.13%
 --- D0 -> pi+ pi+ pi- pi- pi0     :     1 / 30286 =  0.00%
 --- D0 -> pi+ pi-                 :     6 / 30286 =  0.02%
 --- D0 -> pi+ pi- K_L0            :   185 / 30286 =  0.61%
 --- D0 -> pi+ pi- K_L0 pi0        :     3 / 30286 =  0.01%
 --- D0 -> pi+ pi- pi0             :    16 / 30286 =  0.05%
 --- D0 -> pi+ pi- pi0 pi0         :    22 / 30286 =  0.07%
 --- D0 -> pi+ pi- pi0 pi0 pi0     :     1 / 30286 =  0.00%
 --- D0 -> pi- nu_e e+             :    15 / 30286 =  0.05%
 --- D0 -> pi- nu_mu mu+           :     5 / 30286 =  0.02%
 --- D0 -> rho+ pi-                :   325 / 30286 =  1.07%
 --- D0 -> rho- pi+                :   282 / 30286 =  0.93%
 --- D0 -> rho0 pi0                :     1 / 30286 =  0.00%
 --- D0 -> rho0 rho0               :     2 / 30286 =  0.01%
 --- K*0 -> K+ pi-                 :     1 / 30286 =  0.00%
 --- K_1+ -> K*0 pi+               :     1 / 30286 =  0.00%
 --- a_1+ -> pi+ rho0              :     1 / 30286 =  0.00%
 --- a_1+ -> rho+ pi0              :     1 / 30286 =  0.00%
 --- omega -> pi+ pi-              :     6 / 30286 =  0.02%
 --- omega -> pi+ pi- pi0          :     1 / 30286 =  0.00%
 --- rho+ -> pi+ pi0               :     4 / 30286 =  0.01%
 --- rho0 -> pi+ pi-               :    90 / 30286 =  0.30%
 -- bkg / total:   1409 / 30286 = ( 4.65 + 0.12 - 0.12)%
 -- sig / total:  28877 / 30286 = (95.35 + 0.12 - 0.12)%

 -- eta bin 1
 --- D0 -> K*+ pi-                 :     4 / 76947 =  0.01%
 --- D0 -> K*- K+                  :    10 / 76947 =  0.01%
 --- D0 -> K*- nu_e e+             :     2 / 76947 =  0.00%
 --- D0 -> K*- pi+ pi0             :     4 / 76947 =  0.01%
 --- D0 -> K*- rho+                :    48 / 76947 =  0.06%
 --- D0 -> K+ K-                   :    29 / 76947 =  0.04%
 --- D0 -> K+ K- pi+ pi-           :     7 / 76947 =  0.01%
 --- D0 -> K+ K- pi0               :     1 / 76947 =  0.00%
 --- D0 -> K+ K_S0 pi-             :    26 / 76947 =  0.03%
 --- D0 -> K+ pi+ pi- pi-          :     1 / 76947 =  0.00%
 --- D0 -> K+ pi-                  :     3 / 76947 =  0.00%
 --- D0 -> K+ pi- K_L0             :    32 / 76947 =  0.04%
 --- D0 -> K+ pi- pi0              :    10 / 76947 =  0.01%
 --- D0 -> K- eta pi+              :     2 / 76947 =  0.00%
 --- D0 -> K- nu_e e+              :     3 / 76947 =  0.00%
 --- D0 -> K- nu_mu mu+            :     2 / 76947 =  0.00%
 --- D0 -> K- omega pi+            :     1 / 76947 =  0.00%
 --- D0 -> K- pi+                  : 73225 / 76947 = 95.16%
 --- D0 -> K- pi+ pi+ pi-          :    28 / 76947 =  0.04%
 --- D0 -> K- pi+ pi0              :    50 / 76947 =  0.06%
 --- D0 -> K- rho+ pi0             :     1 / 76947 =  0.00%
 --- D0 -> K_1- pi+                :    12 / 76947 =  0.02%
 --- D0 -> K_S0 omega              :     4 / 76947 =  0.01%
 --- D0 -> K_S0 pi+ pi+ pi- pi-    :     2 / 76947 =  0.00%
 --- D0 -> K_S0 pi+ pi-            :   568 / 76947 =  0.74%
 --- D0 -> K_S0 pi+ pi- pi0        :    52 / 76947 =  0.07%
 --- D0 -> anti-K*0                :     1 / 76947 =  0.00%
 --- D0 -> anti-K*0 omega          :     1 / 76947 =  0.00%
 --- D0 -> anti-K*0 pi+ pi-        :    25 / 76947 =  0.03%
 --- D0 -> anti-K*0 pi+ pi- pi0    :     2 / 76947 =  0.00%
 --- D0 -> anti-K*0 pi0            :     1 / 76947 =  0.00%
 --- D0 -> eta pi+ pi-             :    15 / 76947 =  0.02%
 --- D0 -> eta' K_S0               :     1 / 76947 =  0.00%
 --- D0 -> eta' pi+ pi-            :     2 / 76947 =  0.00%
 --- D0 -> omega pi+ pi-           :     4 / 76947 =  0.01%
 --- D0 -> pi+ pi+ pi+ pi- pi-     :     1 / 76947 =  0.00%
 --- D0 -> pi+ pi+ pi- pi-         :    96 / 76947 =  0.12%
 --- D0 -> pi+ pi+ pi- pi- pi-     :     1 / 76947 =  0.00%
 --- D0 -> pi+ pi+ pi- pi- pi0     :     4 / 76947 =  0.01%
 --- D0 -> pi+ pi-                 :    23 / 76947 =  0.03%
 --- D0 -> pi+ pi- K_L0            :   521 / 76947 =  0.68%
 --- D0 -> pi+ pi- K_L0 pi0        :    11 / 76947 =  0.01%
 --- D0 -> pi+ pi- pi0             :    48 / 76947 =  0.06%
 --- D0 -> pi+ pi- pi0 pi0         :    46 / 76947 =  0.06%
 --- D0 -> pi+ pi- pi0 pi0 pi0     :     4 / 76947 =  0.01%
 --- D0 -> pi- nu_e e+             :    40 / 76947 =  0.05%
 --- D0 -> pi- nu_mu mu+           :     3 / 76947 =  0.00%
 --- D0 -> rho+ pi-                :   956 / 76947 =  1.24%
 --- D0 -> rho- pi+                :   797 / 76947 =  1.04%
 --- D0 -> rho0 pi0                :     6 / 76947 =  0.01%
 --- D0 -> rho0 rho0               :    10 / 76947 =  0.01%
 --- K*+ -> K+ pi0                 :     1 / 76947 =  0.00%
 --- K*+ -> K0 pi+                 :     1 / 76947 =  0.00%
 --- K*0 -> K+ pi-                 :     1 / 76947 =  0.00%
 --- K_1+ -> K+ pi+ pi-            :     1 / 76947 =  0.00%
 --- a_1+ -> pi+ rho0              :     2 / 76947 =  0.00%
 --- a_1+ -> rho+ pi0              :     5 / 76947 =  0.01%
 --- omega -> pi+ pi-              :     2 / 76947 =  0.00%
 --- omega -> pi+ pi- pi0          :     1 / 76947 =  0.00%
 --- phi -> rho+ pi-               :     1 / 76947 =  0.00%
 --- rho+ -> pi+ pi0               :     4 / 76947 =  0.01%
 --- rho0 -> pi+ pi-               :   182 / 76947 =  0.24%
 -- bkg / total:   3722 / 76947 = ( 4.84 + 0.08 - 0.08)%
 -- sig / total:  73225 / 76947 = (95.16 + 0.08 - 0.08)%


INFO Printing failed counts for k
 - p bin 0
 -- eta bin 0
 --- D0 -> K*+ pi-                 :     2 / 40999 =  0.00%
 --- D0 -> K*- K+                  :     9 / 40999 =  0.02%
 --- D0 -> K*- nu_e e+             :     3 / 40999 =  0.01%
 --- D0 -> K*- nu_mu mu+           :    25 / 40999 =  0.06%
 --- D0 -> K*- pi+ pi0             :    14 / 40999 =  0.03%
 --- D0 -> K*- rho+                :    93 / 40999 =  0.23%
 --- D0 -> K*0 anti-K0             :     1 / 40999 =  0.00%
 --- D0 -> K+ K-                   :    18 / 40999 =  0.04%
 --- D0 -> K+ K- K_L0              :     1 / 40999 =  0.00%
 --- D0 -> K+ K- pi+ pi-           :    12 / 40999 =  0.03%
 --- D0 -> K+ K- pi+ pi- pi0       :     1 / 40999 =  0.00%
 --- D0 -> K+ K_S0 pi-             :    64 / 40999 =  0.16%
 --- D0 -> K+ pi+ pi- pi-          :     9 / 40999 =  0.02%
 --- D0 -> K+ pi- K_L0             :    65 / 40999 =  0.16%
 --- D0 -> K+ pi- pi0              :    16 / 40999 =  0.04%
 --- D0 -> K- K_S0 pi+             :     1 / 40999 =  0.00%
 --- D0 -> K- eta pi+              :     4 / 40999 =  0.01%
 --- D0 -> K- nu_e e+              :     2 / 40999 =  0.00%
 --- D0 -> K- nu_mu mu+            :    24 / 40999 =  0.06%
 --- D0 -> K- omega pi+            :     3 / 40999 =  0.01%
 --- D0 -> K- pi+                  : 35695 / 40999 = 87.06%
 --- D0 -> K- pi+ pi+ pi+ pi-      :     1 / 40999 =  0.00%
 --- D0 -> K- pi+ pi+ pi-          :    50 / 40999 =  0.12%
 --- D0 -> K- pi+ pi0              :    78 / 40999 =  0.19%
 --- D0 -> K- pi+ rho0             :     2 / 40999 =  0.00%
 --- D0 -> K- rho+ pi0             :     4 / 40999 =  0.01%
 --- D0 -> K0 anti-K0 pi0 pi0      :     1 / 40999 =  0.00%
 --- D0 -> K_1- pi+                :    38 / 40999 =  0.09%
 --- D0 -> K_S0 omega              :     4 / 40999 =  0.01%
 --- D0 -> K_S0 pi+ pi+ pi- pi-    :     2 / 40999 =  0.00%
 --- D0 -> K_S0 pi+ pi-            :  1294 / 40999 =  3.16%
 --- D0 -> K_S0 pi+ pi- pi0        :   140 / 40999 =  0.34%
 --- D0 -> a_1+ K-                 :     1 / 40999 =  0.00%
 --- D0 -> anti-K*0 eta            :     2 / 40999 =  0.00%
 --- D0 -> anti-K*0 pi+ pi-        :    74 / 40999 =  0.18%
 --- D0 -> anti-K*0 pi+ pi- pi0    :     3 / 40999 =  0.01%
 --- D0 -> anti-K*0 rho0           :     4 / 40999 =  0.01%
 --- D0 -> anti-K0 pi- nu_e e+     :     1 / 40999 =  0.00%
 --- D0 -> anti-K0 pi- nu_mu mu+   :     4 / 40999 =  0.01%
 --- D0 -> eta eta                 :     1 / 40999 =  0.00%
 --- D0 -> eta pi+ pi-             :    21 / 40999 =  0.05%
 --- D0 -> eta' eta                :     1 / 40999 =  0.00%
 --- D0 -> eta' pi+ pi-            :     3 / 40999 =  0.01%
 --- D0 -> omega pi+ pi-           :    14 / 40999 =  0.03%
 --- D0 -> phi K_S0                :     1 / 40999 =  0.00%
 --- D0 -> pi+ pi+ pi+ pi- pi-     :     4 / 40999 =  0.01%
 --- D0 -> pi+ pi+ pi- pi-         :   236 / 40999 =  0.58%
 --- D0 -> pi+ pi+ pi- pi- K_L0    :     3 / 40999 =  0.01%
 --- D0 -> pi+ pi+ pi- pi- pi-     :     2 / 40999 =  0.00%
 --- D0 -> pi+ pi+ pi- pi- pi0     :     9 / 40999 =  0.02%
 --- D0 -> pi+ pi-                 :     3 / 40999 =  0.01%
 --- D0 -> pi+ pi- K_L0            :  1159 / 40999 =  2.83%
 --- D0 -> pi+ pi- K_L0 pi0        :    17 / 40999 =  0.04%
 --- D0 -> pi+ pi- pi0             :    60 / 40999 =  0.15%
 --- D0 -> pi+ pi- pi0 pi0         :    84 / 40999 =  0.20%
 --- D0 -> pi+ pi- pi0 pi0 pi0     :    10 / 40999 =  0.02%
 --- D0 -> pi- nu_e e+             :    66 / 40999 =  0.16%
 --- D0 -> pi- nu_mu mu+           :   103 / 40999 =  0.25%
 --- D0 -> rho+ pi-                :   444 / 40999 =  1.08%
 --- D0 -> rho- nu_e e+            :     1 / 40999 =  0.00%
 --- D0 -> rho- nu_mu mu+          :     9 / 40999 =  0.02%
 --- D0 -> rho- pi+                :   468 / 40999 =  1.14%
 --- D0 -> rho0 pi0                :    10 / 40999 =  0.02%
 --- D0 -> rho0 rho0               :    26 / 40999 =  0.06%
 --- K*+ -> K0 pi+                 :     2 / 40999 =  0.00%
 --- K*0 -> K+ pi-                 :     5 / 40999 =  0.01%
 --- K_1+ -> K*0 pi+               :     1 / 40999 =  0.00%
 --- K_10 -> K0 pi+ pi-            :     1 / 40999 =  0.00%
 --- a_1+ -> pi+ rho0              :     7 / 40999 =  0.02%
 --- a_1+ -> rho+ pi0              :     5 / 40999 =  0.01%
 --- eta' -> pi+ pi- pi0           :     1 / 40999 =  0.00%
 --- eta' -> rho0                  :     1 / 40999 =  0.00%
 --- omega -> pi+ pi-              :    11 / 40999 =  0.03%
 --- phi -> rho+ pi-               :     1 / 40999 =  0.00%
 --- rho+ -> pi+ pi0               :    14 / 40999 =  0.03%
 --- rho0 -> pi+ pi-               :   430 / 40999 =  1.05%
 -- bkg / total:   5304 / 40999 = (12.94 + 0.17 - 0.16)%
 -- sig / total:  35695 / 40999 = (87.06 + 0.16 - 0.17)%

 -- eta bin 1
 --- D0 -> K*- K+                  :     1 / 1638 =  0.06%
 --- D0 -> K*- pi+ pi0             :     2 / 1638 =  0.12%
 --- D0 -> K*- rho+                :     7 / 1638 =  0.43%
 --- D0 -> K+ K- pi+ pi-           :     3 / 1638 =  0.18%
 --- D0 -> K+ K_S0 pi-             :     5 / 1638 =  0.31%
 --- D0 -> K+ pi- K_L0             :     1 / 1638 =  0.06%
 --- D0 -> K- pi+                  :  1399 / 1638 = 85.41%
 --- D0 -> K- pi+ pi+ pi-          :     7 / 1638 =  0.43%
 --- D0 -> K- pi+ pi0              :     5 / 1638 =  0.31%
 --- D0 -> K- rho+ pi0             :     1 / 1638 =  0.06%
 --- D0 -> K_1- pi+                :     4 / 1638 =  0.24%
 --- D0 -> K_S0 omega              :     1 / 1638 =  0.06%
 --- D0 -> K_S0 pi+ pi+ pi- pi-    :     1 / 1638 =  0.06%
 --- D0 -> K_S0 pi+ pi-            :    53 / 1638 =  3.24%
 --- D0 -> K_S0 pi+ pi- pi0        :     8 / 1638 =  0.49%
 --- D0 -> anti-K*0 pi+ pi-        :     1 / 1638 =  0.06%
 --- D0 -> anti-K*0 pi+ pi- pi0    :     1 / 1638 =  0.06%
 --- D0 -> anti-K*0 rho0           :     1 / 1638 =  0.06%
 --- D0 -> eta pi+ pi-             :     3 / 1638 =  0.18%
 --- D0 -> pi+ pi+ pi+ pi- pi-     :     1 / 1638 =  0.06%
 --- D0 -> pi+ pi+ pi- pi-         :    11 / 1638 =  0.67%
 --- D0 -> pi+ pi- K_L0            :    25 / 1638 =  1.53%
 --- D0 -> pi+ pi- K_L0 pi0        :     2 / 1638 =  0.12%
 --- D0 -> pi+ pi- pi0             :     3 / 1638 =  0.18%
 --- D0 -> pi+ pi- pi0 pi0         :     6 / 1638 =  0.37%
 --- D0 -> pi+ pi- pi0 pi0 pi0     :     2 / 1638 =  0.12%
 --- D0 -> pi- nu_e e+             :     2 / 1638 =  0.12%
 --- D0 -> pi- nu_mu mu+           :     3 / 1638 =  0.18%
 --- D0 -> rho+ pi-                :    19 / 1638 =  1.16%
 --- D0 -> rho- pi+                :    19 / 1638 =  1.16%
 --- D0 -> rho0 pi0                :     2 / 1638 =  0.12%
 --- K*+ -> K+ pi0                 :     1 / 1638 =  0.06%
 --- a_1+ -> pi+ rho0              :     2 / 1638 =  0.12%
 --- a_1+ -> rho+ pi0              :     1 / 1638 =  0.06%
 --- rho+ -> pi+ pi0               :     1 / 1638 =  0.06%
 --- rho0 -> pi+ pi-               :    34 / 1638 =  2.08%
 -- bkg / total:    239 / 1638 = (14.59 + 0.89 - 0.85)%
 -- sig / total:   1399 / 1638 = (85.41 + 0.85 - 0.89)%

 - p bin 1
 -- eta bin 0
 --- D0 -> K*+ pi-                 :     7 / 94239 =  0.01%
 --- D0 -> K*- K+                  :     8 / 94239 =  0.01%
 --- D0 -> K*- nu_mu mu+           :     7 / 94239 =  0.01%
 --- D0 -> K*- pi+ pi0             :     4 / 94239 =  0.00%
 --- D0 -> K*- rho+                :    31 / 94239 =  0.03%
 --- D0 -> K+ K-                   :    29 / 94239 =  0.03%
 --- D0 -> K+ K- pi+ pi-           :     2 / 94239 =  0.00%
 --- D0 -> K+ K_S0 pi-             :    24 / 94239 =  0.03%
 --- D0 -> K+ pi+ pi- pi-          :     4 / 94239 =  0.00%
 --- D0 -> K+ pi- K_L0             :    31 / 94239 =  0.03%
 --- D0 -> K+ pi- pi0              :    25 / 94239 =  0.03%
 --- D0 -> K- nu_e e+              :     5 / 94239 =  0.01%
 --- D0 -> K- nu_mu mu+            :    45 / 94239 =  0.05%
 --- D0 -> K- pi+                  : 88202 / 94239 = 93.59%
 --- D0 -> K- pi+ pi+ pi-          :    13 / 94239 =  0.01%
 --- D0 -> K- pi+ pi0              :    21 / 94239 =  0.02%
 --- D0 -> K- pi+ rho0             :     1 / 94239 =  0.00%
 --- D0 -> K_1- pi+                :     7 / 94239 =  0.01%
 --- D0 -> K_S0 omega              :     1 / 94239 =  0.00%
 --- D0 -> K_S0 pi+ pi-            :   710 / 94239 =  0.75%
 --- D0 -> K_S0 pi+ pi- pi0        :    30 / 94239 =  0.03%
 --- D0 -> anti-K*0                :     1 / 94239 =  0.00%
 --- D0 -> anti-K*0 pi+ pi-        :     9 / 94239 =  0.01%
 --- D0 -> anti-K*0 pi0            :     1 / 94239 =  0.00%
 --- D0 -> anti-K*0 rho0           :     2 / 94239 =  0.00%
 --- D0 -> anti-K0 pi- nu_mu mu+   :     2 / 94239 =  0.00%
 --- D0 -> eta pi+ pi-             :     5 / 94239 =  0.01%
 --- D0 -> eta' pi+ pi-            :     1 / 94239 =  0.00%
 --- D0 -> eta' pi0                :     1 / 94239 =  0.00%
 --- D0 -> omega pi+ pi-           :     5 / 94239 =  0.01%
 --- D0 -> pi+ pi+ pi- pi-         :   116 / 94239 =  0.12%
 --- D0 -> pi+ pi-                 :    19 / 94239 =  0.02%
 --- D0 -> pi+ pi- K_L0            :   676 / 94239 =  0.72%
 --- D0 -> pi+ pi- K_L0 pi0        :     4 / 94239 =  0.00%
 --- D0 -> pi+ pi- pi0             :    91 / 94239 =  0.10%
 --- D0 -> pi+ pi- pi0 pi0         :    49 / 94239 =  0.05%
 --- D0 -> pi+ pi- pi0 pi0 pi0     :     3 / 94239 =  0.00%
 --- D0 -> pi- nu_e e+             :    86 / 94239 =  0.09%
 --- D0 -> pi- nu_mu mu+           :   196 / 94239 =  0.21%
 --- D0 -> rho+ pi-                :  1941 / 94239 =  2.06%
 --- D0 -> rho- nu_e e+            :     1 / 94239 =  0.00%
 --- D0 -> rho- nu_mu mu+          :     5 / 94239 =  0.01%
 --- D0 -> rho- pi+                :  1701 / 94239 =  1.80%
 --- D0 -> rho0 pi0                :     3 / 94239 =  0.00%
 --- D0 -> rho0 rho0               :    14 / 94239 =  0.01%
 --- K*0 -> K+ pi-                 :     2 / 94239 =  0.00%
 --- a_1+ -> rho+ pi0              :     2 / 94239 =  0.00%
 --- omega -> pi+ pi-              :     5 / 94239 =  0.01%
 --- rho+ -> pi+ pi0               :     3 / 94239 =  0.00%
 --- rho0 -> pi+ pi-               :    88 / 94239 =  0.09%
 -- bkg / total:   6037 / 94239 = ( 6.41 + 0.08 - 0.08)%
 -- sig / total:  88202 / 94239 = (93.59 + 0.08 - 0.08)%

 -- eta bin 1
 --- D0 -> K*+ pi-                 :     2 / 16777 =  0.01%
 --- D0 -> K*- K+                  :     3 / 16777 =  0.02%
 --- D0 -> K*- nu_e e+             :     1 / 16777 =  0.01%
 --- D0 -> K*- nu_mu mu+           :     9 / 16777 =  0.05%
 --- D0 -> K*- rho+                :    29 / 16777 =  0.17%
 --- D0 -> K+ K-                   :     5 / 16777 =  0.03%
 --- D0 -> K+ K- pi+ pi-           :     5 / 16777 =  0.03%
 --- D0 -> K+ K- pi0               :     1 / 16777 =  0.01%
 --- D0 -> K+ K_S0 pi-             :    15 / 16777 =  0.09%
 --- D0 -> K+ pi+ pi- pi-          :     1 / 16777 =  0.01%
 --- D0 -> K+ pi- K_L0             :    23 / 16777 =  0.14%
 --- D0 -> K+ pi- pi0              :    10 / 16777 =  0.06%
 --- D0 -> K- nu_e e+              :     1 / 16777 =  0.01%
 --- D0 -> K- nu_mu mu+            :    10 / 16777 =  0.06%
 --- D0 -> K- pi+                  : 15137 / 16777 = 90.22%
 --- D0 -> K- pi+ pi+ pi-          :    22 / 16777 =  0.13%
 --- D0 -> K- pi+ pi0              :    37 / 16777 =  0.22%
 --- D0 -> K_1- pi+                :    12 / 16777 =  0.07%
 --- D0 -> K_S0 omega              :     2 / 16777 =  0.01%
 --- D0 -> K_S0 pi+ pi+ pi- pi-    :     2 / 16777 =  0.01%
 --- D0 -> K_S0 pi+ pi-            :   296 / 16777 =  1.76%
 --- D0 -> K_S0 pi+ pi- pi0        :    44 / 16777 =  0.26%
 --- D0 -> anti-K*0                :     1 / 16777 =  0.01%
 --- D0 -> anti-K*0 omega          :     1 / 16777 =  0.01%
 --- D0 -> anti-K*0 pi+ pi-        :    16 / 16777 =  0.10%
 --- D0 -> anti-K*0 pi+ pi- pi0    :     2 / 16777 =  0.01%
 --- D0 -> eta pi+ pi-             :     6 / 16777 =  0.04%
 --- D0 -> eta' pi+ pi-            :     1 / 16777 =  0.01%
 --- D0 -> omega pi+ pi-           :     6 / 16777 =  0.04%
 --- D0 -> pi+ pi+ pi- pi-         :    54 / 16777 =  0.32%
 --- D0 -> pi+ pi+ pi- pi- K_L0    :     2 / 16777 =  0.01%
 --- D0 -> pi+ pi+ pi- pi- pi0     :     4 / 16777 =  0.02%
 --- D0 -> pi+ pi- K_L0            :   283 / 16777 =  1.69%
 --- D0 -> pi+ pi- K_L0 pi0        :     8 / 16777 =  0.05%
 --- D0 -> pi+ pi- pi0             :    19 / 16777 =  0.11%
 --- D0 -> pi+ pi- pi0 pi0         :    32 / 16777 =  0.19%
 --- D0 -> pi+ pi- pi0 pi0 pi0     :     5 / 16777 =  0.03%
 --- D0 -> pi- nu_e e+             :     9 / 16777 =  0.05%
 --- D0 -> pi- nu_mu mu+           :    31 / 16777 =  0.18%
 --- D0 -> rho+ pi-                :   253 / 16777 =  1.51%
 --- D0 -> rho- nu_mu mu+          :     1 / 16777 =  0.01%
 --- D0 -> rho- pi+                :   207 / 16777 =  1.23%
 --- D0 -> rho0 pi0                :     2 / 16777 =  0.01%
 --- D0 -> rho0 rho0               :     5 / 16777 =  0.03%
 --- K*+ -> K+ pi0                 :     1 / 16777 =  0.01%
 --- K*0 -> K+ pi-                 :     3 / 16777 =  0.02%
 --- K_1+ -> K+ pi+ pi-            :     1 / 16777 =  0.01%
 --- a_1+ -> pi+ rho0              :     3 / 16777 =  0.02%
 --- omega -> pi+ pi-              :     3 / 16777 =  0.02%
 --- omega -> pi+ pi- pi0          :     2 / 16777 =  0.01%
 --- phi -> rho+ pi-               :     1 / 16777 =  0.01%
 --- rho+ -> pi+ pi0               :     4 / 16777 =  0.02%
 --- rho0 -> pi+ pi-               :   144 / 16777 =  0.86%
 -- bkg / total:   1640 / 16777 = ( 9.78 + 0.23 - 0.23)%
 -- sig / total:  15137 / 16777 = (90.22 + 0.23 - 0.23)%

 - p bin 2
 -- eta bin 0
 --- D0 -> K*+ pi-                 :     9 / 128361 =  0.01%
 --- D0 -> K*- K+                  :     3 / 128361 =  0.00%
 --- D0 -> K*- nu_mu mu+           :     1 / 128361 =  0.00%
 --- D0 -> K*- rho+                :     4 / 128361 =  0.00%
 --- D0 -> K+ K-                   :    47 / 128361 =  0.04%
 --- D0 -> K+ K_S0 pi-             :     4 / 128361 =  0.00%
 --- D0 -> K+ pi+ pi- pi-          :     1 / 128361 =  0.00%
 --- D0 -> K+ pi-                  :     5 / 128361 =  0.00%
 --- D0 -> K+ pi- K_L0             :     5 / 128361 =  0.00%
 --- D0 -> K+ pi- pi0              :    11 / 128361 =  0.01%
 --- D0 -> K- nu_e e+              :    17 / 128361 =  0.01%
 --- D0 -> K- nu_mu mu+            :    61 / 128361 =  0.05%
 --- D0 -> K- pi+                  : 123468 / 128361 = 96.19%
 --- D0 -> K- pi+ pi+ pi-          :     4 / 128361 =  0.00%
 --- D0 -> K- pi+ pi0              :    11 / 128361 =  0.01%
 --- D0 -> K_1- pi+                :     1 / 128361 =  0.00%
 --- D0 -> K_S0 omega              :     1 / 128361 =  0.00%
 --- D0 -> K_S0 pi+ pi-            :   184 / 128361 =  0.14%
 --- D0 -> K_S0 pi+ pi- pi0        :     2 / 128361 =  0.00%
 --- D0 -> anti-K*0 rho0           :     1 / 128361 =  0.00%
 --- D0 -> eta pi+ pi-             :     3 / 128361 =  0.00%
 --- D0 -> pi+ pi+ pi- pi-         :    30 / 128361 =  0.02%
 --- D0 -> pi+ pi-                 :    48 / 128361 =  0.04%
 --- D0 -> pi+ pi- K_L0            :   164 / 128361 =  0.13%
 --- D0 -> pi+ pi- pi0             :   100 / 128361 =  0.08%
 --- D0 -> pi+ pi- pi0 pi0         :    16 / 128361 =  0.01%
 --- D0 -> pi+ pi- pi0 pi0 pi0     :     1 / 128361 =  0.00%
 --- D0 -> pi- nu_e e+             :    86 / 128361 =  0.07%
 --- D0 -> pi- nu_mu mu+           :   192 / 128361 =  0.15%
 --- D0 -> rho+ pi-                :  2077 / 128361 =  1.62%
 --- D0 -> rho- nu_mu mu+          :     1 / 128361 =  0.00%
 --- D0 -> rho- pi+                :  1778 / 128361 =  1.39%
 --- D0 -> rho0 pi0                :     2 / 128361 =  0.00%
 --- D0 -> rho0 rho0               :     3 / 128361 =  0.00%
 --- rho+ -> pi+ pi0               :     1 / 128361 =  0.00%
 --- rho0 -> pi+ pi-               :    19 / 128361 =  0.01%
 -- bkg / total:   4893 / 128361 = ( 3.81 + 0.05 - 0.05)%
 -- sig / total: 123468 / 128361 = (96.19 + 0.05 - 0.05)%

 -- eta bin 1
 --- D0 -> K*+ pi-                 :     1 / 33542 =  0.00%
 --- D0 -> K*- K+                  :     2 / 33542 =  0.01%
 --- D0 -> K*- nu_mu mu+           :     3 / 33542 =  0.01%
 --- D0 -> K*- pi+ pi0             :     4 / 33542 =  0.01%
 --- D0 -> K*- rho+                :    31 / 33542 =  0.09%
 --- D0 -> K+ K-                   :    17 / 33542 =  0.05%
 --- D0 -> K+ K- K_S0              :     1 / 33542 =  0.00%
 --- D0 -> K+ K_S0 pi-             :    17 / 33542 =  0.05%
 --- D0 -> K+ pi+ pi- pi-          :     1 / 33542 =  0.00%
 --- D0 -> K+ pi-                  :     1 / 33542 =  0.00%
 --- D0 -> K+ pi- K_L0             :    11 / 33542 =  0.03%
 --- D0 -> K+ pi- pi0              :     7 / 33542 =  0.02%
 --- D0 -> K- nu_e e+              :     3 / 33542 =  0.01%
 --- D0 -> K- nu_mu mu+            :    22 / 33542 =  0.07%
 --- D0 -> K- pi+                  : 31527 / 33542 = 93.99%
 --- D0 -> K- pi+ pi+ pi-          :    12 / 33542 =  0.04%
 --- D0 -> K- pi+ pi0              :    16 / 33542 =  0.05%
 --- D0 -> K- pi+ rho0             :     1 / 33542 =  0.00%
 --- D0 -> K_1- pi+                :    12 / 33542 =  0.04%
 --- D0 -> K_S0 pi+ pi-            :   304 / 33542 =  0.91%
 --- D0 -> K_S0 pi+ pi- pi0        :    17 / 33542 =  0.05%
 --- D0 -> anti-K*0 pi+ pi-        :    10 / 33542 =  0.03%
 --- D0 -> anti-K*0 pi+ pi- pi0    :     1 / 33542 =  0.00%
 --- D0 -> anti-K*0 rho0           :     3 / 33542 =  0.01%
 --- D0 -> anti-K0 pi- nu_mu mu+   :     1 / 33542 =  0.00%
 --- D0 -> eta pi+ pi-             :     3 / 33542 =  0.01%
 --- D0 -> eta' K_S0               :     1 / 33542 =  0.00%
 --- D0 -> eta' pi+ pi-            :     1 / 33542 =  0.00%
 --- D0 -> omega pi+ pi-           :     3 / 33542 =  0.01%
 --- D0 -> phi pi+ pi-             :     1 / 33542 =  0.00%
 --- D0 -> pi+ pi+ pi- pi-         :    52 / 33542 =  0.16%
 --- D0 -> pi+ pi+ pi- pi- K_L0    :     2 / 33542 =  0.01%
 --- D0 -> pi+ pi+ pi- pi- pi0     :     1 / 33542 =  0.00%
 --- D0 -> pi+ pi-                 :     7 / 33542 =  0.02%
 --- D0 -> pi+ pi- K_L0            :   273 / 33542 =  0.81%
 --- D0 -> pi+ pi- K_L0 pi0        :     5 / 33542 =  0.01%
 --- D0 -> pi+ pi- pi0             :    24 / 33542 =  0.07%
 --- D0 -> pi+ pi- pi0 pi0         :    26 / 33542 =  0.08%
 --- D0 -> pi+ pi- pi0 pi0 pi0     :     2 / 33542 =  0.01%
 --- D0 -> pi- nu_e e+             :    21 / 33542 =  0.06%
 --- D0 -> pi- nu_mu mu+           :    55 / 33542 =  0.16%
 --- D0 -> rho+ pi-                :   508 / 33542 =  1.51%
 --- D0 -> rho- nu_mu mu+          :     2 / 33542 =  0.01%
 --- D0 -> rho- pi+                :   422 / 33542 =  1.26%
 --- D0 -> rho0 pi0                :     3 / 33542 =  0.01%
 --- D0 -> rho0 rho0               :     3 / 33542 =  0.01%
 --- K*0 -> K+ pi-                 :     1 / 33542 =  0.00%
 --- K_10 -> K0 pi+ pi-            :     1 / 33542 =  0.00%
 --- K_L0 -> 1000110220            :     1 / 33542 =  0.00%
 --- a_1+ -> pi+ rho0              :     1 / 33542 =  0.00%
 --- omega -> pi+ pi-              :     2 / 33542 =  0.01%
 --- omega -> pi+ pi- pi0          :     1 / 33542 =  0.00%
 --- rho+ -> pi+ pi0               :     4 / 33542 =  0.01%
 --- rho0 -> pi+ pi-               :    91 / 33542 =  0.27%
 -- bkg / total:   2015 / 33542 = ( 6.01 + 0.13 - 0.13)%
 -- sig / total:  31527 / 33542 = (93.99 + 0.13 - 0.13)%

 - p bin 3
 -- eta bin 0
 --- D0 -> K*+ pi-                 :     2 / 210440 =  0.00%
 --- D0 -> K*- nu_mu mu+           :     1 / 210440 =  0.00%
 --- D0 -> K+ K-                   :    33 / 210440 =  0.02%
 --- D0 -> K+ pi-                  :    10 / 210440 =  0.00%
 --- D0 -> K+ pi- pi0              :     6 / 210440 =  0.00%
 --- D0 -> K- nu_e e+              :    42 / 210440 =  0.02%
 --- D0 -> K- nu_mu mu+            :   147 / 210440 =  0.07%
 --- D0 -> K- pi+                  : 206941 / 210440 = 98.34%
 --- D0 -> K- pi+ pi0              :    10 / 210440 =  0.00%
 --- D0 -> K_S0 pi+ pi-            :    30 / 210440 =  0.01%
 --- D0 -> pi+ pi+ pi- pi-         :     7 / 210440 =  0.00%
 --- D0 -> pi+ pi-                 :   114 / 210440 =  0.05%
 --- D0 -> pi+ pi- K_L0            :    36 / 210440 =  0.02%
 --- D0 -> pi+ pi- pi0             :    60 / 210440 =  0.03%
 --- D0 -> pi+ pi- pi0 pi0         :     2 / 210440 =  0.00%
 --- D0 -> pi- nu_e e+             :    65 / 210440 =  0.03%
 --- D0 -> pi- nu_mu mu+           :   173 / 210440 =  0.08%
 --- D0 -> rho+ pi-                :  1479 / 210440 =  0.70%
 --- D0 -> rho- pi+                :  1279 / 210440 =  0.61%
 --- D0 -> rho0 rho0               :     1 / 210440 =  0.00%
 --- rho0 -> pi+ pi-               :     2 / 210440 =  0.00%
 -- bkg / total:   3499 / 210440 = ( 1.66 + 0.03 - 0.03)%
 -- sig / total: 206941 / 210440 = (98.34 + 0.03 - 0.03)%

 -- eta bin 1
 --- D0 -> K*+ pi-                 :     4 / 69105 =  0.01%
 --- D0 -> K*- K+                  :     1 / 69105 =  0.00%
 --- D0 -> K*- nu_mu mu+           :     1 / 69105 =  0.00%
 --- D0 -> K*- rho+                :     4 / 69105 =  0.01%
 --- D0 -> K+ K-                   :    46 / 69105 =  0.07%
 --- D0 -> K+ K- pi+ pi-           :     3 / 69105 =  0.00%
 --- D0 -> K+ K_S0 pi-             :     5 / 69105 =  0.01%
 --- D0 -> K+ pi+ pi- pi-          :     1 / 69105 =  0.00%
 --- D0 -> K+ pi-                  :     2 / 69105 =  0.00%
 --- D0 -> K+ pi- K_L0             :     4 / 69105 =  0.01%
 --- D0 -> K+ pi- pi0              :     7 / 69105 =  0.01%
 --- D0 -> K- nu_e e+              :     9 / 69105 =  0.01%
 --- D0 -> K- nu_mu mu+            :    42 / 69105 =  0.06%
 --- D0 -> K- pi+                  : 66673 / 69105 = 96.48%
 --- D0 -> K- pi+ pi+ pi-          :     2 / 69105 =  0.00%
 --- D0 -> K- pi+ pi0              :    17 / 69105 =  0.02%
 --- D0 -> K_1- pi+                :     1 / 69105 =  0.00%
 --- D0 -> K_S0 omega              :     1 / 69105 =  0.00%
 --- D0 -> K_S0 pi+ pi-            :   145 / 69105 =  0.21%
 --- D0 -> K_S0 pi+ pi- pi0        :     4 / 69105 =  0.01%
 --- D0 -> K_S0 pi0                :     1 / 69105 =  0.00%
 --- D0 -> anti-K*0 pi+ pi-        :     2 / 69105 =  0.00%
 --- D0 -> eta pi+ pi-             :     3 / 69105 =  0.00%
 --- D0 -> pi+ pi+ pi- pi-         :    28 / 69105 =  0.04%
 --- D0 -> pi+ pi+ pi- pi- pi0     :     2 / 69105 =  0.00%
 --- D0 -> pi+ pi-                 :    20 / 69105 =  0.03%
 --- D0 -> pi+ pi- K_L0            :   148 / 69105 =  0.21%
 --- D0 -> pi+ pi- K_L0 pi0        :     1 / 69105 =  0.00%
 --- D0 -> pi+ pi- pi0             :    40 / 69105 =  0.06%
 --- D0 -> pi+ pi- pi0 pi0         :    11 / 69105 =  0.02%
 --- D0 -> pi+ pi- pi0 pi0 pi0     :     2 / 69105 =  0.00%
 --- D0 -> pi- nu_e e+             :    22 / 69105 =  0.03%
 --- D0 -> pi- nu_mu mu+           :    96 / 69105 =  0.14%
 --- D0 -> rho+ pi-                :   976 / 69105 =  1.41%
 --- D0 -> rho- nu_e e+            :     1 / 69105 =  0.00%
 --- D0 -> rho- nu_mu mu+          :     2 / 69105 =  0.00%
 --- D0 -> rho- pi+                :   755 / 69105 =  1.09%
 --- D0 -> rho0 pi0                :     2 / 69105 =  0.00%
 --- D0 -> rho0 rho0               :     2 / 69105 =  0.00%
 --- a_1+ -> pi+ rho0              :     1 / 69105 =  0.00%
 --- eta' -> rho0                  :     1 / 69105 =  0.00%
 --- rho0 -> pi+ pi-               :    17 / 69105 =  0.02%
 -- bkg / total:   2432 / 69105 = ( 3.52 + 0.07 - 0.07)%
 -- sig / total:  66673 / 69105 = (96.48 + 0.07 - 0.07)%

 - p bin 4
 -- eta bin 0
 --- D0 -> K+ K-                   :    22 / 217473 =  0.01%
 --- D0 -> K+ pi-                  :     4 / 217473 =  0.00%
 --- D0 -> K+ pi- pi0              :     1 / 217473 =  0.00%
 --- D0 -> K- nu_e e+              :    78 / 217473 =  0.04%
 --- D0 -> K- nu_mu mu+            :   191 / 217473 =  0.09%
 --- D0 -> K- pi+                  : 216021 / 217473 = 99.33%
 --- D0 -> K- pi+ pi0              :    14 / 217473 =  0.01%
 --- D0 -> K_S0 pi+ pi-            :     2 / 217473 =  0.00%
 --- D0 -> pi+ pi+ pi- pi-         :     1 / 217473 =  0.00%
 --- D0 -> pi+ pi-                 :   146 / 217473 =  0.07%
 --- D0 -> pi+ pi- K_L0            :     3 / 217473 =  0.00%
 --- D0 -> pi+ pi- pi0             :     8 / 217473 =  0.00%
 --- D0 -> pi- nu_e e+             :    57 / 217473 =  0.03%
 --- D0 -> pi- nu_mu mu+           :   143 / 217473 =  0.07%
 --- D0 -> rho+ pi-                :   397 / 217473 =  0.18%
 --- D0 -> rho- pi+                :   385 / 217473 =  0.18%
 -- bkg / total:   1452 / 217473 = ( 0.67 + 0.02 - 0.02)%
 -- sig / total: 216021 / 217473 = (99.33 + 0.02 - 0.02)%

 -- eta bin 1
 --- D0 -> K*- nu_mu mu+           :     1 / 163581 =  0.00%
 --- D0 -> K+ K-                   :    51 / 163581 =  0.03%
 --- D0 -> K+ pi+ pi- pi-          :     1 / 163581 =  0.00%
 --- D0 -> K+ pi-                  :     5 / 163581 =  0.00%
 --- D0 -> K+ pi- pi0              :     2 / 163581 =  0.00%
 --- D0 -> K- nu_e e+              :    54 / 163581 =  0.03%
 --- D0 -> K- nu_mu mu+            :   131 / 163581 =  0.08%
 --- D0 -> K- pi+                  : 161460 / 163581 = 98.70%
 --- D0 -> K- pi+ pi+ pi-          :     1 / 163581 =  0.00%
 --- D0 -> K- pi+ pi0              :    24 / 163581 =  0.01%
 --- D0 -> K_S0 pi+ pi-            :    24 / 163581 =  0.01%
 --- D0 -> eta pi+ pi-             :     1 / 163581 =  0.00%
 --- D0 -> pi+ pi+ pi- pi-         :     6 / 163581 =  0.00%
 --- D0 -> pi+ pi-                 :   123 / 163581 =  0.08%
 --- D0 -> pi+ pi- K_L0            :    31 / 163581 =  0.02%
 --- D0 -> pi+ pi- K_L0 pi0        :     1 / 163581 =  0.00%
 --- D0 -> pi+ pi- pi0             :    36 / 163581 =  0.02%
 --- D0 -> pi+ pi- pi0 pi0         :     3 / 163581 =  0.00%
 --- D0 -> pi- nu_e e+             :    43 / 163581 =  0.03%
 --- D0 -> pi- nu_mu mu+           :   121 / 163581 =  0.07%
 --- D0 -> rho+ pi-                :   780 / 163581 =  0.48%
 --- D0 -> rho- nu_mu mu+          :     1 / 163581 =  0.00%
 --- D0 -> rho- pi+                :   678 / 163581 =  0.41%
 --- D0 -> rho0 pi0                :     1 / 163581 =  0.00%
 --- rho0 -> pi+ pi-               :     2 / 163581 =  0.00%
 -- bkg / total:   2121 / 163581 = ( 1.30 + 0.03 - 0.03)%
 -- sig / total: 161460 / 163581 = (98.70 + 0.03 - 0.03)%

 - p bin 5
 -- eta bin 0
 --- D0 -> K+ K-                   :     1 / 33452 =  0.00%
 --- D0 -> K+ pi-                  :     1 / 33452 =  0.00%
 --- D0 -> K- nu_e e+              :    22 / 33452 =  0.07%
 --- D0 -> K- nu_mu mu+            :    43 / 33452 =  0.13%
 --- D0 -> K- pi+                  : 33289 / 33452 = 99.51%
 --- D0 -> K- pi+ pi0              :     8 / 33452 =  0.02%
 --- D0 -> pi+ pi-                 :    33 / 33452 =  0.10%
 --- D0 -> pi+ pi- pi0             :     1 / 33452 =  0.00%
 --- D0 -> pi- nu_e e+             :    10 / 33452 =  0.03%
 --- D0 -> pi- nu_mu mu+           :    13 / 33452 =  0.04%
 --- D0 -> rho+ pi-                :    15 / 33452 =  0.04%
 --- D0 -> rho- pi+                :    16 / 33452 =  0.05%
 -- bkg / total:    163 / 33452 = ( 0.49 + 0.04 - 0.04)%
 -- sig / total:  33289 / 33452 = (99.51 + 0.04 - 0.04)%

 -- eta bin 1
 --- D0 -> K*+ pi-                 :     1 / 87387 =  0.00%
 --- D0 -> K+ K-                   :     9 / 87387 =  0.01%
 --- D0 -> K+ pi-                  :     4 / 87387 =  0.00%
 --- D0 -> K- nu_e e+              :    66 / 87387 =  0.08%
 --- D0 -> K- nu_mu mu+            :   109 / 87387 =  0.12%
 --- D0 -> K- pi+                  : 86775 / 87387 = 99.30%
 --- D0 -> K- pi+ pi0              :    22 / 87387 =  0.03%
 --- D0 -> pi+ pi-                 :    93 / 87387 =  0.11%
 --- D0 -> pi+ pi- K_L0            :     1 / 87387 =  0.00%
 --- D0 -> pi+ pi- pi0             :     2 / 87387 =  0.00%
 --- D0 -> pi- nu_e e+             :    24 / 87387 =  0.03%
 --- D0 -> pi- nu_mu mu+           :    50 / 87387 =  0.06%
 --- D0 -> rho+ pi-                :   134 / 87387 =  0.15%
 --- D0 -> rho- pi+                :    96 / 87387 =  0.11%
 --- rho0 -> pi+ pi-               :     1 / 87387 =  0.00%
 -- bkg / total:    612 / 87387 = ( 0.70 + 0.03 - 0.03)%
 -- sig / total:  86775 / 87387 = (99.30 + 0.03 - 0.03)%


INFO Printing passed counts for pi
 - p bin 0
 -- eta bin 0
 --- D0 -> K- nu_e e+              :     4 / 6906 =  0.06%
 --- D0 -> K- nu_mu mu+            :   147 / 6906 =  2.13%
 --- D0 -> K- pi+                  :  6687 / 6906 = 96.83%
 --- D0 -> K- pi+ pi0              :     1 / 6906 =  0.01%
 --- D0 -> pi+ pi-                 :    22 / 6906 =  0.32%
 --- D0 -> pi- nu_mu mu+           :    45 / 6906 =  0.65%
 -- bkg / total:    219 / 6906 = ( 3.17 + 0.22 - 0.20)%
 -- sig / total:   6687 / 6906 = (96.83 + 0.20 - 0.22)%

 -- eta bin 1
 --- D0 -> K- nu_mu mu+            :     3 / 161 =  1.86%
 --- D0 -> K- pi+                  :   157 / 161 = 97.52%
 --- D0 -> pi+ pi-                 :     1 / 161 =  0.62%
 -- bkg / total:      4 / 161 = ( 2.48 + 1.55 - 0.96)%
 -- sig / total:    157 / 161 = (97.52 + 0.96 - 1.55)%

 - p bin 1
 -- eta bin 0
 --- D0 -> K- nu_e e+              :     3 / 5675 =  0.05%
 --- D0 -> K- nu_mu mu+            :   102 / 5675 =  1.80%
 --- D0 -> K- pi+                  :  5480 / 5675 = 96.56%
 --- D0 -> pi+ pi-                 :    14 / 5675 =  0.25%
 --- D0 -> pi- nu_e e+             :     2 / 5675 =  0.04%
 --- D0 -> pi- nu_mu mu+           :    73 / 5675 =  1.29%
 --- D0 -> rho- pi+                :     1 / 5675 =  0.02%
 -- bkg / total:    195 / 5675 = ( 3.44 + 0.25 - 0.23)%
 -- sig / total:   5480 / 5675 = (96.56 + 0.23 - 0.25)%

 -- eta bin 1
 --- D0 -> K- nu_mu mu+            :    32 / 914 =  3.50%
 --- D0 -> K- pi+                  :   873 / 914 = 95.51%
 --- D0 -> pi+ pi-                 :     2 / 914 =  0.22%
 --- D0 -> pi- nu_mu mu+           :     7 / 914 =  0.77%
 -- bkg / total:     41 / 914 = ( 4.49 + 0.74 - 0.64)%
 -- sig / total:    873 / 914 = (95.51 + 0.64 - 0.74)%

 - p bin 2
 -- eta bin 0
 --- D0 -> K+ pi-                  :     2 / 2496 =  0.08%
 --- D0 -> K- nu_mu mu+            :    98 / 2496 =  3.93%
 --- D0 -> K- pi+                  :  2282 / 2496 = 91.43%
 --- D0 -> pi+ pi-                 :    10 / 2496 =  0.40%
 --- D0 -> pi- nu_mu mu+           :    95 / 2496 =  3.81%
 --- D0 -> rho+ pi-                :     3 / 2496 =  0.12%
 --- D0 -> rho- pi+                :     6 / 2496 =  0.24%
 -- bkg / total:    214 / 2496 = ( 8.57 + 0.58 - 0.54)%
 -- sig / total:   2282 / 2496 = (91.43 + 0.54 - 0.58)%

 -- eta bin 1
 --- D0 -> K- nu_mu mu+            :    33 / 748 =  4.41%
 --- D0 -> K- pi+                  :   689 / 748 = 92.11%
 --- D0 -> pi+ pi-                 :     2 / 748 =  0.27%
 --- D0 -> pi- nu_mu mu+           :    24 / 748 =  3.21%
 -- bkg / total:     59 / 748 = ( 7.89 + 1.04 - 0.93)%
 -- sig / total:    689 / 748 = (92.11 + 0.93 - 1.04)%

 - p bin 3
 -- eta bin 0
 --- D0 -> K*- nu_mu mu+           :    10 / 2218 =  0.45%
 --- D0 -> K+ K-                   :    16 / 2218 =  0.72%
 --- D0 -> K- nu_mu mu+            :   127 / 2218 =  5.73%
 --- D0 -> K- pi+                  :  1724 / 2218 = 77.73%
 --- D0 -> K_S0 pi+ pi-            :     2 / 2218 =  0.09%
 --- D0 -> pi+ pi-                 :     5 / 2218 =  0.23%
 --- D0 -> pi+ pi- K_L0            :     2 / 2218 =  0.09%
 --- D0 -> pi+ pi- pi0             :     1 / 2218 =  0.05%
 --- D0 -> pi- nu_mu mu+           :   295 / 2218 = 13.30%
 --- D0 -> rho+ pi-                :    17 / 2218 =  0.77%
 --- D0 -> rho- nu_mu mu+          :     5 / 2218 =  0.23%
 --- D0 -> rho- pi+                :    14 / 2218 =  0.63%
 -- bkg / total:    494 / 2218 = (22.27 + 0.90 - 0.87)%
 -- sig / total:   1724 / 2218 = (77.73 + 0.87 - 0.90)%

 -- eta bin 1
 --- D0 -> K+ K-                   :     1 / 886 =  0.11%
 --- D0 -> K- nu_mu mu+            :    62 / 886 =  7.00%
 --- D0 -> K- pi+                  :   744 / 886 = 83.97%
 --- D0 -> K_S0 pi+ pi-            :     1 / 886 =  0.11%
 --- D0 -> pi+ pi-                 :     6 / 886 =  0.68%
 --- D0 -> pi- nu_mu mu+           :    64 / 886 =  7.22%
 --- D0 -> rho+ pi-                :     3 / 886 =  0.34%
 --- D0 -> rho- nu_mu mu+          :     1 / 886 =  0.11%
 --- D0 -> rho- pi+                :     4 / 886 =  0.45%
 -- bkg / total:    142 / 886 = (16.03 + 1.27 - 1.19)%
 -- sig / total:    744 / 886 = (83.97 + 1.19 - 1.27)%

 - p bin 4
 -- eta bin 0
 --- D0 -> K*- K+                  :     1 / 1422 =  0.07%
 --- D0 -> K*- nu_mu mu+           :    21 / 1422 =  1.48%
 --- D0 -> K+ K-                   :    20 / 1422 =  1.41%
 --- D0 -> K+ K_S0 pi-             :     2 / 1422 =  0.14%
 --- D0 -> K+ pi- K_L0             :     1 / 1422 =  0.07%
 --- D0 -> K- nu_mu mu+            :    97 / 1422 =  6.82%
 --- D0 -> K- pi+                  :   947 / 1422 = 66.60%
 --- D0 -> K- pi+ pi+ pi-          :     1 / 1422 =  0.07%
 --- D0 -> K_S0 pi+ pi-            :     8 / 1422 =  0.56%
 --- D0 -> anti-K0 pi- nu_mu mu+   :     1 / 1422 =  0.07%
 --- D0 -> pi+ pi-                 :     1 / 1422 =  0.07%
 --- D0 -> pi+ pi- K_L0            :     8 / 1422 =  0.56%
 --- D0 -> pi- nu_mu mu+           :   270 / 1422 = 18.99%
 --- D0 -> rho+ pi-                :    23 / 1422 =  1.62%
 --- D0 -> rho- nu_mu mu+          :     6 / 1422 =  0.42%
 --- D0 -> rho- pi+                :    11 / 1422 =  0.77%
 --- rho0 -> pi+ pi-               :     4 / 1422 =  0.28%
 -- bkg / total:    475 / 1422 = (33.40 + 1.26 - 1.24)%
 -- sig / total:    947 / 1422 = (66.60 + 1.24 - 1.26)%

 -- eta bin 1
 --- D0 -> K*- nu_mu mu+           :    19 / 1159 =  1.64%
 --- D0 -> K+ K-                   :     8 / 1159 =  0.69%
 --- D0 -> K+ pi- K_L0             :     1 / 1159 =  0.09%
 --- D0 -> K- nu_mu mu+            :    95 / 1159 =  8.20%
 --- D0 -> K- pi+                  :   785 / 1159 = 67.73%
 --- D0 -> K_S0 pi+ pi-            :     5 / 1159 =  0.43%
 --- D0 -> anti-K0 pi- nu_mu mu+   :     2 / 1159 =  0.17%
 --- D0 -> pi+ pi-                 :     3 / 1159 =  0.26%
 --- D0 -> pi+ pi- K_L0            :     6 / 1159 =  0.52%
 --- D0 -> pi+ pi- pi0 pi0         :     1 / 1159 =  0.09%
 --- D0 -> pi- nu_mu mu+           :   205 / 1159 = 17.69%
 --- D0 -> rho+ pi-                :    15 / 1159 =  1.29%
 --- D0 -> rho- nu_mu mu+          :     8 / 1159 =  0.69%
 --- D0 -> rho- pi+                :     5 / 1159 =  0.43%
 --- rho0 -> pi+ pi-               :     1 / 1159 =  0.09%
 -- bkg / total:    374 / 1159 = (32.27 + 1.39 - 1.36)%
 -- sig / total:    785 / 1159 = (67.73 + 1.36 - 1.39)%

 - p bin 5
 -- eta bin 0
 --- D0 -> K*- nu_mu mu+           :     2 / 138 =  1.45%
 --- D0 -> K+ K-                   :     2 / 138 =  1.45%
 --- D0 -> K- nu_mu mu+            :    12 / 138 =  8.70%
 --- D0 -> K- pi+                  :    77 / 138 = 55.80%
 --- D0 -> K_S0 pi+ pi-            :     2 / 138 =  1.45%
 --- D0 -> anti-K0 pi- nu_mu mu+   :     3 / 138 =  2.17%
 --- D0 -> pi+ pi- K_L0            :     3 / 138 =  2.17%
 --- D0 -> pi- nu_mu mu+           :    34 / 138 = 24.64%
 --- D0 -> rho+ pi-                :     1 / 138 =  0.72%
 --- D0 -> rho- nu_mu mu+          :     1 / 138 =  0.72%
 --- D0 -> rho- pi+                :     1 / 138 =  0.72%
 -- bkg / total:     61 / 138 = (44.20 + 4.25 - 4.17)%
 -- sig / total:     77 / 138 = (55.80 + 4.17 - 4.25)%

 -- eta bin 1
 --- D0 -> K*- nu_mu mu+           :    13 / 444 =  2.93%
 --- D0 -> K+ K-                   :     4 / 444 =  0.90%
 --- D0 -> K- nu_mu mu+            :    34 / 444 =  7.66%
 --- D0 -> K- pi+                  :   274 / 444 = 61.71%
 --- D0 -> K- pi+ rho0             :     1 / 444 =  0.23%
 --- D0 -> K_S0 pi+ pi-            :     4 / 444 =  0.90%
 --- D0 -> anti-K0 pi- nu_mu mu+   :     1 / 444 =  0.23%
 --- D0 -> pi+ pi- K_L0            :     2 / 444 =  0.45%
 --- D0 -> pi- nu_mu mu+           :   107 / 444 = 24.10%
 --- D0 -> rho+ pi-                :     1 / 444 =  0.23%
 --- D0 -> rho- nu_mu mu+          :     1 / 444 =  0.23%
 --- D0 -> rho- pi+                :     1 / 444 =  0.23%
 --- rho0 -> pi+ pi-               :     1 / 444 =  0.23%
 -- bkg / total:    170 / 444 = (38.29 + 2.33 - 2.28)%
 -- sig / total:    274 / 444 = (61.71 + 2.28 - 2.33)%


INFO Printing passed counts for k
 - p bin 0
 -- eta bin 0
 --- D0 -> K*- K+                  :     2 / 3315 =  0.06%
 --- D0 -> K*- nu_mu mu+           :     1 / 3315 =  0.03%
 --- D0 -> K*- rho+                :     4 / 3315 =  0.12%
 --- D0 -> K+ K-                   :     3 / 3315 =  0.09%
 --- D0 -> K+ K_S0 pi-             :    10 / 3315 =  0.30%
 --- D0 -> K+ pi-                  :     1 / 3315 =  0.03%
 --- D0 -> K+ pi- K_L0             :     6 / 3315 =  0.18%
 --- D0 -> K+ pi- pi0              :     2 / 3315 =  0.06%
 --- D0 -> K- pi+                  :  2843 / 3315 = 85.76%
 --- D0 -> K- pi+ pi+ pi-          :     4 / 3315 =  0.12%
 --- D0 -> K- pi+ pi0              :     7 / 3315 =  0.21%
 --- D0 -> K- pi+ rho0             :     2 / 3315 =  0.06%
 --- D0 -> K_1- pi+                :     1 / 3315 =  0.03%
 --- D0 -> K_S0 pi+ pi-            :   124 / 3315 =  3.74%
 --- D0 -> K_S0 pi+ pi- pi0        :    16 / 3315 =  0.48%
 --- D0 -> anti-K*0 pi+ pi-        :     7 / 3315 =  0.21%
 --- D0 -> anti-K0 pi- nu_mu mu+   :     1 / 3315 =  0.03%
 --- D0 -> eta pi+ pi-             :     1 / 3315 =  0.03%
 --- D0 -> pi+ pi+ pi- pi-         :    24 / 3315 =  0.72%
 --- D0 -> pi+ pi+ pi- pi- K_L0    :     1 / 3315 =  0.03%
 --- D0 -> pi+ pi+ pi- pi- pi0     :     4 / 3315 =  0.12%
 --- D0 -> pi+ pi-                 :     5 / 3315 =  0.15%
 --- D0 -> pi+ pi- K_L0            :   103 / 3315 =  3.11%
 --- D0 -> pi+ pi- K_L0 pi0        :     3 / 3315 =  0.09%
 --- D0 -> pi+ pi- pi0             :     5 / 3315 =  0.15%
 --- D0 -> pi+ pi- pi0 pi0         :    15 / 3315 =  0.45%
 --- D0 -> pi+ pi- pi0 pi0 pi0     :     2 / 3315 =  0.06%
 --- D0 -> pi- nu_e e+             :     6 / 3315 =  0.18%
 --- D0 -> pi- nu_mu mu+           :    10 / 3315 =  0.30%
 --- D0 -> rho+ pi-                :    35 / 3315 =  1.06%
 --- D0 -> rho- pi+                :    30 / 3315 =  0.90%
 --- D0 -> rho0 rho0               :     1 / 3315 =  0.03%
 --- K*0 -> K+ pi-                 :     1 / 3315 =  0.03%
 --- a_1+ -> rho+ pi0              :     2 / 3315 =  0.06%
 --- omega -> pi+ pi-              :     1 / 3315 =  0.03%
 --- omega -> pi+ pi- pi0          :     1 / 3315 =  0.03%
 --- rho0 -> pi+ pi-               :    31 / 3315 =  0.94%
 -- bkg / total:    472 / 3315 = (14.24 + 0.62 - 0.60)%
 -- sig / total:   2843 / 3315 = (85.76 + 0.60 - 0.62)%

 -- eta bin 1
 --- D0 -> K*- pi+ pi0             :     1 / 154 =  0.65%
 --- D0 -> K*- rho+                :     1 / 154 =  0.65%
 --- D0 -> K- pi+                  :   134 / 154 = 87.01%
 --- D0 -> K- pi+ pi0              :     1 / 154 =  0.65%
 --- D0 -> K_S0 pi+ pi-            :     4 / 154 =  2.60%
 --- D0 -> K_S0 pi+ pi- pi0        :     1 / 154 =  0.65%
 --- D0 -> anti-K*0 pi+ pi-        :     1 / 154 =  0.65%
 --- D0 -> pi+ pi+ pi- pi-         :     1 / 154 =  0.65%
 --- D0 -> pi+ pi-                 :     1 / 154 =  0.65%
 --- D0 -> pi+ pi- K_L0            :     4 / 154 =  2.60%
 --- D0 -> rho+ pi-                :     3 / 154 =  1.95%
 --- a_1+ -> rho+ pi0              :     1 / 154 =  0.65%
 --- rho0 -> pi+ pi-               :     1 / 154 =  0.65%
 -- bkg / total:     20 / 154 = (12.99 + 2.95 - 2.47)%
 -- sig / total:    134 / 154 = (87.01 + 2.47 - 2.95)%

 - p bin 1
 -- eta bin 0
 --- D0 -> K*+ pi-                 :     1 / 4704 =  0.02%
 --- D0 -> K*- K+                  :     1 / 4704 =  0.02%
 --- D0 -> K*- nu_e e+             :     1 / 4704 =  0.02%
 --- D0 -> K*- rho+                :     3 / 4704 =  0.06%
 --- D0 -> K+ K-                   :     6 / 4704 =  0.13%
 --- D0 -> K+ K_S0 pi-             :     1 / 4704 =  0.02%
 --- D0 -> K+ pi-                  :     1 / 4704 =  0.02%
 --- D0 -> K+ pi- K_L0             :     1 / 4704 =  0.02%
 --- D0 -> K+ pi- pi0              :     2 / 4704 =  0.04%
 --- D0 -> K- nu_mu mu+            :     1 / 4704 =  0.02%
 --- D0 -> K- pi+                  :  4386 / 4704 = 93.24%
 --- D0 -> K- pi+ pi+ pi-          :     1 / 4704 =  0.02%
 --- D0 -> K- pi+ pi0              :     4 / 4704 =  0.09%
 --- D0 -> K_S0 pi+ pi-            :    45 / 4704 =  0.96%
 --- D0 -> K_S0 pi+ pi- pi0        :     2 / 4704 =  0.04%
 --- D0 -> a_1+ K-                 :     1 / 4704 =  0.02%
 --- D0 -> anti-K*0 pi+ pi-        :     1 / 4704 =  0.02%
 --- D0 -> anti-K*0 rho0           :     1 / 4704 =  0.02%
 --- D0 -> pi+ pi+ pi- pi-         :     3 / 4704 =  0.06%
 --- D0 -> pi+ pi+ pi- pi- pi0     :     2 / 4704 =  0.04%
 --- D0 -> pi+ pi-                 :     8 / 4704 =  0.17%
 --- D0 -> pi+ pi- K_L0            :    46 / 4704 =  0.98%
 --- D0 -> pi+ pi- K_L0 pi0        :     1 / 4704 =  0.02%
 --- D0 -> pi+ pi- pi0             :     4 / 4704 =  0.09%
 --- D0 -> pi+ pi- pi0 pi0         :     6 / 4704 =  0.13%
 --- D0 -> pi- nu_e e+             :     7 / 4704 =  0.15%
 --- D0 -> pi- nu_mu mu+           :     5 / 4704 =  0.11%
 --- D0 -> rho+ pi-                :    84 / 4704 =  1.79%
 --- D0 -> rho- pi+                :    68 / 4704 =  1.45%
 --- D0 -> rho0 rho0               :     1 / 4704 =  0.02%
 --- K*+ -> K0 pi+                 :     1 / 4704 =  0.02%
 --- a_1+ -> rho+ pi0              :     1 / 4704 =  0.02%
 --- rho0 -> pi+ pi-               :     8 / 4704 =  0.17%
 -- bkg / total:    318 / 4704 = ( 6.76 + 0.38 - 0.36)%
 -- sig / total:   4386 / 4704 = (93.24 + 0.36 - 0.38)%

 -- eta bin 1
 --- D0 -> K*- nu_mu mu+           :     2 / 945 =  0.21%
 --- D0 -> K*- rho+                :     2 / 945 =  0.21%
 --- D0 -> K+ K_S0 pi-             :     3 / 945 =  0.32%
 --- D0 -> K+ pi- K_L0             :     1 / 945 =  0.11%
 --- D0 -> K+ pi- pi0              :     1 / 945 =  0.11%
 --- D0 -> K- pi+                  :   842 / 945 = 89.10%
 --- D0 -> K- pi+ pi0              :     2 / 945 =  0.21%
 --- D0 -> K_S0 pi+ pi+ pi- pi-    :     1 / 945 =  0.11%
 --- D0 -> K_S0 pi+ pi-            :    20 / 945 =  2.12%
 --- D0 -> K_S0 pi+ pi- pi0        :     2 / 945 =  0.21%
 --- D0 -> a_1+ K-                 :     1 / 945 =  0.11%
 --- D0 -> pi+ pi+ pi- pi-         :     3 / 945 =  0.32%
 --- D0 -> pi+ pi- K_L0            :    23 / 945 =  2.43%
 --- D0 -> pi+ pi- pi0             :     1 / 945 =  0.11%
 --- D0 -> pi+ pi- pi0 pi0         :     4 / 945 =  0.42%
 --- D0 -> pi- nu_mu mu+           :     3 / 945 =  0.32%
 --- D0 -> rho+ pi-                :    17 / 945 =  1.80%
 --- D0 -> rho- pi+                :     5 / 945 =  0.53%
 --- rho0 -> pi+ pi-               :    12 / 945 =  1.27%
 -- bkg / total:    103 / 945 = (10.90 + 1.06 - 0.97)%
 -- sig / total:    842 / 945 = (89.10 + 0.97 - 1.06)%

 - p bin 2
 -- eta bin 0
 --- D0 -> K*+ pi-                 :     1 / 2887 =  0.03%
 --- D0 -> K*- rho+                :     1 / 2887 =  0.03%
 --- D0 -> K+ K-                   :     3 / 2887 =  0.10%
 --- D0 -> K+ pi-                  :     1 / 2887 =  0.03%
 --- D0 -> K+ pi- K_L0             :     1 / 2887 =  0.03%
 --- D0 -> K- nu_e e+              :     1 / 2887 =  0.03%
 --- D0 -> K- nu_mu mu+            :     2 / 2887 =  0.07%
 --- D0 -> K- pi+                  :  2768 / 2887 = 95.88%
 --- D0 -> K_S0 pi+ pi-            :     4 / 2887 =  0.14%
 --- D0 -> pi+ pi+ pi- pi-         :     3 / 2887 =  0.10%
 --- D0 -> pi+ pi-                 :     7 / 2887 =  0.24%
 --- D0 -> pi+ pi- K_L0            :     4 / 2887 =  0.14%
 --- D0 -> pi+ pi- pi0             :     2 / 2887 =  0.07%
 --- D0 -> pi+ pi- pi0 pi0         :     1 / 2887 =  0.03%
 --- D0 -> pi- nu_e e+             :     1 / 2887 =  0.03%
 --- D0 -> pi- nu_mu mu+           :     7 / 2887 =  0.24%
 --- D0 -> rho+ pi-                :    36 / 2887 =  1.25%
 --- D0 -> rho- pi+                :    44 / 2887 =  1.52%
 -- bkg / total:    119 / 2887 = ( 4.12 + 0.39 - 0.35)%
 -- sig / total:   2768 / 2887 = (95.88 + 0.35 - 0.39)%

 -- eta bin 1
 --- D0 -> K*- rho+                :     1 / 957 =  0.10%
 --- D0 -> K+ K- pi+ pi-           :     1 / 957 =  0.10%
 --- D0 -> K+ pi- K_L0             :     1 / 957 =  0.10%
 --- D0 -> K- nu_mu mu+            :     1 / 957 =  0.10%
 --- D0 -> K- pi+                  :   893 / 957 = 93.31%
 --- D0 -> K- pi+ pi+ pi-          :     1 / 957 =  0.10%
 --- D0 -> K- pi+ pi0              :     1 / 957 =  0.10%
 --- D0 -> K_S0 pi+ pi-            :     6 / 957 =  0.63%
 --- D0 -> K_S0 pi+ pi- pi0        :     1 / 957 =  0.10%
 --- D0 -> pi+ pi+ pi- pi-         :     2 / 957 =  0.21%
 --- D0 -> pi+ pi- K_L0            :    10 / 957 =  1.04%
 --- D0 -> pi+ pi- K_L0 pi0        :     1 / 957 =  0.10%
 --- D0 -> pi- nu_mu mu+           :     2 / 957 =  0.21%
 --- D0 -> rho+ pi-                :    20 / 957 =  2.09%
 --- D0 -> rho- pi+                :    15 / 957 =  1.57%
 --- rho0 -> pi+ pi-               :     1 / 957 =  0.10%
 -- bkg / total:     64 / 957 = ( 6.69 + 0.85 - 0.76)%
 -- sig / total:    893 / 957 = (93.31 + 0.76 - 0.85)%

 - p bin 3
 -- eta bin 0
 --- D0 -> K+ K-                   :    12 / 3025 =  0.40%
 --- D0 -> K+ pi-                  :     1 / 3025 =  0.03%
 --- D0 -> K- nu_mu mu+            :     6 / 3025 =  0.20%
 --- D0 -> K- pi+                  :  2955 / 3025 = 97.69%
 --- D0 -> pi+ pi-                 :    17 / 3025 =  0.56%
 --- D0 -> pi- nu_mu mu+           :    10 / 3025 =  0.33%
 --- D0 -> rho+ pi-                :    11 / 3025 =  0.36%
 --- D0 -> rho- pi+                :    13 / 3025 =  0.43%
 -- bkg / total:     70 / 3025 = ( 2.31 + 0.29 - 0.26)%
 -- sig / total:   2955 / 3025 = (97.69 + 0.26 - 0.29)%

 -- eta bin 1
 --- D0 -> K+ K-                   :     1 / 1143 =  0.09%
 --- D0 -> K+ pi- K_L0             :     1 / 1143 =  0.09%
 --- D0 -> K- nu_e e+              :     1 / 1143 =  0.09%
 --- D0 -> K- nu_mu mu+            :     3 / 1143 =  0.26%
 --- D0 -> K- pi+                  :  1105 / 1143 = 96.68%
 --- D0 -> K- pi+ pi0              :     1 / 1143 =  0.09%
 --- D0 -> K_S0 pi+ pi-            :     4 / 1143 =  0.35%
 --- D0 -> pi+ pi-                 :     2 / 1143 =  0.17%
 --- D0 -> pi+ pi- K_L0            :     1 / 1143 =  0.09%
 --- D0 -> pi+ pi- pi0             :     1 / 1143 =  0.09%
 --- D0 -> pi- nu_e e+             :     1 / 1143 =  0.09%
 --- D0 -> pi- nu_mu mu+           :     6 / 1143 =  0.52%
 --- D0 -> rho+ pi-                :    10 / 1143 =  0.87%
 --- D0 -> rho- pi+                :     6 / 1143 =  0.52%
 -- bkg / total:     38 / 1143 = ( 3.32 + 0.57 - 0.49)%
 -- sig / total:   1105 / 1143 = (96.68 + 0.49 - 0.57)%

 - p bin 4
 -- eta bin 0
 --- D0 -> K+ K-                   :     5 / 2000 =  0.25%
 --- D0 -> K- nu_e e+              :     2 / 2000 =  0.10%
 --- D0 -> K- nu_mu mu+            :     8 / 2000 =  0.40%
 --- D0 -> K- pi+                  :  1974 / 2000 = 98.70%
 --- D0 -> pi+ pi-                 :     4 / 2000 =  0.20%
 --- D0 -> pi- nu_mu mu+           :     4 / 2000 =  0.20%
 --- D0 -> rho+ pi-                :     3 / 2000 =  0.15%
 -- bkg / total:     26 / 2000 = ( 1.30 + 0.28 - 0.23)%
 -- sig / total:   1974 / 2000 = (98.70 + 0.23 - 0.28)%

 -- eta bin 1
 --- D0 -> K+ K-                   :     2 / 1460 =  0.14%
 --- D0 -> K- nu_mu mu+            :     4 / 1460 =  0.27%
 --- D0 -> K- pi+                  :  1438 / 1460 = 98.49%
 --- D0 -> pi+ pi- K_L0            :     1 / 1460 =  0.07%
 --- D0 -> pi- nu_mu mu+           :     1 / 1460 =  0.07%
 --- D0 -> rho+ pi-                :    11 / 1460 =  0.75%
 --- D0 -> rho- pi+                :     3 / 1460 =  0.21%
 -- bkg / total:     22 / 1460 = ( 1.51 + 0.35 - 0.29)%
 -- sig / total:   1438 / 1460 = (98.49 + 0.29 - 0.35)%

 - p bin 5
 -- eta bin 0
 --- D0 -> K- nu_mu mu+            :     2 / 230 =  0.87%
 --- D0 -> K- pi+                  :   224 / 230 = 97.39%
 --- D0 -> K- pi+ pi0              :     1 / 230 =  0.43%
 --- D0 -> pi- nu_mu mu+           :     1 / 230 =  0.43%
 --- D0 -> rho+ pi-                :     1 / 230 =  0.43%
 --- D0 -> rho- pi+                :     1 / 230 =  0.43%
 -- bkg / total:      6 / 230 = ( 2.61 + 1.27 - 0.86)%
 -- sig / total:    224 / 230 = (97.39 + 0.86 - 1.27)%

 -- eta bin 1
 --- D0 -> K- pi+                  :   549 / 553 = 99.28%
 --- D0 -> pi+ pi-                 :     1 / 553 =  0.18%
 --- D0 -> pi- nu_mu mu+           :     2 / 553 =  0.36%
 --- D0 -> rho- pi+                :     1 / 553 =  0.18%
 -- bkg / total:      4 / 553 = ( 0.72 + 0.46 - 0.28)%
 -- sig / total:    549 / 553 = (99.28 + 0.28 - 0.46)%

